,Geographic Identifier - FIPS Code,Area of Land (Square Meters),Area of Water (Square Meters),Name,State,County,Total Population,Total Population - Margin of Error,Male Population,Male Population - Margin of Error,Males Under 5 Years,Males Under 5 Years - Margin of Error,Males 5 to 9 Years,Males 5 to 9 Years - Margin of Error,Males 10 to 14 Years,Males 10 to 14 Years - Margin of Error,Males 15 to 17 Years,Males 15 to 17 Years - Margin of Error,Males 18 to 19 Years,Males 18 to 19 Years - Margin of Error,Males 20 Years,Males 20 Years - Margin of Error,Males 21 Years,Males 21 Years - Margin of Error,Males 22 to 24 Years,Males 22 to 24 Years - Margin of Error,Males 25 to 29 Years,Males 25 to 29 Years - Margin of Error,Males 30 to 34 Years,Males 30 to 34 Years - Margin of Error,Males 35 to 39 Years,Males 35 to 39 Years - Margin of Error,Males 40 to 44 Years,Males 40 to 44 Years - Margin of Error,Males 45 to 49 Years,Males 45 to 49 Years - Margin of Error,Males 50 to 54 Years,Males 50 to 54 Years - Margin of Error,Males 55 to 59 Years,Males 55 to 59 Years - Margin of Error,Males 60 and 61 Years,Males 60 and 61 Years - Margin of Error,Males 62 to 64 Years,Males 62 to 64 Years - Margin of Error,Males 65 and 66 Years,Males 65 and 66 Years - Margin of Error,Males 67 to 69 Years,Males 67 to 69 Years - Margin of Error,Males 70 to 74 Years,Males 70 to 74 Years - Margin of Error,Males 75 to 79 Years,Males 75 to 79 Years - Margin of Error,Males 80 to 84 Years,Males 80 to 84 Years - Margin of Error,Males 85 Years and Over,Males 85 Years and Over - Margin of Error,Female Population,Female Population - Margin of Error,Females Under 5 Years,Females Under 5 Years - Margin of Error,Females 5 to 9 Years,Females 5 to 9 Years - Margin of Error,Females 10 to 14 Years,Females 10 to 14 Years - Margin of Error,Females 15 to 17 Years,Females 15 to 17 Years - Margin of Error,Females 18 to 19 Years,Females 18 to 19 Years - Margin of Error,Females 20 Years,Females 20 Years - Margin of Error,Females 21 Years,Females 21 Years - Margin of Error,Females 22 to 24 Years,Females 22 to 24 Years - Margin of Error,Females 25 to 29 Years,Females 25 to 29 Years - Margin of Error,Females 30 to 34 Years,Females 30 to 34 Years - Margin of Error,Females 35 to 39 Years,Females 35 to 39 Years - Margin of Error,Females 40 to 44 Years,Females 40 to 44 Years - Margin of Error,Females 45 to 49 Years,Females 45 to 49 Years - Margin of Error,Females 50 to 54 Years,Females 50 to 54 Years - Margin of Error,Females 55 to 59 Years,Females 55 to 59 Years - Margin of Error,Females 60 and 61 Years,Females 60 and 61 Years - Margin of Error,Females 62 to 64 Years,Females 62 to 64 Years - Margin of Error,Females 65 and 66 Years,Females 65 and 66 Years - Margin of Error,Females 67 to 69 Years,Females 67 to 69 Years - Margin of Error,Females 70 to 74 Years,Females 70 to 74 Years - Margin of Error,Females 75 to 79 Years,Females 75 to 79 Years - Margin of Error,Females 80 to 84 Years,Females 80 to 84 Years - Margin of Error,Females 85 Years and Over,Females 85 Years and Over - Margin of Error,Ratio of Males to Females,Ratio of Males to Females - Margin of Error,Population Less Than 18 Years,Population Less Than 18 Years - Margin of Error,Percent of Population that is Less Than 18 Years,Percent of Population that is Less Than 18 Years - Margin of Error,Population 65 Years and Over,Population 65 Years and Over - Margin of Error,Percent of Population that is 65 Years and Over,Percent of Population that is 65 Years and Over - Margin of Error,Population in Dependent Age Groups (under 18 and 65+),Population in Dependent Age Groups (under 18 and 65+) - Margin of Error,Percent of Population in Dependent Age Groups (under 18 and 65+),Percent of Population in Dependent Age Groups (under 18 and 65+) - Margin of Error,x,y,zip,tract
0,53033000300,1211013,0,Census Tract 3,Washington,King County,2845,372,1516,294,65,43,61,32,75,71,84,79,61,48,58,88,49,58,175,113,58,47,145,63,136,68,93,53,73,53,51,42,104,54,22,21,35,31,29,20,47,30,73,69,14,15,7,11,1,2,1329,196,82,48,34,31,41,23,44,40,20,25,54,54,0,13,109,122,39,34,126,64,113,56,77,35,154,61,162,94,82,45,16,18,51,59,10,15,39,26,35,26,21,22,7,10,13,16,114.1,14.3653238396845,486,140,17.1,4.38477041422574,296,94,10.4,3.01097606267382,782,169,27.5,4.72961584117823,,,98133,53033000300
1,53033000402,1798938,0,Census Tract 4.02,Washington,King County,5320,693,2424,308,138,99,68,76,160,117,72,81,14,22,99,106,0,18,119,112,215,94,148,118,313,129,70,60,248,112,76,58,141,80,12,21,57,53,75,82,45,42,59,55,121,134,54,43,120,107,2896,527,74,95,116,106,154,86,0,18,73,60,13,22,55,53,29,32,286,212,112,85,91,65,223,82,197,105,110,68,468,399,38,31,0,18,86,69,54,51,79,70,102,76,153,149,383,127,83.7,18.5772207817939,782,253,14.7,4.35313188881305,1331,315,25.0,4.94344050240584,2113,404,39.7,5.55881480648584,,,98133,53033000402
2,53033000500,2898252,953717,Census Tract 5,Washington,King County,3414,387,1759,283,170,99,131,95,122,76,94,57,22,19,0,13,0,13,8,13,59,47,52,32,86,67,61,37,123,60,196,114,123,51,16,18,35,28,70,45,127,72,117,47,63,38,17,19,67,49,1655,196,106,72,121,64,75,46,95,64,0,13,0,13,0,13,19,18,10,12,116,75,133,71,134,77,110,53,161,77,103,48,60,37,112,48,62,39,52,36,81,46,32,27,17,16,56,48,106.3,11.5742996347489,914,208,26.8,5.28292293030084,761,148,22.3,3.52255036360637,1675,255,49.1,4.98581580120103,,,98177,53033000500
3,53033000700,1294438,0,Census Tract 7,Washington,King County,5253,716,2674,469,31,36,129,111,102,92,18,30,88,86,60,72,30,49,288,205,263,137,433,158,169,108,173,87,193,75,311,181,38,32,0,18,77,54,77,106,60,39,87,84,47,58,0,18,0,18,2579,431,268,154,35,42,94,106,28,31,13,23,10,17,1,3,65,57,210,131,365,169,195,108,106,82,267,129,319,198,155,129,63,45,85,67,13,20,76,45,30,31,48,46,56,58,77,68,103.7,5.51945079348259,705,246,13.4,4.31097110339203,571,193,10.9,3.36210828522755,1276,313,24.3,4.95393978336684,,,98125,53033000700
4,53033000800,1141931,0,Census Tract 8,Washington,King County,2717,288,1350,181,64,44,70,37,68,50,14,19,10,15,22,25,8,11,112,50,134,89,74,35,132,94,148,61,73,45,67,39,95,41,21,25,95,45,9,14,18,24,74,34,11,18,21,21,10,15,1367,175,46,33,65,39,109,47,25,27,28,40,0,13,13,23,56,31,75,68,86,48,105,72,128,54,90,60,54,33,94,44,68,41,26,20,26,23,95,46,86,38,33,26,29,41,30,30,98.8,3.93462470403828,461,108,17.0,3.54481992079979,442,101,16.3,3.2931840281789,903,148,33.2,4.15463073179366,,,98125,53033000800
5,53033000900,1004853,1849039,Census Tract 9,Washington,King County,2111,228,1015,136,40,26,68,33,29,21,14,11,0,13,3,6,14,19,26,23,44,30,89,42,31,22,53,19,52,28,75,35,78,34,92,63,55,29,19,16,55,31,100,67,36,20,18,14,24,16,1096,123,49,28,49,30,21,17,45,26,9,10,10,13,6,9,19,23,70,36,72,32,37,24,76,42,54,24,68,31,125,63,39,23,41,18,18,16,42,28,126,69,50,25,18,14,52,39,92.6,6.77925647334688,315,71,14.9,2.9520547964353,558,121,26.4,4.97030567297752,873,140,41.4,4.90228121187128,,,98125,53033000900
6,53033001000,954203,0,Census Tract 10,Washington,King County,2059,238,1068,161,17,15,72,34,65,47,57,40,17,18,18,23,0,13,52,30,78,45,107,77,106,42,53,21,79,30,63,29,45,24,32,17,32,18,18,19,27,15,61,24,23,14,0,13,46,60,991,136,75,42,84,27,46,21,25,18,0,13,0,13,10,11,58,37,10,11,36,21,81,38,103,33,96,38,53,47,60,27,48,27,85,70,23,15,32,18,21,14,14,9,9,8,22,28,107.8,6.72315353519552,441,92,21.4,3.71960763207103,296,82,14.4,3.61927374206097,737,123,35.8,4.3090090282536,,,98125,53033001000
7,53033001100,1060685,0,Census Tract 11,Washington,King County,2707,332,1443,215,82,48,83,58,54,69,26,26,6,10,10,15,6,10,34,31,101,58,113,60,106,58,127,85,122,65,172,128,62,41,12,15,64,36,47,35,47,40,37,43,78,57,24,23,30,46,1264,173,32,27,70,55,68,35,46,39,59,45,0,13,0,13,34,34,70,40,106,65,118,52,131,70,111,62,82,42,68,36,69,45,35,27,30,39,28,27,0,13,49,49,46,38,12,17,114.2,6.72191980594471,461,133,17.0,4.44713633093544,428,131,15.8,4.43381100614596,889,187,32.8,5.61229513971024,,,98125,53033001100
8,53033001300,1180877,0,Census Tract 13,Washington,King County,4779,634,2115,311,89,66,15,22,22,35,20,31,14,24,0,13,78,84,52,57,253,166,286,133,285,117,242,133,89,59,142,85,63,58,64,60,70,59,0,13,139,100,64,74,105,64,23,29,0,13,2664,417,258,134,66,52,32,36,46,52,44,50,10,16,27,30,184,132,414,209,274,134,216,145,300,168,115,82,118,88,107,65,72,78,56,49,36,39,129,72,67,49,73,87,0,13,20,21,79.4,17.0506593321124,548,178,11.5,3.39981000334476,656,195,13.7,3.65145023947601,1204,264,25.2,4.39836993402933,,,98133,53033001300
9,53033001400,2152767,213389,Census Tract 14,Washington,King County,5190,669,2432,381,156,95,104,69,78,59,23,35,16,28,0,18,4,15,152,108,168,150,221,110,321,176,251,116,203,134,142,105,203,94,50,48,98,68,18,30,53,50,33,42,52,57,86,65,0,18,2758,466,43,45,222,128,143,108,77,51,20,34,0,18,0,18,38,63,380,252,287,128,257,156,355,146,187,103,127,74,132,99,33,39,71,52,62,53,121,61,52,50,96,84,16,26,39,40,88.2,20.317987679838,846,226,16.3,3.81405119695813,628,177,12.1,3.0328342974099,1474,287,28.4,4.14453333488598,,,98133,53033001400
10,53033001500,1167711,526885,Census Tract 15,Washington,King County,2795,359,1440,235,39,30,44,35,81,43,48,32,44,39,12,19,11,19,29,27,33,31,68,39,56,35,217,85,100,44,116,48,98,47,25,23,115,98,11,17,50,49,67,40,111,76,0,13,65,46,1355,171,41,37,34,23,84,41,37,39,33,27,0,13,0,13,7,12,61,69,95,61,60,37,119,44,120,62,76,41,130,52,1,6,136,129,51,60,60,45,95,67,22,21,66,46,27,26,106.3,10.9961416244807,408,100,14.6,3.0471822714554,625,160,22.4,4.95182848254694,1033,189,37.0,4.81564271329502,,,98117,53033001500
11,53033001600,2020358,320118,Census Tract 16,Washington,King County,4714,576,2342,289,158,54,128,69,170,84,104,58,50,37,30,27,0,13,36,42,66,45,92,48,249,135,181,62,193,71,288,166,188,73,45,40,61,32,44,30,32,24,104,59,50,32,57,31,16,18,2372,364,134,70,227,128,155,64,32,46,16,24,0,13,25,40,116,110,63,37,181,142,213,79,211,64,241,121,137,61,163,55,20,22,68,39,76,37,54,31,104,45,33,26,39,23,64,36,98.7,19.442650747274,1108,214,23.5,3.51571649621379,673,119,14.3,1.82468307180525,1781,245,37.8,2.38751854351215,,,98117,53033001600
12,53033001701,892768,0,Census Tract 17.01,Washington,King County,4244,621,1877,374,24,37,67,101,114,122,0,13,0,13,0,13,0,13,19,29,382,160,334,142,179,95,165,172,95,60,164,178,160,126,95,62,3,13,33,38,13,20,20,25,10,17,0,13,0,13,2367,494,161,198,12,20,57,89,72,74,56,90,10,17,0,13,141,98,636,258,290,148,304,161,97,62,105,68,122,102,88,72,47,39,47,39,11,18,41,32,14,24,0,13,45,41,11,25,79.3,22.8813687909711,507,282,11.9,6.41062366751484,198,87,4.7,1.93294560557628,705,295,16.6,6.5121419146471,,,98103,53033001701
13,53033001702,1280220,0,Census Tract 17.02,Washington,King County,5250,636,2916,502,257,149,83,59,39,57,92,82,23,38,37,52,37,51,40,60,422,332,316,161,449,190,213,120,143,145,140,73,108,68,136,107,58,50,48,51,102,83,116,61,0,18,16,28,41,43,2334,277,107,63,45,56,111,67,0,18,24,39,0,18,0,18,37,62,336,151,366,184,268,120,155,99,74,63,68,41,121,79,68,68,48,40,113,67,76,56,113,64,68,50,41,53,95,70,124.9,15.5803635879553,734,218,14.0,3.79126274894412,829,195,15.8,3.18382143726846,1563,292,29.8,4.23405839143898,,,98117,53033001702
14,53033001800,946085,0,Census Tract 18,Washington,King County,5027,638,2773,508,118,57,144,68,132,119,50,38,54,80,0,18,5,16,139,89,629,306,655,214,204,90,341,109,95,82,62,75,0,18,0,18,25,39,0,18,0,18,26,40,36,45,2,5,56,50,2254,308,78,58,83,67,41,49,31,37,49,48,43,66,46,49,123,117,514,257,558,156,150,76,153,62,140,89,35,53,22,27,29,33,56,54,19,32,0,18,32,43,0,18,0,18,52,49,123.0,15.011319280329,677,187,13.5,3.30399784356768,223,114,4.4,2.19675685817124,900,219,17.9,3.71698923070886,,,98103,53033001800
15,53033001900,1667272,0,Census Tract 19,Washington,King County,4958,388,2491,266,167,68,148,72,67,44,77,44,13,16,6,9,0,13,76,43,316,94,218,76,326,100,181,74,180,63,198,83,99,43,28,21,61,32,14,23,111,113,57,30,78,81,21,18,49,46,2467,230,60,43,106,55,56,36,66,36,37,36,25,30,40,43,181,128,429,107,233,83,185,71,185,66,153,57,132,55,65,39,31,25,59,32,21,32,136,112,51,37,40,26,64,34,112,65,101.0,5.25734094327448,747,145,15.1,2.6763565305381,754,210,15.2,4.06494125756897,1501,255,30.3,4.56502883310635,,,98115,53033001900
16,53033002000,1103313,28680,Census Tract 20,Washington,King County,4215,553,1998,421,85,47,101,50,101,67,76,43,51,43,5,8,28,32,66,62,76,52,266,210,145,55,140,59,151,53,186,265,150,54,31,28,91,41,50,27,31,27,118,45,18,17,0,13,32,49,2217,294,158,86,76,55,122,55,34,26,25,24,48,43,14,21,120,108,184,61,174,78,284,270,156,61,183,55,67,45,77,33,59,101,50,31,48,32,48,25,40,23,40,37,116,263,94,161,90.1,14.7571933796172,753,159,17.9,2.95572324633719,635,324,15.1,7.42837273907292,1388,361,32.9,7.39511749946507,,,98115,53033002000
17,53033002100,1365468,0,Census Tract 21,Washington,King County,4611,537,2404,371,180,68,96,61,115,88,115,88,34,32,75,59,3,8,160,187,202,89,210,77,143,63,196,93,111,65,130,70,296,177,11,19,92,50,11,19,68,59,57,44,23,31,24,28,52,68,2207,280,179,85,102,51,91,56,5,8,35,28,0,13,0,13,95,71,144,87,314,103,143,83,100,65,174,71,270,182,97,56,38,36,84,48,25,30,42,32,94,57,82,41,15,22,78,80,108.9,9.57112877772405,883,192,19.1,3.51634954683851,571,161,12.4,3.1798951003488,1454,251,31.5,4.01812348443189,,,98115,53033002100
18,53033002200,2804076,1154953,Census Tract 22,Washington,King County,5949,634,3151,348,164,66,225,120,210,105,109,70,119,104,8,12,12,20,138,118,186,126,125,83,226,70,186,79,341,141,169,80,99,48,226,154,74,57,97,119,57,47,113,58,98,57,137,88,32,33,2798,406,178,120,258,191,76,43,85,87,11,12,0,18,36,57,18,26,103,60,187,84,183,81,319,124,209,109,155,64,194,118,58,48,132,115,40,37,50,42,172,91,128,77,104,52,102,61,112.6,20.5357992584975,1305,308,21.9,4.61946268499663,1130,236,19.0,3.41169005565021,2435,388,40.9,4.84866191469459,,,98115,53033002200
19,53033002400,962528,0,Census Tract 24,Washington,King County,3179,384,1651,259,111,51,93,51,70,49,84,51,31,29,0,13,19,30,0,13,94,69,110,60,77,81,143,57,78,46,145,55,248,227,39,30,125,98,34,26,38,28,44,33,29,27,22,24,17,18,1528,207,38,33,125,63,75,40,50,34,5,8,0,13,0,13,31,35,82,48,165,88,66,46,156,54,61,38,116,47,174,106,52,73,66,39,59,33,58,34,65,37,33,35,24,23,27,25,108.0,8.54700044393504,646,134,20.3,3.42672952554148,450,101,14.2,2.67774396054002,1096,168,34.5,3.253453741366,,,98115,53033002400
20,53033002500,984334,0,Census Tract 25,Washington,King County,3466,467,1734,323,21,22,224,188,130,67,15,23,0,13,0,13,0,13,24,25,181,100,187,68,193,116,129,57,140,50,109,55,112,48,51,59,28,23,48,24,45,34,62,32,23,17,5,8,7,12,1732,241,60,36,114,51,94,44,11,17,8,13,62,77,0,13,105,85,297,115,65,46,164,101,148,45,78,38,120,52,109,68,26,24,38,31,22,19,51,32,77,40,46,28,16,17,21,18,100.1,12.3984531019418,669,217,19.3,5.6951167878621,423,87,12.2,1.89647896187188,1092,234,31.5,5.24972508128752,,,98115,53033002500
21,53033002600,1216627,28175,Census Tract 26,Washington,King County,5219,678,2750,435,127,60,103,55,78,51,115,64,50,55,8,13,24,27,81,62,330,216,261,124,135,57,342,280,258,105,242,89,213,117,21,24,70,51,95,60,36,31,105,61,32,32,16,22,8,13,2469,372,159,83,159,94,212,105,112,74,4,8,19,23,11,18,184,118,273,195,161,73,159,64,149,56,145,74,168,75,253,96,37,34,44,35,30,26,70,31,54,48,20,24,17,26,29,45,111.4,5.36546707435904,1065,213,20.4,3.10304601928611,512,131,9.8,2.16244271138455,1577,250,30.2,2.74535026628984,,,98115,53033002600
22,53033002700,1584847,0,Census Tract 27,Washington,King County,5966,748,2986,366,277,126,134,65,63,61,33,32,9,15,13,20,0,18,130,101,300,177,263,166,282,120,411,140,95,64,219,113,150,85,93,92,88,56,121,100,87,53,134,90,28,32,36,47,20,33,2980,508,275,109,310,220,154,84,0,18,0,18,15,25,59,56,189,124,202,102,240,125,320,119,190,81,148,131,85,55,238,135,66,72,126,70,74,69,79,53,164,83,16,26,15,25,15,23,100.2,21.038428091668,1246,304,20.9,4.37126779283613,789,204,13.2,2.99045519801542,2035,366,34.1,4.39840236300318,,,98103,53033002700
23,53033002800,988287,0,Census Tract 28,Washington,King County,4805,603,2481,418,155,169,104,71,109,71,109,105,13,21,53,77,0,13,49,49,256,124,518,162,204,92,135,84,192,82,222,132,92,51,0,13,12,20,15,19,76,45,35,35,93,140,15,26,24,27,2324,311,136,71,90,54,103,61,0,13,11,19,0,13,0,13,0,13,318,198,208,110,383,209,207,108,213,91,173,111,130,110,12,18,77,60,40,37,62,40,111,75,39,38,0,13,11,17,106.8,10.9275199644689,806,248,16.8,4.71249593384316,521,187,10.8,3.64614760509729,1327,311,27.6,5.46631715269306,,,98103,53033002800
24,53033002900,986209,0,Census Tract 29,Washington,King County,4764,543,2335,323,181,103,133,71,191,109,13,21,4,7,15,24,0,13,74,71,147,97,204,83,117,53,215,96,228,85,215,163,165,80,144,189,87,76,27,32,47,41,107,63,11,17,0,13,10,16,2429,303,88,52,196,99,156,90,52,49,42,47,46,61,32,38,12,18,131,87,158,73,192,77,330,121,240,86,283,171,80,70,31,31,86,57,26,30,50,40,146,74,43,39,0,13,9,15,96.1,5.74724880599243,1010,226,21.2,4.08233756649201,476,131,10.0,2.50287547387082,1486,261,31.2,4.16831490092475,,,98117,53033002900
25,53033003000,1493249,0,Census Tract 30,Washington,King County,6343,609,3177,418,154,96,239,98,252,112,59,48,39,38,22,36,31,36,108,88,269,105,285,175,312,110,303,98,316,144,238,96,107,70,35,31,143,72,52,47,57,53,121,95,0,18,33,35,2,6,3166,356,111,66,186,78,172,75,197,125,47,45,0,18,40,42,70,61,265,162,240,130,192,86,283,93,349,152,292,119,311,102,52,44,68,44,73,51,81,73,26,32,16,21,56,73,39,42,100.3,6.85529732029832,1370,256,21.6,3.46245169794852,556,179,8.8,2.69359452922551,1926,312,30.4,3.96177537892417,,,98117,53033003000
26,53033003100,2236733,472744,Census Tract 31,Washington,King County,6866,813,3305,439,158,97,211,101,349,175,120,64,29,34,16,25,63,72,100,98,71,47,193,88,402,188,246,92,253,120,311,161,234,103,132,108,127,122,0,18,188,118,18,29,38,45,19,30,27,36,3561,479,376,139,111,55,168,94,148,175,0,18,0,18,15,25,85,78,113,68,182,76,374,141,303,83,306,169,250,113,77,55,110,68,216,122,80,53,115,65,276,131,64,53,151,115,41,54,92.8,17.5452682484825,1641,341,23.9,4.08130497778879,1017,250,14.8,3.19087403633724,2658,423,38.7,4.11618181922604,,,98117,53033003100
27,53033003400,787161,0,Census Tract 34,Washington,King County,3652,421,1800,244,189,101,96,47,76,47,74,70,20,33,0,13,30,37,56,48,116,72,199,81,134,53,86,40,185,109,105,51,100,57,72,64,16,19,39,27,119,69,53,27,14,17,11,16,10,17,1852,224,86,49,131,88,125,69,7,12,0,13,7,11,8,12,74,52,98,52,174,74,193,79,148,74,196,117,153,62,91,49,52,30,57,46,39,27,95,51,47,32,22,21,4,6,45,31,97.2,5.94886904454603,784,186,21.5,4.45141860088673,498,113,13.6,2.66512448374782,1282,218,35.1,4.38823095752637,,,98107,53033003400
28,53033003500,1284745,0,Census Tract 35,Washington,King County,4253,332,2002,212,98,49,93,55,87,41,26,26,34,35,15,17,0,13,43,29,250,97,174,80,206,60,131,48,150,58,104,51,111,48,35,23,79,39,54,46,128,76,106,47,50,33,21,30,7,10,2251,223,57,33,195,61,120,53,47,36,25,29,9,14,33,41,53,58,206,64,145,59,258,66,149,59,193,57,124,63,61,36,55,35,108,48,59,33,104,41,19,20,62,35,44,29,125,122,88.9,3.32690290230807,723,129,17.0,2.72744741172859,779,180,18.3,3.98346606550169,1502,221,35.3,4.40471342364584,,,98103,53033003500
29,53033003800,624606,0,Census Tract 38,Washington,King County,2481,315,1305,228,50,28,108,54,66,40,26,18,19,19,8,12,0,13,67,39,275,220,174,78,68,38,88,30,83,32,63,38,64,55,9,14,22,20,28,23,15,15,43,30,12,13,5,10,12,13,1176,185,38,27,79,33,104,46,49,51,0,13,29,25,0,13,70,52,177,73,113,49,69,32,81,33,90,35,41,26,72,37,10,14,39,29,17,17,47,30,25,19,6,8,14,17,6,9,111.0,8.43451404648987,520,110,21.0,3.54629873964579,230,64,9.3,2.29542574817804,750,127,30.2,3.38703812894321,,,98115,53033003800
30,53033003900,973808,0,Census Tract 39,Washington,King County,3137,460,1507,196,79,44,84,47,148,65,40,27,10,12,0,13,6,11,133,66,113,60,76,38,46,33,141,56,122,70,179,108,55,41,42,27,49,29,12,15,57,32,38,27,29,29,14,16,34,23,1630,322,38,30,131,54,142,53,181,170,0,13,14,14,0,13,103,64,44,29,79,46,108,53,122,41,152,65,90,38,130,121,37,38,52,34,35,36,17,17,81,30,7,10,7,11,60,34,92.5,21.8668746882733,843,211,26.9,5.45100748733735,391,86,12.5,2.04332466256398,1234,228,39.3,4.42181528652658,,,98115,53033003900
31,53033004000,2574586,3232248,Census Tract 40,Washington,King County,3259,398,1631,268,24,26,69,88,229,92,77,85,38,42,33,40,23,26,60,52,43,36,82,68,72,76,105,70,79,54,236,117,191,134,11,17,36,26,33,24,41,40,79,58,29,20,12,11,29,27,1628,258,64,56,96,64,146,113,96,81,31,32,39,57,30,28,24,25,225,108,10,17,50,36,85,54,204,104,124,85,67,51,22,18,59,35,15,17,72,35,93,49,44,31,10,11,22,25,100.2,4.34968035338283,801,225,24.6,6.21733737788041,479,111,14.7,2.89459937884359,1280,251,39.3,6.02582268362552,,,98115,53033004000
32,53033004301,979236,0,Census Tract 43.01,Washington,King County,3681,461,1862,343,159,86,202,136,35,26,24,21,96,73,122,125,66,55,77,57,160,90,158,94,125,51,139,69,103,45,78,60,47,36,52,30,65,51,15,13,19,18,72,30,33,28,10,15,5,11,1819,255,140,74,127,69,55,29,44,44,70,61,149,118,21,29,146,97,171,67,108,46,141,59,138,68,62,39,12,15,84,48,17,17,107,58,32,29,24,25,71,42,42,39,12,19,46,30,102.4,12.2328743962737,786,200,21.4,4.729644564536,381,92,10.4,2.13688980725852,1167,220,31.7,4.46717851601555,,,98105,53033004301
33,53033004302,331137,0,Census Tract 43.02,Washington,King County,4445,794,2416,738,0,13,0,13,54,68,32,26,309,86,373,226,730,497,258,99,203,91,163,89,34,25,46,44,47,28,35,31,19,20,12,14,3,7,0,13,6,18,23,25,23,25,17,19,29,29,2029,440,22,26,26,28,0,13,26,28,278,113,166,111,388,163,325,215,250,165,214,122,43,36,77,58,33,32,5,16,10,14,0,13,0,13,8,14,9,15,44,47,39,19,9,15,57,29,119.1,25.6164703750749,160,90,3.6,1.91994211533868,264,84,5.9,1.56386217560907,424,123,9.5,2.18034026590873,,,98105,53033004302
34,53033004500,670997,0,Census Tract 45,Washington,King County,3474,662,1915,466,82,50,57,47,109,79,31,37,30,30,75,91,151,152,65,69,375,194,173,83,277,225,63,42,76,51,109,68,103,73,0,13,15,16,27,33,16,18,51,29,21,20,7,11,2,4,1559,320,71,61,54,34,33,23,85,36,9,14,143,130,128,138,36,39,278,212,140,61,85,46,58,39,153,75,137,73,15,20,8,13,11,10,8,12,25,21,62,31,6,10,14,15,0,13,122.8,16.0551550597201,522,138,15.0,2.75338518977746,239,70,6.9,1.53017230561989,761,155,21.9,1.5754926107707,,,98105,53033004500
35,53033004600,1552358,1033232,Census Tract 46,Washington,King County,3490,519,1736,281,125,86,48,36,86,45,42,31,16,19,0,13,9,14,11,16,195,110,205,69,246,141,72,37,86,48,112,47,105,45,65,41,44,35,67,43,124,95,35,28,26,21,9,14,8,12,1754,302,66,44,165,117,42,27,28,22,0,13,0,13,27,33,108,71,272,159,211,107,187,126,63,38,76,40,91,42,87,44,60,35,28,22,18,20,56,36,98,49,39,25,16,17,16,19,99.0,23.3892306149801,602,169,17.2,4.10717699817656,512,133,14.7,3.12461872189521,1114,215,31.9,3.92671098188549,,,98103,53033004600
36,53033004800,1278329,26886,Census Tract 48,Washington,King County,5039,605,2566,361,76,46,139,66,166,95,40,38,0,18,9,16,0,18,27,46,398,256,429,187,211,96,226,129,115,58,238,115,114,68,31,35,94,60,123,96,44,44,31,39,41,38,14,23,0,18,2473,455,166,112,51,51,78,44,59,71,10,17,27,41,0,18,84,57,451,370,326,120,239,84,316,159,196,93,169,89,50,48,40,38,29,33,28,32,43,43,68,49,0,18,28,32,15,25,103.8,24.0321228671333,775,198,15.4,3.46842016075507,435,149,8.6,2.76933275698946,1210,248,24.0,3.98877015687167,,,98107,53033004800
37,53033005000,757380,0,Census Tract 50,Washington,King County,4357,544,1808,320,81,50,96,64,105,81,16,25,0,13,4,9,0,13,38,33,225,111,456,282,128,95,87,66,187,89,54,49,147,99,0,13,23,33,0,13,52,53,58,44,0,13,34,38,17,27,2549,476,48,44,44,40,76,55,87,92,0,13,0,13,14,22,263,220,817,266,294,95,239,185,165,65,111,87,116,57,87,93,0,13,27,42,0,13,34,40,16,24,13,22,8,18,90,49,70.9,18.2494550014075,553,170,12.7,3.5654582195515,322,113,7.4,2.42382660381761,875,204,20.1,3.95410697622853,,,98103,53033005000
38,53033005100,881731,0,Census Tract 51,Washington,King County,3831,439,1685,190,57,33,111,38,86,43,16,17,51,65,9,13,0,13,27,28,120,55,254,75,174,53,116,65,79,31,228,77,95,43,29,24,60,39,35,27,50,33,15,19,73,39,0,13,0,13,2146,334,214,96,90,56,78,42,106,80,32,33,20,20,0,13,62,53,269,77,203,84,178,96,144,60,94,43,226,89,75,37,100,88,57,33,26,29,59,34,63,32,44,33,0,13,6,10,78.5,15.090622591959,758,159,19.8,3.47631491473398,371,92,9.7,2.12967980254512,1129,184,29.5,3.41522805199956,,,98103,53033005100
39,53033005600,3022785,1546484,Census Tract 56,Washington,King County,7076,744,3371,449,219,148,327,159,277,129,43,45,14,22,0,18,0,18,14,24,59,52,80,48,280,124,307,94,446,157,298,209,250,125,100,92,49,49,66,59,67,51,181,73,197,106,55,49,42,47,3705,380,220,102,283,93,294,150,99,68,32,52,17,27,0,18,11,17,28,30,77,45,229,97,414,136,377,110,264,174,311,124,90,69,91,64,96,57,194,140,252,133,106,67,143,76,77,66,91.0,7.73185704650686,1762,335,24.9,3.94445664201369,1476,287,20.9,3.41183183908565,3238,441,45.8,3.96133069401845,,,98199,53033005600
40,53033005700,5085640,2365806,Census Tract 57,Washington,King County,6597,723,3232,507,205,96,215,91,157,76,67,50,40,66,36,36,11,19,58,40,98,66,440,403,320,118,237,107,325,146,137,97,296,112,85,61,63,56,70,73,71,54,236,108,65,51,0,18,0,18,3365,475,387,195,155,83,287,157,55,68,30,33,24,27,0,18,41,39,63,51,411,234,234,106,270,95,338,137,111,62,222,97,123,63,118,87,63,63,120,75,111,66,136,87,0,18,66,105,96.0,6.57204168078177,1528,316,23.2,4.06213082409343,938,237,14.2,3.23698811562896,2466,395,37.4,4.36665973429929,,,98199,53033005700
41,53033005801,1822365,260223,Census Tract 58.01,Washington,King County,6288,763,3551,473,191,114,229,131,48,44,58,47,0,18,0,18,17,27,132,94,641,219,528,225,655,310,141,74,183,73,131,65,134,76,32,53,66,52,58,56,76,56,138,131,8,13,35,38,50,61,2737,415,68,52,37,37,69,50,15,21,9,15,0,18,16,26,126,89,505,174,418,182,495,256,173,73,191,76,177,83,32,42,18,28,168,148,18,28,120,70,18,28,13,23,26,32,25,25,129.7,26.1848381599594,715,203,11.4,2.91866881984146,585,193,9.3,2.85419409533664,1300,280,20.7,3.67901444543738,,,98199,53033005801
42,53033006000,1340653,160754,Census Tract 60,Washington,King County,6180,711,3166,578,140,112,85,49,80,71,49,39,28,40,23,28,21,29,100,86,615,257,288,151,610,414,229,159,146,78,233,114,77,53,19,23,77,52,59,41,20,26,123,63,68,48,0,18,76,49,3014,389,154,86,22,28,154,96,31,28,45,30,72,77,125,158,89,60,461,156,488,238,107,63,208,115,190,132,223,71,141,75,31,34,153,92,58,51,94,68,55,54,46,43,17,26,50,37,105.0,13.5632924880393,715,199,11.6,2.93207903406408,666,159,10.8,2.25436638443987,1381,255,22.3,3.22739476224144,,,98109,53033006000
43,53033006100,1227451,652743,Census Tract 61,Washington,King County,5658,673,2777,423,86,55,64,42,143,138,32,36,0,18,0,18,0,18,108,78,323,119,495,172,195,121,471,193,218,89,105,84,114,66,55,48,77,82,57,48,65,46,32,33,54,43,61,56,22,36,2881,383,99,52,62,70,79,71,43,49,0,18,10,19,0,18,124,97,457,146,512,175,224,119,209,110,349,191,144,94,78,49,81,58,24,28,45,38,95,53,113,65,72,50,25,28,36,42,96.4,7.16740864128223,608,200,10.7,3.29563170152004,677,159,12.0,2.42311861667166,1285,256,22.7,3.62960463917922,,,98102,53033006100
44,53033006200,2437426,239356,Census Tract 62,Washington,King County,4266,479,2180,270,88,49,120,70,76,47,31,24,61,41,17,20,8,14,139,125,198,161,167,68,75,36,186,82,205,89,162,69,134,55,71,46,42,29,37,23,70,40,203,91,75,54,15,13,0,13,2086,288,125,58,101,44,146,99,32,27,22,23,25,21,0,13,15,17,280,165,59,33,84,38,186,63,158,63,138,110,165,58,107,54,123,57,31,25,96,45,92,48,32,23,35,29,34,41,104.5,19.3833247296378,719,161,16.9,3.26526300364736,720,147,16.9,2.87794733010301,1439,218,33.7,3.43053740217355,,,98112,53033006200
45,53033006300,2610569,3533560,Census Tract 63,Washington,King County,5724,739,2817,389,130,109,168,101,197,99,312,349,13,21,0,18,16,24,12,21,158,107,128,73,376,158,140,102,289,130,161,104,47,51,94,61,163,92,89,60,108,60,86,52,51,39,36,34,43,40,2907,432,102,86,172,157,179,130,80,74,65,76,0,18,0,18,67,56,123,69,109,87,355,107,123,76,181,97,378,341,283,103,27,32,60,50,76,49,79,50,174,87,105,67,81,48,88,59,96.9,19.6581173916625,1340,456,23.4,7.37086276768686,1016,192,17.7,2.44946534209252,2356,495,41.2,6.82246047824402,,,98112,53033006300
46,53033006400,903649,0,Census Tract 64,Washington,King County,3632,480,1788,259,108,66,96,39,67,34,78,54,27,20,0,13,0,13,22,25,173,77,101,50,90,48,73,41,203,133,172,65,93,56,44,36,31,28,39,44,88,84,189,168,80,56,14,15,0,13,1844,347,104,81,50,41,111,42,108,64,41,38,95,113,35,47,73,50,202,145,171,70,85,38,77,44,124,36,108,50,168,104,0,13,73,55,10,15,15,17,121,52,52,29,0,13,21,24,97.0,23.0261928101349,722,155,19.9,3.36312551006134,629,213,17.3,5.39947945200826,1351,263,37.2,5.31681706928574,,,98112,53033006400
47,53033006500,1147619,0,Census Tract 65,Washington,King County,4815,649,2658,457,76,48,52,38,91,86,0,13,20,35,0,13,0,13,140,87,405,201,446,251,348,226,260,78,209,100,105,66,146,75,42,57,26,29,17,23,39,39,114,63,76,64,33,32,13,21,2157,341,61,42,94,71,36,33,0,13,4,13,11,18,0,13,103,80,223,106,441,216,206,163,221,74,133,89,55,39,200,76,57,51,7,12,17,29,58,44,135,80,41,39,40,44,14,21,123.2,8.32924769487689,410,139,8.5,2.64885304645537,597,157,12.4,2.7998060971303,1007,210,20.9,3.32795541537342,,,98102,53033006500
48,53033006600,1117109,831139,Census Tract 66,Washington,King County,4334,493,2156,351,34,53,12,19,29,27,29,45,0,13,0,13,0,13,83,68,867,269,371,163,201,107,112,95,100,84,76,55,35,42,84,95,26,43,0,13,9,16,43,32,33,37,12,20,0,13,2178,296,28,44,12,20,67,40,31,32,0,13,30,48,0,13,209,103,618,203,372,159,204,120,174,86,114,85,95,91,40,47,26,42,48,38,14,25,65,70,31,29,0,13,0,13,0,13,99.0,8.87288065938139,242,104,5.6,2.31404351781418,207,101,4.8,2.26619494185367,449,145,10.4,3.13121851581281,,,98102,53033006600
49,53033006800,718106,0,Census Tract 68,Washington,King County,3307,374,1511,232,10,11,180,65,88,45,28,25,0,13,0,13,0,13,8,13,238,87,114,45,115,50,128,59,52,31,136,69,135,137,53,42,50,39,35,33,25,24,67,79,34,22,0,13,15,17,1796,232,99,72,121,69,124,59,24,28,24,26,8,15,0,13,168,140,137,64,115,61,98,48,184,71,194,67,93,46,91,63,9,14,56,39,5,9,95,83,65,46,49,27,13,15,24,22,84.1,6.98256275702392,674,146,20.4,3.76540966941572,427,139,12.9,3.94139149154216,1101,202,33.3,4.80977013470809,,,98109,53033006800
50,53033006900,905121,0,Census Tract 69,Washington,King County,4898,679,2259,377,231,230,101,55,122,75,13,31,64,73,0,13,0,13,74,67,123,67,217,97,166,79,297,163,193,79,156,87,146,92,63,48,8,14,41,38,47,60,100,56,52,41,27,31,18,28,2639,373,74,49,176,149,141,96,100,77,20,36,13,20,0,13,160,122,247,121,411,123,185,133,238,102,238,120,167,85,68,51,23,26,31,37,40,38,103,87,87,54,48,35,26,29,43,40,85.6,7.59591897724093,958,320,19.6,5.94406454019069,632,165,12.9,2.85458685337727,1590,360,32.5,5.81119873421808,,,98119,53033006900
51,53033007600,571882,0,Census Tract 76,Washington,King County,4723,660,2241,390,22,27,98,98,78,121,0,13,109,87,47,68,63,81,171,110,246,120,379,120,147,93,181,87,148,152,95,51,155,91,42,52,32,29,111,78,23,29,28,35,10,22,17,26,39,61,2482,422,105,112,126,162,13,22,129,196,27,30,19,22,0,13,183,158,349,141,394,163,202,96,240,117,130,147,159,90,97,77,64,58,46,35,25,31,41,45,45,43,16,28,18,29,54,42,90.3,3.35173312450909,571,321,12.1,6.58320303360133,427,146,9.0,2.82129717911071,998,353,21.1,6.86603295062199,,,98112,53033007600
52,53033007700,1058322,0,Census Tract 77,Washington,King County,5759,652,2873,531,121,87,4,10,136,96,87,60,0,18,98,109,132,185,106,105,416,184,367,131,277,164,201,91,227,94,255,123,94,68,47,49,71,55,90,75,31,45,78,66,30,47,0,18,5,10,2886,405,158,98,91,56,164,105,67,103,21,33,0,18,26,42,202,139,295,121,413,171,215,122,185,100,216,123,114,77,144,99,35,34,167,106,116,94,16,25,123,92,81,62,0,18,37,43,99.5,11.9735988384572,828,234,14.4,3.72291769153659,607,196,10.5,3.18731900895733,1435,305,24.9,4.48219928017283,,,98112,53033007700
53,53033007800,2097740,3632914,Census Tract 78,Washington,King County,5898,627,2611,414,51,54,233,123,141,70,146,84,51,61,19,31,16,26,201,198,80,77,151,83,269,130,146,73,300,109,142,89,121,109,84,59,71,60,49,49,67,57,164,84,63,45,31,35,15,25,3287,474,107,102,130,76,105,62,121,102,184,115,0,18,0,18,178,144,419,280,208,101,83,57,366,162,268,128,152,75,135,70,48,44,123,65,89,106,203,94,118,65,59,54,139,75,52,52,79.4,5.23683238714555,1034,246,17.5,3.73135813079335,1049,228,17.8,3.3717716407308,2083,335,35.3,4.26206650492692,,,98122,53033007800
54,53033008002,234314,0,Census Tract 80.02,Washington,King County,4018,533,2130,460,10,15,0,13,0,13,6,16,33,33,0,13,13,22,98,64,437,367,394,156,252,154,73,47,118,78,229,101,98,62,40,37,78,72,70,62,29,32,70,66,66,40,16,27,0,13,1888,323,0,13,10,15,27,27,35,37,8,13,14,23,33,39,145,122,423,170,97,66,173,116,168,96,111,72,57,48,80,55,160,169,57,41,49,33,50,63,102,63,45,27,44,41,0,13,112.8,14.8693837437199,88,58,2.2,1.41396504909953,541,153,13.5,3.36298925530237,629,164,15.7,3.51388040207395,,,98121,53033008002
55,53033008200,375785,0,Census Tract 82,Washington,King County,4223,485,2367,348,99,39,0,13,0,13,0,13,0,13,0,13,45,73,340,218,626,240,402,135,193,97,33,37,90,78,135,114,106,96,14,20,37,40,43,73,0,13,39,35,16,25,84,81,65,42,1856,359,60,73,0,13,0,13,0,13,0,13,0,13,43,68,292,204,254,155,390,144,86,63,191,113,6,16,61,48,81,76,12,18,41,38,19,29,0,13,12,20,77,75,93,58,138,69,127.5,30.9851679822748,159,89,3.8,2.06266925455028,586,176,13.9,3.850917330443,745,197,17.6,4.20197419015519,,,98101,53033008200
56,53033008300,237955,0,Census Tract 83,Washington,King County,3377,482,1999,355,15,24,0,13,48,52,19,27,47,73,0,13,30,34,305,146,448,203,336,140,158,91,45,46,107,66,180,116,50,49,10,19,38,48,52,79,24,39,25,33,0,13,31,36,31,30,1378,317,31,35,14,24,0,13,16,26,24,40,0,13,64,62,115,140,226,131,196,117,71,47,82,76,45,47,89,71,84,60,0,13,34,27,14,23,27,34,31,31,127,85,64,70,24,23,145.1,42.1583385031916,143,83,4.2,2.38233101241495,450,163,13.3,4.43625022059229,593,183,17.6,4.80457598523351,,,98101,53033008300
57,53033008500,450978,0,Census Tract 85,Washington,King County,4441,491,3019,402,26,42,36,51,31,43,0,13,34,32,37,37,114,98,272,119,605,160,510,178,315,109,199,71,202,113,129,70,162,67,47,35,63,45,24,25,57,49,25,29,25,24,37,27,69,51,1422,207,0,13,0,13,46,3,0,13,6,11,0,13,9,15,114,83,197,100,238,134,28,33,70,56,94,53,58,73,0,13,52,20,0,13,10,16,23,23,94,59,89,45,106,64,188,77,212.3,41.8848251849394,139,83,3.1,1.83663276555309,747,155,16.8,2.95348667503915,886,176,20.0,3.29251581785792,,,98104,53033008500
58,53033008600,711350,0,Census Tract 86,Washington,King County,7003,756,3506,469,25,39,0,18,69,49,149,136,377,140,255,116,168,151,288,142,739,272,488,175,190,97,179,128,89,85,191,86,77,115,61,78,58,70,0,18,4,9,6,15,53,71,40,65,0,18,3497,606,7,17,51,39,24,32,25,29,679,149,560,261,98,58,369,236,662,232,394,213,167,110,86,62,204,118,64,55,87,65,0,18,0,18,0,18,0,18,14,25,6,14,0,18,0,18,100.3,21.9480065176099,350,163,5.0,2.26417746568541,123,111,1.8,1.57365319540493,473,197,6.8,2.71694043963779,,,98122,53033008600
59,53033008700,732385,0,Census Tract 87,Washington,King County,4665,654,2591,458,92,63,63,54,182,110,73,51,23,18,17,18,22,32,216,148,545,199,490,243,141,82,208,64,154,83,85,52,77,48,17,20,32,26,26,23,48,37,26,26,23,24,7,11,24,23,2074,291,30,26,54,45,22,26,61,55,40,42,49,51,54,68,250,106,433,185,210,75,143,53,174,57,102,46,81,49,49,38,83,71,46,52,20,19,48,36,47,38,24,24,18,23,36,49,124.9,13.4316855860737,577,167,12.4,3.13186101353518,347,102,7.4,1.92179987858702,924,196,19.8,3.15308163399749,,,98122,53033008700
60,53033008800,948581,0,Census Tract 88,Washington,King County,4353,628,2161,268,119,59,96,62,97,55,27,25,0,13,42,63,0,13,40,50,189,99,342,104,255,90,175,81,172,110,205,107,69,45,29,46,44,38,74,69,32,36,101,101,1,2,42,43,10,16,2192,505,272,178,218,167,61,44,34,35,0,13,34,45,0,13,64,71,240,103,383,174,260,126,149,58,93,41,109,58,91,62,52,35,47,49,22,25,11,20,33,31,19,23,0,13,0,13,98.6,25.7941808208387,924,271,21.2,5.42033450051323,345,146,7.9,3.15309239193838,1269,308,29.2,5.6899438651779,,,98122,53033008800
61,53033008900,1270033,1798066,Census Tract 89,Washington,King County,6004,857,3237,515,94,96,215,171,62,77,153,86,62,88,12,21,0,18,207,182,275,131,282,105,362,142,157,90,228,174,408,175,208,112,43,43,43,46,47,45,14,22,266,235,60,57,39,52,0,18,2767,510,131,90,126,135,164,111,130,160,16,26,0,18,0,18,45,38,172,81,327,134,266,152,141,77,252,136,229,131,219,161,36,40,20,32,54,74,258,181,79,56,13,20,41,53,48,41,117.0,28.484139709622,1075,341,17.9,5.07205185815844,919,332,15.3,5.07972162041554,1994,476,33.2,6.35464845222676,,,98144,53033008900
62,53033009000,855872,0,Census Tract 90,Washington,King County,3800,401,1870,282,172,118,68,47,18,23,5,9,15,25,29,35,0,13,0,13,175,104,435,167,143,78,136,101,87,52,99,55,20,19,61,41,50,32,52,50,29,28,72,48,74,41,73,58,57,53,1930,269,100,67,19,27,89,57,15,15,7,8,5,9,68,54,146,78,337,119,313,119,124,52,112,59,48,33,75,55,63,34,15,17,44,33,31,45,26,24,85,47,78,49,66,53,64,55,96.9,5.57860392098236,486,159,12.8,3.96057158551335,707,163,18.6,3.81377259258942,1193,228,31.4,5.00242178570997,,,98144,53033009000
63,53033009100,410621,0,Census Tract 91,Washington,King County,2707,344,1458,290,20,23,8,15,46,20,23,27,10,16,0,13,11,17,51,49,140,76,341,150,67,55,110,72,78,68,90,66,0,13,36,33,13,22,0,13,117,79,40,45,80,108,0,13,177,164,1249,190,13,20,0,13,0,13,57,56,0,13,0,13,0,13,40,32,153,84,151,100,36,26,38,28,31,30,123,71,53,34,12,21,39,47,108,116,0,13,204,108,54,59,10,15,127,53,116.7,14.9588430938229,167,76,6.2,2.6958583936435,917,281,33.9,9.44582022925791,1084,291,40.0,9.4691671325833,,,98104,53033009100
64,53033009200,338451,154864,Census Tract 92,Washington,King County,2725,450,1729,356,30,30,2,9,0,13,0,13,0,13,0,13,0,13,139,103,291,127,181,76,219,154,67,52,78,53,107,69,222,116,54,58,139,174,40,33,42,47,42,38,37,28,39,31,0,13,996,240,8,13,16,17,18,28,15,23,13,22,0,13,0,13,83,50,148,127,138,68,62,49,43,33,7,16,93,61,115,172,0,13,15,24,0,13,28,32,104,63,27,24,15,18,48,49,173.6,55.0209639144531,89,56,3.3,1.9830069810653,422,123,15.5,3.71940182089973,511,135,18.8,3.86701199630596,,,98104,53033009200
65,53033009300,9444110,639051,Census Tract 93,Washington,King County,2984,407,1875,266,30,40,10,16,38,35,0,13,11,20,22,31,49,60,98,77,326,135,182,79,207,80,130,62,104,69,137,75,127,87,35,34,37,37,77,51,92,62,69,54,31,24,55,54,8,10,1109,245,56,47,0,13,24,29,0,13,31,50,0,13,12,20,60,48,153,61,143,78,140,127,33,29,60,52,54,50,98,47,13,20,80,91,29,24,32,40,45,48,25,29,9,15,12,28,169.1,44.3893899293521,158,81,5.3,2.61664334625903,484,139,16.2,4.09931502310381,642,161,21.5,4.52764837114723,,,98134,53033009300
66,53033009400,1686311,0,Census Tract 94,Washington,King County,6618,783,3713,545,62,49,112,108,135,95,45,53,0,18,0,18,0,18,133,98,603,231,948,350,273,124,256,123,75,65,109,79,144,79,110,81,143,88,0,18,336,363,151,101,13,20,33,51,32,31,2905,458,127,96,52,46,57,58,55,59,0,18,0,18,31,37,219,116,195,100,357,137,332,187,273,145,147,86,205,131,125,68,46,50,59,53,117,113,61,49,53,69,0,18,292,251,102,73,127.8,27.5323757773073,645,210,9.7,2.95623490071784,1190,485,18.0,7.01291143174632,1835,529,27.7,7.28915469277769,,,98144,53033009400
67,53033009500,2597717,2916270,Census Tract 95,Washington,King County,6938,851,3854,600,264,124,189,114,388,349,180,115,21,35,0,18,0,18,150,129,255,157,285,151,208,81,377,159,292,127,311,129,473,159,24,37,17,26,36,34,163,137,147,91,26,27,18,24,30,35,3084,373,162,95,204,87,90,67,31,40,36,34,0,18,0,18,84,61,302,177,128,68,268,109,216,90,338,147,345,120,127,64,44,44,82,56,65,71,163,130,228,152,58,50,12,20,101,98,125.0,12.2499322669819,1508,431,21.7,5.6110039856498,1047,297,15.1,3.85989549669011,2555,523,36.8,6.0349758940598,,,98144,53033009500
68,53033009600,1906922,1385222,Census Tract 96,Washington,King County,5640,832,2824,430,151,81,133,109,64,62,62,74,14,24,0,18,0,18,0,18,227,103,228,106,447,290,90,65,154,81,204,129,233,81,111,71,151,69,81,59,133,102,148,69,56,40,38,34,99,89,2816,490,58,49,113,72,91,106,70,65,10,19,0,18,0,18,47,53,207,111,443,382,248,114,167,91,191,105,168,128,264,118,111,100,197,93,25,27,26,30,200,87,113,64,33,33,34,28,100.3,23.1877550852235,742,225,13.2,3.48547071945193,986,211,17.5,2.71019064947164,1728,308,30.6,3.06509808031376,,,98116,53033009600
69,53033009701,1861358,1607123,Census Tract 97.01,Washington,King County,6154,936,2948,424,172,141,123,96,169,91,85,82,21,25,29,32,0,18,13,20,145,110,283,174,242,151,293,141,301,123,231,109,251,92,45,44,46,43,74,62,73,60,145,91,111,76,56,55,40,38,3206,598,165,86,105,61,139,120,61,53,29,36,15,27,34,37,205,234,129,152,236,142,259,96,208,108,232,105,228,101,156,75,231,271,107,73,155,94,142,81,207,120,26,32,80,80,57,45,92.0,21.6582383615198,1019,269,16.6,3.57270635304468,1166,255,18.9,2.97744914760597,2185,371,35.5,2.67983557277644,,,98116,53033009701
70,53033009702,2220441,0,Census Tract 97.02,Washington,King County,5665,620,2963,449,119,55,192,75,198,95,117,69,31,49,0,18,55,68,268,292,82,85,193,92,223,106,220,76,240,79,269,146,228,139,54,45,129,101,80,49,121,65,76,64,33,35,17,27,18,29,2702,336,205,73,179,69,260,124,63,46,49,41,18,30,0,18,40,45,62,51,178,75,260,95,123,64,370,151,145,73,125,72,143,78,88,54,68,34,109,54,66,45,79,52,48,43,24,30,109.7,9.4964994167699,1333,224,23.5,3.00049115939303,739,158,13.0,2.39593615754409,2072,274,36.6,2.71479516684783,,,98116,53033009702
71,53033009900,6565170,2370735,Census Tract 99,Washington,King County,5642,746,2618,472,171,99,141,81,31,34,0,18,0,18,0,18,13,30,0,18,275,133,251,129,419,165,377,241,187,134,201,100,259,126,37,38,23,36,78,78,18,21,92,68,11,19,34,33,0,18,3024,462,159,100,105,71,29,35,21,34,0,18,37,62,8,16,201,206,426,199,470,198,259,99,182,95,229,103,172,91,291,122,50,55,89,67,145,151,29,27,18,25,57,54,8,14,39,40,86.6,8.28742376193,657,188,11.6,2.95508679891673,529,204,9.4,3.39656151016056,1186,277,21.0,4.04709126780246,,,98126,53033009900
72,53033010001,2327512,0,Census Tract 100.01,Washington,King County,4032,531,2036,339,43,41,104,68,151,57,131,93,58,47,0,13,63,75,150,118,283,118,154,71,88,62,130,127,69,49,200,88,74,41,34,38,95,80,18,20,24,21,57,37,48,32,21,30,41,38,1996,268,52,32,145,67,91,36,70,51,97,100,18,30,0,13,134,112,159,85,90,70,143,86,160,66,132,77,168,79,83,61,40,34,89,91,59,52,67,36,74,39,42,29,50,58,33,31,102.0,10.0437392208274,787,166,19.5,3.21596316012362,534,128,13.2,2.65252585369183,1321,210,32.8,2.91712400205508,,,98108,53033010001
73,53033010002,948077,0,Census Tract 100.02,Washington,King County,4928,518,2755,532,69,41,76,57,82,56,37,36,52,53,8,14,49,54,154,120,562,437,356,145,296,112,246,98,167,131,85,38,100,49,40,28,41,31,17,21,35,28,64,41,68,44,119,100,32,26,2173,256,120,60,118,84,169,119,55,46,5,9,0,13,1,6,43,34,170,79,234,74,242,86,183,76,90,53,135,73,120,52,27,25,49,31,25,21,58,37,66,34,186,122,23,21,54,37,126.8,19.398196789099,726,191,14.7,3.55301448153826,747,188,15.2,3.46626474738902,1473,268,29.9,4.43889121664497,,,98144,53033010002
74,53033010200,2795533,2076618,Census Tract 102,Washington,King County,5067,508,2762,335,196,102,135,73,118,50,88,52,54,63,10,16,0,18,36,32,227,102,216,76,191,69,143,71,347,149,309,108,197,76,19,22,32,27,156,104,31,23,150,61,66,46,19,23,22,32,2305,275,161,129,77,39,142,56,59,31,13,22,0,18,0,18,55,57,136,111,159,68,149,59,155,76,330,122,154,58,148,55,53,48,82,40,15,18,99,52,105,53,73,50,53,46,87,44,119.8,2.61736466059025,976,208,19.3,3.62238893467544,876,176,17.3,3.01009509363937,1852,272,36.6,3.92279553361215,,,98118,53033010200
75,53033010401,1629874,0,Census Tract 104.01,Washington,King County,4504,549,2126,321,146,115,120,74,113,81,71,60,43,46,39,36,19,29,10,15,271,183,156,89,158,98,153,92,257,105,124,87,62,58,53,43,95,64,50,46,34,38,36,31,73,45,16,20,27,22,2378,320,126,87,148,70,114,81,99,72,0,13,38,58,6,10,182,111,212,119,153,77,181,83,170,109,126,63,132,75,138,87,108,61,52,49,26,35,81,61,164,70,75,46,35,32,12,16,89.4,6.12201787914719,937,230,20.8,4.43246998198799,629,144,14.0,2.70631229915566,1566,271,34.8,4.27101851928207,,,98108,53033010401
76,53033010402,1742875,0,Census Tract 104.02,Washington,King County,4835,707,2504,448,158,89,190,94,104,69,61,42,21,20,0,13,8,10,79,60,224,112,162,84,181,77,291,172,127,77,188,84,152,65,51,26,95,62,162,176,62,39,114,59,17,20,57,62,0,13,2331,322,116,73,162,93,142,100,39,31,15,16,22,32,1,5,122,74,97,51,182,66,301,95,137,70,156,74,131,58,99,48,41,37,81,54,135,108,69,45,127,114,79,49,64,47,13,16,107.4,12.2139853360695,972,220,20.1,3.47310884352782,899,268,18.6,4.83029444389751,1871,347,38.7,4.41457871464395,,,98108,53033010402
77,53033010701,1457384,3664,Census Tract 107.01,Washington,King County,4154,468,2077,326,134,63,84,50,37,26,53,66,14,23,0,13,18,17,27,27,197,129,291,111,267,102,148,69,257,106,168,92,126,75,121,127,10,15,56,80,54,43,9,23,0,13,0,13,6,11,2077,330,219,108,125,65,128,74,57,43,7,10,0,13,0,13,34,29,171,95,343,124,181,73,208,93,85,46,174,87,89,45,45,31,50,51,41,34,15,17,28,26,7,11,67,60,3,9,100.0,22.3336866457223,837,186,20.1,3.85950939615013,286,123,6.9,2.85759694868807,1123,223,27.0,4.42067107999896,,,98106,53033010701
78,53033010702,780116,0,Census Tract 107.02,Washington,King County,4839,509,2130,269,148,80,302,90,235,127,32,38,30,28,3,17,55,39,50,51,98,70,211,78,298,136,227,80,73,58,107,55,66,86,5,9,22,25,6,9,7,11,102,41,28,35,25,20,0,13,2709,461,324,166,182,89,153,115,78,63,59,45,12,18,4,12,114,76,329,225,451,235,213,79,229,74,82,47,130,63,83,50,19,18,37,32,25,28,92,95,71,43,10,16,12,18,0,13,78.6,16.6622888097423,1454,291,30.0,5.11609216439921,378,127,7.8,2.49256978054793,1832,318,37.9,5.22756461833852,,,98126,53033010702
79,53033010800,4140525,322633,Census Tract 108,Washington,King County,4874,589,2439,392,198,116,150,135,178,87,92,92,0,13,0,13,0,13,118,127,143,75,219,60,245,82,287,170,138,111,215,90,112,48,81,48,41,46,22,26,20,22,46,58,39,36,33,33,62,56,2435,288,209,79,65,43,79,45,117,54,38,32,0,13,55,48,64,47,212,84,331,135,242,70,128,53,221,168,210,105,88,40,44,26,83,50,31,35,28,28,141,53,30,31,1,2,18,26,100.2,10.9001661788424,1088,246,22.3,4.26582003812586,471,128,9.7,2.35225083107428,1559,277,32.0,4.16628371311,,,98106,53033010800
80,53033010900,5389781,414929,Census Tract 109,Washington,King County,1206,191,670,115,61,36,11,18,28,19,0,13,0,13,7,10,0,13,0,13,86,59,60,34,41,25,90,44,60,33,66,44,52,27,6,9,18,16,27,30,37,30,14,15,6,9,0,13,0,13,536,144,23,22,21,24,0,13,17,26,6,9,0,13,0,13,0,13,46,29,112,48,100,92,44,32,32,34,29,30,23,26,6,9,12,12,19,26,25,27,6,10,15,21,0,13,0,13,125.0,39.8507637374885,161,64,13.3,4.86743212730198,149,69,12.4,5.37639746517987,310,94,25.7,6.64673459147059,,,98108,53033010900
81,53033011001,1080391,0,Census Tract 110.01,Washington,King County,5155,750,2449,372,209,144,168,94,131,83,26,44,96,113,16,24,8,16,50,39,260,138,178,79,66,57,116,73,193,81,329,201,59,38,50,51,92,65,25,29,95,96,130,75,70,51,19,23,63,47,2706,517,111,65,216,137,107,57,41,48,44,36,15,28,74,52,146,128,306,151,230,123,94,77,186,101,221,159,111,72,219,103,73,61,60,59,44,41,70,51,40,36,117,64,75,78,106,70,90.5,22.0900423531386,1009,259,19.6,4.13928058734136,854,204,16.6,3.13864749555712,1863,330,36.1,3.65154580489216,,,98118,53033011001
82,53033011002,1719569,0,Census Tract 110.02,Washington,King County,4599,616,2042,348,104,81,36,28,263,162,48,41,33,42,47,54,24,24,128,68,176,110,172,74,163,77,65,47,167,74,100,59,149,78,28,26,78,48,37,30,0,13,52,42,28,29,104,67,40,46,2557,409,140,97,250,113,219,95,160,140,47,33,139,130,41,40,94,114,142,77,135,83,81,58,187,79,106,56,219,98,86,55,31,23,69,42,32,39,20,24,162,84,118,60,19,24,60,41,79.9,4.69636371717418,1220,293,26.5,5.2881112935694,672,159,14.6,2.84996831164834,1892,333,41.1,4.69727859427743,,,98108,53033011002
83,53033011101,1136851,0,Census Tract 111.01,Washington,King County,5300,425,2557,321,46,33,157,55,104,64,92,68,10,16,28,34,38,32,98,85,360,177,343,140,191,90,216,128,146,99,208,98,114,81,108,94,100,85,31,31,68,49,24,29,54,63,0,18,21,33,2743,341,104,71,65,52,205,80,40,41,45,39,29,42,17,45,121,79,319,180,195,93,177,90,244,124,318,138,83,58,120,64,80,74,114,82,72,74,51,83,183,108,26,29,30,36,105,66,93.2,1.62839214429813,813,169,15.3,2.94187315991411,665,200,12.5,3.63697998039257,1478,262,27.9,4.40869064491073,,,98118,53033011101
84,53033011102,1303226,1143440,Census Tract 111.02,Washington,King County,5470,870,2860,603,281,159,79,58,134,73,164,181,10,16,0,18,0,18,21,22,487,192,446,253,96,53,93,52,214,88,99,55,233,101,136,203,81,54,65,45,59,45,46,36,34,27,32,51,50,35,2610,372,124,64,130,67,140,83,153,97,17,19,0,18,0,18,118,82,213,129,209,69,142,62,142,58,139,96,187,94,101,60,161,222,151,111,90,57,92,65,106,70,44,42,41,38,110,70,109.6,17.0248214442849,1205,303,22.0,4.2904221147714,769,174,14.1,2.26252146371166,1974,349,36.1,2.78623799943195,,,98118,53033011102
85,53033011200,2483779,139646,Census Tract 112,Washington,King County,3812,493,2095,327,122,68,175,71,92,74,66,57,25,38,79,64,16,24,22,27,119,78,129,60,264,155,68,55,151,70,334,147,76,44,22,25,80,60,38,35,86,87,67,53,5,7,31,33,28,26,1717,295,74,43,121,79,138,78,72,99,39,40,42,47,12,18,13,19,198,109,234,94,84,49,79,42,97,58,172,107,119,64,14,16,36,42,31,28,31,36,42,35,12,12,17,25,40,24,122.0,28.3227441886809,860,206,22.6,4.54864240563917,428,134,11.2,3.20128969376601,1288,246,33.8,4.7487260480099,,,98108,53033011200
86,53033011300,3419308,42220,Census Tract 113,Washington,King County,6324,720,3015,469,189,111,140,70,92,101,141,120,0,18,59,74,0,18,103,95,377,165,340,148,377,234,189,82,141,75,182,98,147,89,10,17,181,98,77,77,97,80,99,66,74,55,0,18,0,18,3309,502,227,94,160,91,170,107,105,101,0,18,0,18,38,46,82,73,263,133,408,135,250,102,127,66,190,95,208,123,164,98,61,52,81,51,76,59,70,48,277,146,105,77,63,53,184,167,91.1,3.13305751327612,1224,284,19.4,3.91302261361254,1122,290,17.7,4.11685263666671,2346,406,37.1,4.83507326407442,,,98106,53033011300
87,53033011401,1233155,0,Census Tract 114.01,Washington,King County,5019,730,2411,506,46,44,148,123,141,98,47,44,42,42,8,12,98,145,127,78,423,214,185,77,177,79,135,73,160,70,136,56,255,157,83,75,51,34,35,32,34,49,58,40,12,13,7,11,3,8,2608,361,91,51,86,50,163,77,15,25,26,30,31,49,61,62,122,54,377,110,382,153,83,63,274,100,123,121,101,50,166,75,114,63,53,43,114,81,34,29,95,79,77,61,14,14,6,9,92.4,14.5836374870878,737,201,14.7,3.38773272662081,489,152,9.7,2.67649380245713,1226,252,24.4,3.54778514310749,,,98106,53033011401
88,53033011402,1186191,0,Census Tract 114.02,Washington,King County,4318,573,2121,357,193,139,73,85,145,118,71,81,44,30,0,13,0,13,17,20,98,118,460,190,172,102,156,100,233,96,93,82,148,89,75,53,30,23,0,13,7,11,49,47,30,27,18,20,9,13,2197,345,157,87,148,124,14,17,45,48,20,17,0,13,55,97,204,129,162,91,274,148,158,94,182,102,79,45,96,81,179,115,51,34,122,84,44,38,24,18,92,59,53,41,8,13,30,32,96.5,5.84960977867902,846,269,19.6,5.66127503939467,364,109,8.4,2.26292238178964,1210,290,28.0,5.59266868110385,,,98106,53033011402
89,53033011500,1538373,0,Census Tract 115,Washington,King County,4334,450,1933,212,145,70,131,51,56,43,40,36,32,29,0,13,0,13,9,14,114,47,166,77,168,63,279,92,163,65,128,59,123,57,37,38,66,44,39,29,132,48,63,36,18,18,24,24,0,13,2401,355,113,63,122,51,144,94,24,21,26,29,9,13,0,13,40,38,180,82,151,58,241,86,260,155,301,122,205,124,121,57,83,65,117,54,46,31,107,55,54,37,26,24,6,10,25,24,80.5,14.8208264782417,775,163,17.9,3.27071380855867,540,110,12.5,2.18361729624618,1315,197,30.3,3.27664106136826,,,98126,53033011500
90,53033011700,3515808,0,Census Tract 117,Washington,King County,5557,849,2784,604,254,187,84,44,142,68,153,171,68,61,0,18,10,15,220,133,154,92,205,77,166,72,97,55,129,67,194,68,279,145,38,43,114,122,97,68,50,39,133,106,79,60,57,56,61,70,2773,363,107,93,62,44,45,55,92,55,39,62,20,22,47,44,52,50,249,103,222,112,127,71,139,69,198,111,184,81,333,116,148,111,125,63,108,100,83,46,195,85,16,21,35,33,147,95,100.4,17.3697541558626,939,296,16.9,4.65919103571116,1061,243,19.1,3.25773126753931,2000,383,36.0,4.15539000619632,,,98118,53033011700
91,53033012000,1437048,0,Census Tract 120,Washington,King County,3317,455,1456,189,138,76,26,33,112,77,40,31,17,17,0,13,6,10,26,25,63,38,114,55,161,65,60,36,154,72,129,68,86,50,20,23,48,38,56,33,69,45,85,67,4,6,31,26,11,18,1861,371,182,133,50,40,65,42,63,69,34,33,0,13,0,13,7,14,79,42,191,65,162,106,185,75,130,53,175,95,123,57,11,12,207,125,48,34,44,27,49,30,19,19,22,22,15,17,78.2,18.6120643284556,676,199,20.4,5.30826423943385,453,112,13.7,2.80920286574768,1129,228,34.0,5.04468844633984,,,98146,53033012000
92,53033012100,1739952,1380849,Census Tract 121,Washington,King County,2777,329,1307,179,51,30,84,56,153,92,18,21,27,27,0,13,0,13,23,21,43,29,11,13,92,56,192,76,52,31,84,49,161,60,42,54,43,29,27,24,41,29,52,26,21,21,38,27,52,38,1470,209,58,35,124,68,80,47,33,27,15,14,0,13,0,13,1,3,38,23,48,39,93,52,135,66,130,42,132,68,89,42,71,54,46,30,81,45,78,38,141,98,14,15,43,26,20,22,88.9,17.5520742486455,601,147,21.6,4.63107327591666,608,138,21.9,4.23871498693041,1209,202,43.5,5.12913068730356,,,98146,53033012100
