,Geographic Identifier - FIPS Code,Area of Land (Square Meters),Area of Water (Square Meters),Name,State,County,Total Population 25 Years and Over,Total Population 25 Years and Over - Margin of Error,Male Population 25 Years and Over,Male Population 25 Years and Over - Margin of Error,Males 25 Years and Over with No Schooling Completed,Males 25 Years and Over with No Schooling Completed - Margin of Error,Males 25 Years and Over whose Highest Education Completed is Nursery to 4th Grade,Males 25 Years and Over whose Highest Education Completed is Nursery to 4th Grade - Margin of Error,Males 25 Years and Over whose Highest Education Completed is 5th to 6th Grade,Males 25 Years and Over whose Highest Education Completed is 5th to 6th Grade - Margin of Error,Males 25 Years and Over whose Highest Education Completed is 7th to 8th grade,Males 25 Years and Over whose Highest Education Completed is 7th to 8th grade - Margin of Error,Males 25 Years and Over whose Highest Education Completed is 9th Grade,Males 25 Years and Over whose Highest Education Completed is 9th Grade - Margin of Error,Males 25 Years and Over whose Highest Education Completed is 10th Grade,Males 25 Years and Over whose Highest Education Completed is 10th Grade - Margin of Error,Males 25 Years and Over whose Highest Education Completed is 11th Grade,Males 25 Years and Over whose Highest Education Completed is 11th Grade - Margin of Error,"Males 25 Years and Over whose Highest Education Completed is 12th Grade, No Diploma","Males 25 Years and Over whose Highest Education Completed is 12th Grade, No Diploma - Margin of Error",Males 25 Years and Over whose Highest Education Completed is High School (includes equivalency),Males 25 Years and Over whose Highest Education Completed is High School (includes equivalency) - Margin of Error,"Males 25 Years and Over whose Highest Education Completed is Some College, less than 1 year","Males 25 Years and Over whose Highest Education Completed is Some College, less than 1 year - Margin of Error","Males 25 Years and Over whose Highest Education Completed is Some College, 1 or more years, no degree","Males 25 Years and Over whose Highest Education Completed is Some College, 1 or more years, no degree - Margin of Error",Males 25 Years and Over whose Highest Education Completed is Associate's Degree,Males 25 Years and Over whose Highest Education Completed is Associate's Degree - Margin of Error,Males 25 Years and Over whose Highest Education Completed is Bachelor's Degree,Males 25 Years and Over whose Highest Education Completed is Bachelor's Degree - Margin of Error,Males 25 Years and Over whose Highest Education Completed is Master's Degree,Males 25 Years and Over whose Highest Education Completed is Master's Degree - Margin of Error,Males 25 Years and Over whose Highest Education Completed is Professional School Degree (beyond Bachelor's),Males 25 Years and Over whose Highest Education Completed is Professional School Degree (beyond Bachelor's) - Margin of Error,Males 25 Years and Over whose Highest Education Completed is Doctorate Degree,Males 25 Years and Over whose Highest Education Completed is Doctorate Degree - Margin of Error,Female Population 25 Years and Over,Female Population 25 Years and Over - Margin of Error,Females 25 Years and Over with No Schooling Completed,Females 25 Years and Over with No Schooling Completed - Margin of Error,Females 25 Years and Over whose Highest Education Completed is Nursery to 4th Grade,Females 25 Years and Over whose Highest Education Completed is Nursery to 4th Grade - Margin of Error,Females 25 Years and Over whose Highest Education Completed is 5th to 6th Grade,Females 25 Years and Over whose Highest Education Completed is 5th to 6th Grade - Margin of Error,Females 25 Years and Over whose Highest Education Completed is 7th to 8th grade,Females 25 Years and Over whose Highest Education Completed is 7th to 8th grade - Margin of Error,Females 25 Years and Over whose Highest Education Completed is 9th Grade,Females 25 Years and Over whose Highest Education Completed is 9th Grade - Margin of Error,Females 25 Years and Over whose Highest Education Completed is 10th Grade,Females 25 Years and Over whose Highest Education Completed is 10th Grade - Margin of Error,Females 25 Years and Over whose Highest Education Completed is 11th Grade,Females 25 Years and Over whose Highest Education Completed is 11th Grade - Margin of Error,"Females 25 Years and Over whose Highest Education Completed is 12th Grade, No Diploma","Females 25 Years and Over whose Highest Education Completed is 12th Grade, No Diploma - Margin of Error",Females 25 Years and Over whose Highest Education Completed is High School (includes equivalency),Females 25 Years and Over whose Highest Education Completed is High School (includes equivalency) - Margin of Error,"Females 25 Years and Over whose Highest Education Completed is Some College, less than 1 year","Females 25 Years and Over whose Highest Education Completed is Some College, less than 1 year - Margin of Error","Females 25 Years and Over whose Highest Education Completed is Some College, 1 or more years, no degree","Females 25 Years and Over whose Highest Education Completed is Some College, 1 or more years, no degree - Margin of Error",Females 25 Years and Over whose Highest Education Completed is Associate's Degree,Females 25 Years and Over whose Highest Education Completed is Associate's Degree - Margin of Error,Females 25 Years and Over whose Highest Education Completed is Bachelor's Degree,Females 25 Years and Over whose Highest Education Completed is Bachelor's Degree - Margin of Error,Females 25 Years and Over whose Highest Education Completed is Master's Degree,Females 25 Years and Over whose Highest Education Completed is Master's Degree - Margin of Error,Females 25 Years and Over whose Highest Education Completed is Professional School Degree (beyond Bachelor's),Females 25 Years and Over whose Highest Education Completed is Professional School Degree (beyond Bachelor's) - Margin of Error,Females 25 Years and Over whose Highest Education Completed is Doctorate Degree,Females 25 Years and Over whose Highest Education Completed is Doctorate Degree - Margin of Error,Population 25 Years and Over whose Highest Education Completed is Less Than High School,Population 25 Years and Over whose Highest Education Completed is Less Than High School - Margin of Error,Percent of Population 25 Years and Over whose Highest Education Completed is Less Than High School,Percent of Population 25 Years and Over whose Highest Education Completed is Less Than High School - Margin of Error,Population 25 Years and Over whose Highest Education Completed is High School (includes equivalency),Population 25 Years and Over whose Highest Education Completed is High School (includes equivalency) - Margin of Error,Percent of Population 25 Years and Over whose Highest Education Completed is High School (includes equivalency),Percent of Population 25 Years and Over whose Highest Education Completed is High School (includes equivalency) - Margin of Error,Population 25 Years and Over whose Highest Education Completed is Some College,Population 25 Years and Over whose Highest Education Completed is Some College - Margin of Error,Percent of Population 25 Years and Over whose Highest Education Completed is Some College,Percent of Population 25 Years and Over whose Highest Education Completed is Some College - Margin of Error,Population 25 Years and Over whose Highest Education Completed is Associate's Degree,Population 25 Years and Over whose Highest Education Completed is Associate's Degree - Margin of Error,Percent of Population 25 Years and Over whose Highest Education Completed is Associate's Degree,Percent of Population 25 Years and Over whose Highest Education Completed is Associate's Degree - Margin of Error,Population 25 Years and Over whose Highest Education Completed is Bachelor's Degree or Higher,Population 25 Years and Over whose Highest Education Completed is Bachelor's Degree or Higher - Margin of Error,Percent of Population 25 Years and Over whose Highest Education Completed is Bachelor's Degree or Higher,Percent of Population 25 Years and Over whose Highest Education Completed is Bachelor's Degree or Higher - Margin of Error,Predominant Education Level,Popup Color,Percent of Total whose Highest Education Completed is High School Graduate or Higher,x,y,zip,tract
0,53033000300,1211013,0,Census Tract 3,Washington,King County,1833,206,888,137,56,55,0,13,11,18,0,13,0,13,0,13,28,44,42,63,117,62,44,29,100,47,73,40,229,86,147,77,34,26,7,12,945,117,14,24,0,13,0,13,0,13,0,13,14,19,20,27,0,13,67,44,35,26,81,59,121,56,388,120,183,68,8,13,14,16,185,112,10.1,6.00399972128495,184,76,10.0,3.98978209381072,260,85,14.2,4.35459881887141,194,69,10.6,3.57146101958772,1010,183,55.1,7.83111068438532,Bachelor's Degree or Higher,784178,89.90725586470268,,,98133,53033000300
1,53033000402,1798938,0,Census Tract 4.02,Washington,King County,4136,627,1754,300,0,18,0,18,2,5,4,9,0,18,0,18,12,17,41,40,386,155,56,59,251,140,83,59,464,172,283,110,61,64,111,133,2382,477,83,81,0,18,0,18,44,70,11,19,0,18,0,18,0,18,262,115,169,112,615,437,92,65,744,193,271,112,52,56,39,38,197,129,4.8,3.03422382807766,648,193,15.7,4.01667521621457,1091,476,26.4,10.7916520405992,175,88,4.2,2.02867242271453,2025,343,49.0,3.69941834184975,Bachelor's Degree or Higher,784178,95.23694390715669,,,98133,53033000402
2,53033000500,2898252,953717,Census Tract 5,Washington,King County,2451,225,1212,147,28,42,0,13,0,13,8,13,0,13,0,13,0,13,0,13,135,77,5,16,108,61,41,50,508,131,200,83,149,62,30,26,1239,121,3,8,0,13,9,18,0,13,0,13,0,13,0,13,12,18,98,46,33,32,154,81,9,15,510,106,245,68,106,53,60,40,60,67,2.4,2.72432543237856,233,90,9.5,3.56676451814048,300,108,12.2,4.26069734096244,50,52,2.0,2.11330188618155,1808,221,73.8,5.9536691186382,Bachelor's Degree or Higher,784178,97.55201958384332,,,98177,53033000500
3,53033000700,1294438,0,Census Tract 7,Washington,King County,3993,642,1928,326,20,24,44,64,0,18,0,18,4,9,0,18,21,25,66,87,315,140,171,130,347,215,144,96,349,146,369,143,0,18,78,54,2065,382,11,17,42,57,2,7,63,79,1,2,0,18,0,18,74,87,233,152,45,36,322,190,130,98,530,188,389,125,62,58,161,91,348,179,8.7,4.25821527231266,548,207,13.7,4.69102007117727,885,317,22.2,7.09417509877318,274,137,6.9,3.24877770695775,1938,328,48.5,2.56537284803486,Bachelor's Degree or Higher,784178,91.2847483095417,,,98125,53033000700
4,53033000800,1141931,0,Census Tract 8,Washington,King County,2007,254,982,170,0,13,0,13,0,13,0,13,0,13,0,13,12,19,19,20,105,67,30,28,66,37,78,54,466,136,126,54,47,34,33,28,1025,151,7,12,0,13,0,13,0,13,0,13,0,13,0,13,0,13,72,51,18,18,106,55,66,40,369,101,302,124,32,31,53,35,38,56,1.9,2.77992610835886,177,84,8.8,4.03378651798957,220,74,11.0,3.4161596694392,144,67,7.2,3.21244917790959,1428,226,71.2,6.76143412570131,Bachelor's Degree or Higher,784178,98.10662680617838,,,98125,53033000800
5,53033000900,1004853,1849039,Census Tract 9,Washington,King County,1709,220,821,120,0,13,0,13,3,5,0,13,0,13,0,13,0,13,0,13,47,25,18,19,39,24,33,25,324,90,196,84,89,42,72,26,888,123,0,13,0,13,4,12,0,13,3,4,0,13,0,13,0,13,56,39,18,17,75,47,36,20,315,70,233,77,53,32,95,36,10,49,0.6,2.86618416677396,103,46,6.0,2.57739169985111,150,59,8.8,3.26218319354377,69,32,4.0,1.79886077911621,1377,175,80.6,14.5752878098141,Bachelor's Degree or Higher,784178,99.41486249268578,,,98125,53033000900
6,53033001000,954203,0,Census Tract 10,Washington,King County,1463,181,770,119,0,13,0,13,0,13,0,13,9,12,0,13,0,13,15,13,55,29,59,39,94,42,50,36,256,62,147,43,48,59,37,23,693,110,3,5,0,13,0,13,0,13,3,6,0,13,4,6,7,10,93,42,24,16,74,38,26,27,234,56,205,87,11,12,9,11,41,47,2.8,3.19381251654671,148,51,10.1,3.25356851019441,251,71,17.2,4.36424983574496,76,45,5.2,3.00797793836092,947,144,64.7,5.72256498080267,Bachelor's Degree or Higher,784178,97.19753930280244,,,98125,53033001000
7,53033001100,1060685,0,Census Tract 11,Washington,King County,2097,237,1142,159,0,13,0,13,0,13,24,38,0,13,0,13,0,13,0,13,137,84,20,20,123,59,47,36,496,143,204,108,12,17,79,46,955,118,0,13,0,13,14,22,23,37,0,13,0,13,0,13,0,13,110,79,26,24,24,24,37,26,410,107,239,83,9,15,63,48,61,74,2.9,3.51350298601671,247,115,11.8,5.31999931177877,193,71,9.2,3.22204791375838,84,44,4.0,2.04881333928659,1512,235,72.1,7.69281702517563,Bachelor's Degree or Higher,784178,97.09108249880782,,,98125,53033001100
8,53033001300,1180877,0,Census Tract 13,Washington,King County,3822,492,1825,290,26,29,0,13,34,55,0,13,0,13,0,13,0,13,1,2,155,91,92,65,280,138,152,106,803,223,185,111,97,80,0,13,1997,306,50,59,34,56,0,13,39,64,0,13,0,13,0,13,0,13,371,163,78,84,210,113,202,108,498,209,357,103,73,67,85,89,184,128,4.8,3.29119297957596,526,187,13.8,4.56071806058736,660,208,17.3,4.96747706509705,354,151,9.3,3.76660583017033,2098,368,54.9,6.54029296675132,Bachelor's Degree or Higher,784178,95.18576661433804,,,98133,53033001300
9,53033001400,2152767,213389,Census Tract 14,Washington,King County,4114,586,1899,317,37,43,0,18,0,18,0,18,0,18,18,30,0,18,0,18,376,200,128,110,152,93,136,77,620,150,297,120,119,155,16,25,2215,383,0,18,0,18,0,18,0,18,0,18,0,18,0,18,4,9,262,158,55,47,118,91,108,64,1040,321,502,183,93,66,33,37,59,84,1.4,2.03156402464426,638,255,15.5,5.79136949259213,453,177,11.0,4.00630694454595,244,100,5.9,2.27919230082469,2720,451,66.1,5.61138302597609,Bachelor's Degree or Higher,784178,98.56587263004374,,,98133,53033001400
10,53033001500,1167711,526885,Census Tract 15,Washington,King County,2251,341,1132,202,0,13,0,13,0,13,0,13,0,13,0,13,0,13,0,13,103,93,54,47,125,61,87,45,418,104,176,101,77,42,92,57,1119,172,0,13,0,13,0,13,0,13,0,13,0,13,19,22,13,21,62,42,18,15,201,93,89,48,458,145,193,63,51,31,15,16,32,57,1.4,2.5230337792648,165,102,7.3,4.39315635085715,398,122,17.7,4.71170740565266,176,66,7.8,2.68214162690689,1480,229,65.7,2.07145123226084,Bachelor's Degree or Higher,784178,98.57840959573522,,,98117,53033001500
11,53033001600,2020358,320118,Census Tract 16,Washington,King County,3333,446,1666,242,0,13,0,13,0,13,0,13,0,13,0,13,0,13,0,13,47,32,67,45,171,61,77,61,726,165,319,162,169,70,90,44,1667,235,0,13,0,13,8,12,0,13,8,17,0,13,0,13,0,13,107,45,35,25,93,54,94,63,642,178,436,117,162,96,82,40,16,53,0.5,1.58886101449299,154,55,4.6,1.52995910285028,366,96,11.0,2.47727072712744,171,88,5.1,2.54944482271484,2626,341,78.8,14.6910174466909,Bachelor's Degree or Higher,784178,99.51995199519952,,,98117,53033001600
12,53033001701,892768,0,Census Tract 17.01,Washington,King County,3511,433,1653,352,23,36,0,13,0,13,0,13,0,13,12,21,88,103,7,16,205,110,35,39,222,113,98,77,792,252,141,82,14,22,16,25,1858,302,28,42,14,24,39,39,0,13,19,24,0,13,0,13,70,45,227,145,68,103,249,105,15,20,842,190,173,89,79,74,35,41,300,142,8.5,3.90473926907434,432,182,12.3,4.95663438474777,574,190,16.3,5.02193928367484,113,80,3.2,2.24371513266476,2092,350,59.6,6.73621616026079,Bachelor's Degree or Higher,784178,91.45542580461408,,,98103,53033001701
13,53033001702,1280220,0,Census Tract 17.02,Washington,King County,4318,529,2308,432,27,38,60,69,0,18,0,18,30,47,0,18,0,18,22,33,422,215,107,83,305,155,181,118,793,307,250,144,44,50,67,50,2010,237,40,43,30,48,13,20,0,18,13,22,9,16,0,18,17,27,182,101,44,44,136,121,159,88,804,238,438,169,29,45,96,86,261,132,6.0,2.96592575675376,604,238,14.0,5.23864428910606,592,218,13.7,4.76104655619846,340,147,7.9,3.26482428089036,2521,463,58.4,7.98834778879505,Bachelor's Degree or Higher,784178,93.95553496989348,,,98117,53033001702
14,53033001800,946085,0,Census Tract 18,Washington,King County,3891,505,2131,405,6,17,0,18,32,41,0,18,0,18,0,18,23,37,0,18,219,142,57,52,233,231,214,114,1046,221,229,112,38,43,34,42,1760,277,0,18,0,18,30,40,0,18,0,18,0,18,0,18,35,32,41,38,88,68,129,74,131,92,742,194,436,191,64,65,64,56,126,98,3.2,2.48331935349835,260,147,6.7,3.67706187332473,507,257,13.0,6.38481942981886,345,146,8.9,3.57142863280473,2653,383,68.2,4.31045457295396,Bachelor's Degree or Higher,784178,96.76175790285274,,,98103,53033001800
15,53033001900,1667272,0,Census Tract 19,Washington,King County,3833,332,1937,223,9,13,0,13,0,13,10,15,12,27,0,13,0,13,55,48,164,103,86,63,191,78,156,89,804,155,343,89,70,36,37,29,1896,188,0,13,0,13,0,13,0,13,25,39,0,13,0,13,3,8,102,50,52,31,103,55,145,68,897,197,467,110,63,37,39,28,114,82,3.0,2.12374933210572,266,114,6.9,2.91279653018104,432,118,11.3,2.91964861810539,301,112,7.9,2.84172358931938,2720,295,71.0,4.63180813034174,Bachelor's Degree or Higher,784178,97.02582833289851,,,98115,53033001900
16,53033002000,1103313,28680,Census Tract 20,Washington,King County,3105,481,1485,351,0,13,0,13,0,13,0,13,0,13,0,13,0,13,0,13,143,63,56,47,235,263,199,80,434,130,219,78,61,42,138,90,1620,256,0,13,0,13,0,13,0,13,0,13,0,13,0,13,0,13,29,24,47,37,322,376,145,68,680,239,247,70,65,43,85,49,0,52,0.0,1.67471819645733,172,67,5.5,1.97983994958088,660,463,21.3,14.5433244119884,344,105,11.1,2.91375964638348,1929,315,62.1,3.20917851916123,Bachelor's Degree or Higher,784178,100.0,,,98115,53033002000
17,53033002100,1365468,0,Census Tract 21,Washington,King County,3326,453,1626,258,8,13,0,13,0,13,0,13,0,13,11,19,0,13,9,15,128,141,79,84,228,101,100,66,670,153,155,85,75,46,163,92,1700,234,0,13,0,13,0,13,12,21,24,39,0,13,0,13,0,13,77,75,61,39,147,85,69,53,762,183,241,70,188,104,119,66,64,68,1.9,2.02763058249981,205,160,6.2,4.73677040591084,515,161,15.5,4.35710066520998,169,85,5.1,2.46013536183479,2373,308,71.3,13.4232247783707,Bachelor's Degree or Higher,784178,98.07576668671076,,,98115,53033002100
18,53033002200,2804076,1154953,Census Tract 22,Washington,King County,4302,388,2166,224,0,18,0,18,0,18,0,18,0,18,0,18,0,18,0,18,15,23,67,44,109,66,231,144,636,147,736,220,217,81,155,66,2136,208,0,18,0,18,0,18,0,18,0,18,0,18,0,18,6,11,174,84,48,58,184,105,137,85,763,189,498,167,174,81,152,69,6,71,0.1,1.65034722783584,189,87,4.4,1.98311792049877,408,144,9.5,3.23614550057994,368,167,8.6,3.80447725071902,3331,395,77.4,5.96132885084628,Bachelor's Degree or Higher,784178,99.860529986053,,,98115,53033002200
19,53033002400,962528,0,Census Tract 24,Washington,King County,2447,378,1243,255,0,13,0,13,0,13,0,13,0,13,0,13,0,13,0,13,44,38,34,39,110,64,112,62,422,86,399,222,58,51,64,40,1204,160,0,13,0,13,24,33,0,13,0,13,0,13,0,13,0,13,34,36,26,26,111,70,23,24,412,91,319,127,141,92,114,78,24,60,1.0,2.44729671174763,78,52,3.2,2.06721645618319,281,106,11.5,3.95196877680609,135,66,5.5,2.5590002843817,1929,316,78.8,4.2983019578575,Bachelor's Degree or Higher,784178,99.01920719248058,,,98115,53033002400
20,53033002500,984334,0,Census Tract 25,Washington,King County,2598,289,1320,178,0,13,10,16,0,13,0,13,0,13,11,16,9,14,0,13,64,37,71,63,55,30,43,31,515,135,307,106,105,101,130,49,1278,163,0,13,0,13,0,13,0,13,0,13,0,13,0,13,0,13,83,43,28,43,39,40,95,64,458,138,368,119,101,57,106,55,30,54,1.2,2.07454899764453,147,57,5.7,2.1017737421559,193,91,7.4,3.40381745425914,138,71,5.3,2.66822940980391,2090,286,80.4,6.41131548989589,Bachelor's Degree or Higher,784178,98.84526558891456,,,98115,53033002500
21,53033002600,1216627,28175,Census Tract 26,Washington,King County,3773,571,2164,409,0,18,0,18,0,18,0,18,0,18,0,18,0,18,0,18,48,49,125,155,134,80,113,83,788,228,691,193,83,54,182,102,1609,254,0,18,0,18,0,18,0,18,0,18,0,18,0,18,0,18,18,26,86,61,84,46,14,23,785,237,498,130,91,49,33,28,0,72,0.0,1.90829578584681,66,55,1.7,1.43348592898785,429,190,11.4,4.73266074339904,127,86,3.4,2.22170079165913,3151,423,83.5,16.8948169301369,Bachelor's Degree or Higher,784178,100.0,,,98115,53033002600
22,53033002700,1584847,0,Census Tract 27,Washington,King County,4305,514,2327,299,0,18,0,18,37,58,0,18,0,18,0,18,0,18,14,22,118,87,30,35,115,90,57,71,1031,269,701,182,137,72,87,64,1978,325,18,29,0,18,0,18,0,18,0,18,0,18,0,18,15,23,21,33,66,66,192,106,177,114,655,228,459,126,218,115,157,75,84,95,2.0,2.19440454051326,139,93,3.2,2.12560322355676,403,158,9.4,3.4958224388611,234,134,5.4,3.04425240962605,3445,449,80.0,4.18230430435452,Bachelor's Degree or Higher,784178,98.04878048780488,,,98103,53033002700
23,53033002800,988287,0,Census Tract 28,Washington,King County,3873,455,1889,315,18,28,0,13,0,13,0,13,2,5,0,13,14,23,13,21,231,160,124,99,167,96,66,55,845,190,293,108,48,45,68,50,1984,296,0,13,0,13,0,13,0,13,0,13,0,13,0,13,15,25,148,110,135,174,200,129,85,68,759,197,458,126,89,58,95,72,62,65,1.6,1.66771519773933,379,194,9.8,4.8753273551508,626,257,16.2,6.35819592245785,151,87,3.9,2.19912839069214,2655,340,68.6,3.49403165513324,Bachelor's Degree or Higher,784178,98.3991737671056,,,98103,53033002800
24,53033002900,986209,0,Census Tract 29,Washington,King County,3529,492,1724,311,0,13,0,13,0,13,0,13,0,13,14,22,32,38,0,13,112,97,76,55,304,208,72,59,766,217,184,80,83,55,81,59,1805,225,0,13,0,13,0,13,0,13,0,13,0,13,0,13,0,13,180,187,36,42,194,89,44,41,653,154,530,112,131,67,37,38,46,66,1.3,1.86136814177138,292,211,8.3,5.86669262943784,610,237,17.3,6.26851880783629,116,72,3.3,1.9881049809241,2465,320,69.8,13.306245781417,Bachelor's Degree or Higher,784178,98.69651459336922,,,98117,53033002900
25,53033003000,1493249,0,Census Tract 30,Washington,King County,4616,477,2273,301,18,27,0,18,0,18,0,18,0,18,34,52,0,18,0,18,185,133,59,51,285,116,108,60,1013,247,398,111,105,82,68,57,2343,263,13,21,0,18,0,18,0,18,0,18,32,49,0,18,0,18,152,65,101,130,162,92,66,47,1150,266,415,156,137,67,115,67,97,101,2.1,2.17723957876737,337,148,7.3,3.11621740716124,607,204,13.1,4.20531620865138,174,76,3.8,1.59970559096454,3401,433,73.7,5.47945279056476,Bachelor's Degree or Higher,784178,97.89861351819758,,,98117,53033003000
26,53033003100,2236733,472744,Census Tract 31,Washington,King County,4917,556,2259,316,15,23,0,18,0,18,0,18,0,18,0,18,0,18,0,18,228,131,117,135,199,84,145,78,767,196,441,140,228,95,119,64,2658,294,0,18,0,18,0,18,1,2,0,18,0,18,0,18,0,18,223,102,145,79,281,120,49,46,923,185,541,192,255,132,240,187,16,71,0.3,1.44350101020864,451,166,9.2,3.21277686895001,742,214,15.1,4.00378446009337,194,91,3.9,1.79614209794593,3514,441,71.5,3.89037194539223,Bachelor's Degree or Higher,784178,99.67459833231644,,,98117,53033003100
27,53033003400,787161,0,Census Tract 34,Washington,King County,2673,241,1259,142,6,10,0,13,0,13,0,13,11,17,0,13,7,10,0,13,69,60,12,14,112,56,80,63,553,130,301,88,64,39,44,28,1414,149,9,14,0,13,0,13,0,13,0,13,0,13,0,13,7,11,24,22,34,28,83,44,116,71,581,96,380,124,137,69,43,27,40,52,1.5,1.94069539791782,93,64,3.5,2.37367544369721,241,78,9.0,2.80255715380265,196,95,7.3,3.49202903248052,2103,239,78.7,5.44325018892723,Bachelor's Degree or Higher,784178,98.5035540591096,,,98107,53033003400
28,53033003500,1284745,0,Census Tract 35,Washington,King County,3318,295,1606,197,0,13,12,18,0,13,0,13,0,13,0,13,0,13,0,13,182,95,49,27,132,52,67,37,600,125,325,87,135,85,104,47,1712,192,0,13,0,13,6,13,0,13,0,13,0,13,0,13,0,13,70,31,53,33,109,52,50,41,719,124,532,142,90,42,83,42,18,53,0.5,1.59661942818577,252,100,7.6,2.93724383763815,343,85,10.3,2.39123214169686,117,55,3.5,1.62770718747901,2588,268,78.0,4.14114387031163,Bachelor's Degree or Higher,784178,99.45750452079564,,,98103,53033003500
29,53033003800,624606,0,Census Tract 38,Washington,King County,1768,259,961,229,0,13,0,13,0,13,0,13,0,13,0,13,0,13,0,13,36,32,15,23,56,40,68,44,450,218,194,62,74,32,68,35,807,106,0,13,0,13,0,13,0,13,0,13,0,13,1,4,0,13,8,9,6,10,77,53,38,25,388,104,171,60,44,28,74,33,1,51,0.1,2.88460348443704,44,33,2.5,1.83056434089856,154,71,8.7,3.80772005110087,106,51,6.0,2.74765378676634,1463,264,82.7,8.71905639823099,Bachelor's Degree or Higher,784178,99.94343891402715,,,98115,53033003800
30,53033003900,973808,0,Census Tract 39,Washington,King County,2028,263,1007,148,12,18,0,13,0,13,0,13,0,13,0,13,0,13,0,13,46,35,0,13,85,54,25,23,391,80,243,82,161,104,44,30,1021,143,13,19,0,13,0,13,0,13,9,15,12,18,0,13,6,11,20,18,0,13,45,33,61,31,352,85,250,85,178,127,75,47,52,57,2.6,2.79091133898783,66,39,3.3,1.87619262059177,130,66,6.4,3.14647245542137,86,39,4.2,1.84276604195163,1694,240,83.5,4.76503942101928,Bachelor's Degree or Higher,784178,97.43589743589745,,,98115,53033003900
31,53033004000,2574586,3232248,Census Tract 40,Washington,King County,2180,222,1078,155,0,13,17,38,0,13,0,13,0,13,0,13,11,17,26,37,77,68,0,13,108,96,31,38,319,113,257,133,149,64,83,43,1102,136,31,31,0,13,0,13,16,37,23,34,0,13,28,39,0,13,54,48,24,29,58,51,82,82,375,104,201,75,155,59,55,38,152,98,7.0,4.43898390090967,131,83,6.0,3.75783966014655,190,113,8.7,5.10693468002062,113,90,5.2,4.09455542130342,1594,240,73.1,8.10910949726038,Bachelor's Degree or Higher,784178,93.0275229357798,,,98115,53033004000
32,53033004301,979236,0,Census Tract 43.01,Washington,King County,2148,236,1081,162,0,13,0,13,0,13,0,13,0,13,0,13,0,13,0,13,69,52,16,16,130,67,22,29,415,79,258,97,65,52,106,47,1067,123,0,13,0,13,0,13,0,13,0,13,0,13,9,13,0,13,39,31,13,19,105,53,69,52,394,95,250,82,95,50,93,45,9,52,0.4,2.42041887494647,108,61,5.0,2.78560389498955,264,89,12.3,3.91716993629796,91,60,4.2,2.75424173974212,1676,202,78.0,3.86599366951514,Bachelor's Degree or Higher,784178,99.58100558659216,,,98105,53033004301
33,53033004302,331137,0,Census Tract 43.02,Washington,King County,1458,376,660,162,0,13,0,13,0,13,0,13,0,13,0,13,0,13,0,13,107,91,21,28,76,50,31,26,220,83,135,73,33,36,37,31,798,254,9,15,0,13,0,13,0,13,0,13,0,13,0,13,0,13,105,143,90,73,59,41,36,35,248,93,153,68,33,31,65,42,9,53,0.6,3.63162928740295,212,169,14.5,10.9679243681728,246,101,16.9,5.39023293457648,67,44,4.6,2.77540983080433,924,175,63.4,20.2774622518436,Bachelor's Degree or Higher,784178,99.38271604938272,,,98105,53033004302
34,53033004500,670997,0,Census Tract 45,Washington,King County,2315,642,1315,427,0,13,0,13,0,13,0,13,0,13,8,14,0,13,0,13,31,23,30,37,102,73,104,89,480,199,351,134,111,45,98,88,1000,251,6,12,0,13,0,13,0,13,6,10,6,10,0,13,0,13,44,36,17,18,54,43,44,36,473,224,244,76,80,51,26,24,26,51,1.1,2.18089534659664,75,43,3.2,1.62570350124844,203,94,8.8,3.25173400588409,148,96,6.4,3.74875842156842,1863,356,80.5,27.1026485852061,Bachelor's Degree or Higher,784178,98.8768898488121,,,98105,53033004500
35,53033004600,1552358,1033232,Census Tract 46,Washington,King County,2717,424,1399,220,0,13,0,13,8,13,0,13,0,13,10,15,9,13,0,13,55,33,54,39,130,88,23,28,734,224,206,55,113,58,57,32,1318,252,9,14,0,13,0,13,22,35,0,13,0,13,0,13,0,13,56,37,17,20,65,41,53,37,630,221,330,80,86,39,50,29,58,62,2.1,2.25748136310464,111,50,4.1,1.72630068145087,266,107,9.8,3.62973399131483,76,46,2.8,1.63580288550505,2206,339,81.2,17.7824572358946,Bachelor's Degree or Higher,784178,97.86529260213472,,,98103,53033004600
36,53033004800,1278329,26886,Census Tract 48,Washington,King County,4107,566,2109,347,0,18,0,18,0,18,0,18,16,26,0,18,0,18,0,18,289,137,29,41,292,123,136,100,532,162,489,256,100,81,226,113,1998,421,0,18,0,18,0,18,0,18,0,18,0,18,0,18,15,25,67,58,0,18,100,61,47,42,990,414,578,170,33,36,168,73,31,76,0.8,1.8475730957445,356,149,8.7,3.4256393009995,421,144,10.3,3.20901654927734,183,108,4.5,2.55695363706158,3116,564,75.9,8.90271514887464,Bachelor's Degree or Higher,784178,99.24519113708304,,,98107,53033004800
37,53033005000,757380,0,Census Tract 50,Washington,King County,3485,411,1468,301,0,13,0,13,0,13,0,13,0,13,0,13,0,13,18,29,35,40,49,49,114,78,100,88,592,287,430,165,18,28,112,65,2017,325,0,13,27,42,0,13,0,13,0,13,9,22,0,13,39,49,149,167,0,13,203,179,34,40,738,222,412,158,184,92,222,120,93,87,2.7,2.47649601796934,184,172,5.3,4.89600175329986,366,202,10.5,5.66239435348116,134,97,3.8,2.74616999142356,2708,460,77.7,9.49979036156919,Bachelor's Degree or Higher,784178,97.33142037302726,,,98103,53033005000
38,53033005100,881731,0,Census Tract 51,Washington,King County,2872,266,1328,140,0,13,0,13,0,13,0,13,0,13,0,13,0,13,10,16,99,67,0,13,151,74,17,19,610,108,200,65,97,48,144,48,1544,203,24,24,0,13,0,13,0,13,0,13,0,13,0,13,54,82,85,55,10,15,89,46,73,57,719,119,260,85,102,44,128,64,88,99,3.1,3.43537353775467,184,87,6.4,2.97056338696455,250,89,8.7,2.99217393376641,90,60,3.1,2.06887718085462,2260,219,78.7,2.24228678924706,Bachelor's Degree or Higher,784178,96.93593314763233,,,98103,53033005100
39,53033005600,3022785,1546484,Census Tract 56,Washington,King County,5226,522,2477,285,0,18,0,18,0,18,0,18,0,18,0,18,0,18,0,18,143,119,41,54,294,127,77,61,784,206,694,221,238,94,206,78,2749,312,37,44,0,18,0,18,0,18,0,18,0,18,0,18,0,18,183,137,74,53,176,87,336,145,1050,247,605,153,198,104,90,65,37,82,0.7,1.56748323040066,326,181,6.2,3.4069430680525,585,172,11.2,3.09548830506411,413,157,7.9,2.89864930874236,3865,453,74.0,4.53504008253496,Bachelor's Degree or Higher,784178,99.29200153080753,,,98199,53033005600
40,53033005700,5085640,2365806,Census Tract 57,Washington,King County,4829,554,2443,449,0,18,14,24,0,18,0,18,0,18,0,18,0,18,0,18,231,159,58,48,189,101,97,65,1021,212,339,107,198,113,296,386,2386,313,0,18,40,47,0,18,0,18,0,18,0,18,0,18,15,25,82,59,14,24,300,158,106,73,1084,267,451,159,188,104,106,91,69,87,1.4,1.79414218065475,313,170,6.5,3.44096752332662,561,195,11.6,3.81182061425101,203,98,4.2,1.97126908636854,3683,578,76.3,8.16742031771002,Bachelor's Degree or Higher,784178,98.57113273969766,,,98199,53033005700
41,53033005801,1822365,260223,Census Tract 58.01,Washington,King County,5273,673,2876,414,0,18,0,18,13,22,0,18,0,18,0,18,0,18,0,18,155,156,118,72,155,74,240,163,1343,325,624,264,124,80,104,71,2397,397,0,18,0,18,0,18,0,18,0,18,0,18,0,18,0,18,164,144,30,37,236,106,179,118,1070,296,587,171,68,47,63,48,13,73,0.2,1.38405351058966,319,212,6.0,3.94564176865195,539,153,10.2,2.59173017723348,419,201,7.9,3.67448127462305,3983,555,75.5,4.22358571135152,Bachelor's Degree or Higher,784178,99.75346102787786,,,98199,53033005801
42,53033006000,1340653,160754,Census Tract 60,Washington,King County,4962,657,2640,546,32,50,0,18,0,18,0,18,62,72,4,9,0,18,0,18,106,66,11,18,536,425,81,69,1101,322,387,139,132,100,188,101,2322,322,0,18,0,18,0,18,0,18,0,18,0,18,0,18,0,18,274,162,137,84,222,142,143,101,851,183,472,164,219,124,4,12,98,109,2.0,2.1810740904472,380,175,7.7,3.37789287495695,906,456,18.3,8.86614569285142,224,122,4.5,2.38492437888014,3354,468,67.6,2.97608807500075,Bachelor's Degree or Higher,784178,98.02498992341798,,,98109,53033006000
43,53033006100,1227451,652743,Census Tract 61,Washington,King County,4808,520,2344,326,0,18,0,18,0,18,0,18,0,18,0,18,0,18,0,18,96,80,108,91,139,88,53,70,990,202,559,237,246,110,153,85,2464,312,0,18,0,18,0,18,15,25,0,18,0,18,0,18,0,18,80,58,56,48,208,117,75,59,970,282,674,187,245,118,141,82,15,74,0.3,1.53873159582357,176,99,3.7,2.02064939418208,511,179,10.6,3.54107001534128,128,92,2.7,1.89169066292998,3978,501,82.7,5.3392501441253,Bachelor's Degree or Higher,784178,99.68801996672212,,,98102,53033006100
44,53033006200,2437426,239356,Census Tract 62,Washington,King County,3260,362,1640,193,10,15,0,13,0,13,0,13,0,13,0,13,0,13,0,13,92,87,0,13,97,86,43,36,651,196,357,87,304,97,86,39,1620,256,30,49,0,13,0,13,0,13,0,13,0,13,0,13,0,13,64,50,30,51,80,48,101,55,505,107,420,153,218,75,172,112,40,71,1.2,2.17364810379577,156,100,4.8,3.02111020313143,207,112,6.3,3.36245138867417,144,66,4.4,1.9642237535387,2713,332,83.2,4.27985108729521,Bachelor's Degree or Higher,784178,98.77300613496932,,,98112,53033006200
45,53033006300,2610569,3533560,Census Tract 63,Washington,King County,4211,425,1969,207,0,18,0,18,0,18,0,18,0,18,14,21,0,18,12,21,35,54,98,82,80,74,32,40,997,215,434,172,219,88,48,38,2242,346,2,4,0,18,0,18,0,18,0,18,0,18,0,18,0,18,21,23,41,37,132,76,153,81,865,189,740,366,220,113,68,52,28,71,0.7,1.68472427053355,56,59,1.3,1.39464896424219,351,139,8.3,3.19187981004393,185,90,4.4,2.09076059152186,3591,520,85.3,8.85516024062618,Bachelor's Degree or Higher,784178,99.33507480408454,,,98112,53033006300
46,53033006400,903649,0,Census Tract 64,Washington,King County,2617,334,1390,229,0,13,9,22,0,13,0,13,0,13,15,15,0,13,0,13,45,26,5,9,63,39,31,28,678,222,243,73,210,76,91,51,1227,189,0,13,9,13,0,13,0,13,0,13,0,13,0,13,0,13,51,35,23,24,58,41,37,30,508,106,365,140,144,64,32,25,33,55,1.3,2.09547211010109,96,44,3.7,1.61481531544269,149,62,5.7,2.25493520693804,68,41,2.6,1.53117891639585,2271,314,86.8,4.61526575501259,Bachelor's Degree or Higher,784178,98.73901413832633,,,98112,53033006400
47,53033006500,1147619,0,Census Tract 65,Washington,King County,4127,588,2279,409,0,13,0,13,0,13,0,13,1,2,12,20,0,13,0,13,53,43,73,71,188,93,86,80,1071,308,547,243,107,67,141,80,1848,313,0,13,0,13,0,13,0,13,0,13,0,13,0,13,44,50,48,56,17,27,43,38,99,68,896,227,316,147,224,131,161,61,57,71,1.4,1.70908679753815,101,71,2.4,1.68467242807011,321,126,7.8,2.84484208343257,185,105,4.5,2.46275339463892,3463,509,83.9,3.03045230448808,Bachelor's Degree or Higher,784178,98.6188514659559,,,98102,53033006500
48,53033006600,1117109,831139,Census Tract 66,Washington,King County,3770,479,1969,338,0,13,0,13,0,13,0,13,0,13,0,13,0,13,0,13,46,52,34,39,106,87,31,34,1164,343,366,181,152,109,70,49,1801,282,0,13,0,13,0,13,0,13,0,13,0,13,0,13,0,13,34,54,30,42,191,130,16,26,927,196,438,212,99,83,66,52,0,52,0.0,1.37931034482759,80,75,2.1,1.97103536900428,361,167,9.6,4.25935631293063,47,43,1.2,1.12953123250182,3282,508,87.1,7.69585826004945,Bachelor's Degree or Higher,784178,100.0,,,98102,53033006600
49,53033006800,718106,0,Census Tract 68,Washington,King County,2425,268,1197,203,0,13,0,13,0,13,0,13,7,11,0,13,0,13,0,13,0,13,37,34,39,28,103,136,602,179,246,81,80,45,83,66,1228,149,0,13,0,13,0,13,0,13,8,13,0,13,0,13,0,13,33,30,19,22,70,50,82,54,480,104,338,114,142,71,56,46,15,52,0.6,2.14323997866005,33,33,1.4,1.35248888056607,165,70,6.8,2.78693424368944,185,146,7.6,5.96129325516642,2027,276,83.6,6.64843422478924,Bachelor's Degree or Higher,784178,99.38144329896907,,,98109,53033006800
50,53033006900,905121,0,Census Tract 69,Washington,King County,3609,392,1654,224,0,13,0,13,0,13,0,13,0,13,0,13,0,13,10,18,138,77,77,66,60,54,70,51,820,201,265,106,152,91,62,61,1955,246,13,22,22,33,0,13,0,13,0,13,0,13,0,13,0,13,74,67,98,82,177,90,158,105,836,224,469,130,67,56,41,40,45,64,1.2,1.76816523436608,212,102,5.9,2.7533059011418,412,149,11.4,3.93796336976994,228,117,6.3,3.16844160063475,2712,368,75.1,6.11174368031598,Bachelor's Degree or Higher,784178,98.75311720698254,,,98119,53033006900
51,53033007600,571882,0,Census Tract 76,Washington,King County,3533,390,1653,264,0,13,0,13,0,13,0,13,0,13,0,13,20,26,0,13,128,90,0,13,165,112,63,53,467,162,509,218,110,58,191,93,1880,230,0,13,0,13,43,65,0,13,0,13,0,13,0,13,0,13,134,90,0,13,65,49,33,45,811,223,650,206,112,69,32,42,63,85,1.8,2.3978213314487,262,127,7.4,3.50022685920668,230,124,6.5,3.43540713767326,96,70,2.7,1.95848284948374,2882,430,81.6,8.18821496847121,Bachelor's Degree or Higher,784178,98.216812906878,,,98112,53033007600
52,53033007700,1058322,0,Census Tract 77,Washington,King County,4346,532,2189,355,24,40,0,18,0,18,0,18,0,18,0,18,4,9,24,38,234,141,55,74,195,122,87,84,978,208,308,128,153,96,127,112,2157,322,0,18,0,18,0,18,0,18,0,18,0,18,4,10,0,18,175,114,109,81,69,56,196,114,690,172,525,186,75,55,314,168,56,84,1.3,1.92636495771634,409,181,9.4,4.00225104338641,428,173,9.8,3.79373956322456,283,142,6.5,3.16864897062907,3170,421,72.9,3.757184026178,Bachelor's Degree or Higher,784178,98.71145881270134,,,98112,53033007700
53,53033007800,2097740,3632914,Census Tract 78,Washington,King County,4215,324,1753,262,15,26,0,18,0,18,0,18,0,18,20,33,0,18,46,70,27,32,0,18,126,79,71,60,725,156,362,114,257,118,104,66,2462,284,18,33,0,18,0,18,0,18,0,18,0,18,0,18,19,32,166,121,117,104,128,77,46,41,1043,247,553,177,282,130,90,55,118,111,2.8,2.62464481233534,193,125,4.6,2.94463817593896,371,153,8.8,3.56628023517127,117,73,2.8,1.71871593432744,3416,410,81.0,7.47050672849154,Bachelor's Degree or Higher,784178,97.20047449584816,,,98122,53033007800
54,53033008002,234314,0,Census Tract 80.02,Washington,King County,3586,525,1970,456,0,13,0,13,9,14,3,8,3,8,8,16,0,13,0,13,222,100,27,30,229,166,102,80,707,183,486,383,21,24,153,104,1616,307,18,28,9,14,0,13,0,13,7,16,18,27,0,13,23,42,173,168,96,82,160,78,22,29,683,203,241,105,11,16,155,92,98,74,2.7,2.02442278327191,395,196,11.0,5.22238329347801,512,203,14.3,5.26084337579711,124,85,3.5,2.31563732664587,2457,503,68.5,9.80456502768545,Bachelor's Degree or Higher,784178,97.26715002788625,,,98121,53033008002
55,53033008200,375785,0,Census Tract 82,Washington,King County,3344,418,1883,268,0,13,0,13,0,13,0,13,0,13,0,13,1,4,2,4,167,134,27,31,310,144,25,37,836,259,334,109,84,61,97,55,1461,278,0,13,2,4,0,13,0,13,0,13,0,13,0,13,0,13,44,62,38,61,206,122,63,53,746,244,221,107,129,77,12,21,5,47,0.1,1.4053781169607,211,148,6.3,4.35499106363598,581,201,17.4,5.60469323164113,88,65,2.6,1.91574370550801,2459,404,73.5,7.84021159925455,Bachelor's Degree or Higher,784178,99.85047846889952,,,98101,53033008200
56,53033008300,237955,0,Census Tract 83,Washington,King County,2649,424,1535,335,31,37,0,13,36,58,10,21,0,13,0,13,0,13,0,13,112,70,36,41,191,116,36,39,531,182,354,205,81,63,117,87,1114,236,17,28,43,65,0,13,43,65,44,65,0,13,0,13,0,13,73,56,57,72,118,78,80,60,225,117,331,142,58,49,25,27,224,142,8.5,5.18683060374071,185,90,7.0,3.20835348696554,402,162,15.2,5.61243915354582,116,72,4.4,2.62607908756416,1722,352,65.0,8.26506446079959,Bachelor's Degree or Higher,784178,91.54397885994716,,,98101,53033008300
57,53033008500,450978,0,Census Tract 85,Washington,King County,3716,421,2469,316,0,13,0,13,21,31,38,42,46,53,56,50,109,102,33,36,605,165,141,89,424,135,139,71,560,172,182,97,60,38,55,42,1247,207,19,31,0,13,0,13,32,41,14,24,8,14,19,29,0,13,219,99,15,29,105,62,75,66,432,157,197,110,62,46,50,38,395,158,10.6,4.07777182060267,824,192,22.2,4.51497977432509,685,176,18.4,4.25096925173001,214,97,5.8,2.52748025227104,1598,287,43.0,5.99281753525751,Bachelor's Degree or Higher,784178,89.3702906350915,,,98104,53033008500
58,53033008600,711350,0,Census Tract 86,Washington,King County,3859,604,2175,382,0,18,0,18,0,18,15,29,0,18,0,18,46,65,0,18,186,117,146,166,295,152,262,138,675,210,394,143,142,105,14,23,1684,407,14,25,0,18,0,18,0,18,0,18,0,18,39,66,43,70,50,47,16,25,177,117,135,169,703,199,427,173,67,77,13,20,157,136,4.1,3.46622362947208,236,126,6.1,3.12163815170029,634,255,16.4,6.08707001559701,397,218,10.3,5.41479180302752,2435,390,63.1,2.14439959340249,Bachelor's Degree or Higher,784178,95.9315884944286,,,98122,53033008600
59,53033008700,732385,0,Census Tract 87,Washington,King County,3417,570,1903,420,34,42,0,13,0,13,29,41,0,13,4,9,55,61,0,13,153,81,32,27,234,161,253,219,633,143,323,101,85,52,68,64,1514,222,18,27,0,13,0,13,0,13,0,13,0,13,0,13,0,13,173,102,35,32,262,179,49,37,542,130,267,80,58,42,110,41,140,99,4.1,2.81551139607417,326,130,9.5,3.45564012535177,563,244,16.5,6.59062840454228,302,222,8.8,6.32743564306135,2086,253,61.0,12.5907193248489,Bachelor's Degree or Higher,784178,95.90283874743928,,,98122,53033008700
60,53033008800,948581,0,Census Tract 88,Washington,King County,3249,357,1740,236,10,15,0,13,59,95,0,13,0,13,0,13,18,31,7,15,175,103,170,122,191,113,49,52,596,112,319,107,49,36,97,50,1509,224,0,13,0,13,0,13,56,90,0,13,0,13,0,13,13,21,99,62,25,24,29,29,47,43,662,161,338,98,147,59,93,48,163,144,5.0,4.39771703716174,274,120,8.4,3.57530908157484,415,170,12.8,5.04062884942702,96,67,3.0,2.03645471628052,2301,263,70.8,2.22886936821792,Bachelor's Degree or Higher,784178,94.98307171437364,,,98122,53033008800
61,53033008900,1270033,1798066,Census Tract 89,Washington,King County,4587,524,2432,359,37,41,0,18,35,52,0,18,3,8,4,8,0,18,40,64,382,200,48,66,122,101,119,64,873,264,388,136,308,236,73,62,2155,325,58,85,38,51,0,18,0,18,0,18,23,28,3,6,133,103,151,142,85,90,130,99,187,110,781,202,462,201,36,27,68,64,374,178,8.2,3.7670924472592,533,245,11.6,5.17360962942144,385,180,8.4,3.80519356904021,306,127,6.7,2.66175046684348,2989,483,65.2,7.44744002262814,Bachelor's Degree or Higher,784178,91.84652278177458,,,98144,53033008900
62,53033009000,855872,0,Census Tract 90,Washington,King County,3044,310,1563,247,8,13,20,33,19,28,32,39,10,16,8,18,0,13,0,13,212,95,88,57,287,114,79,51,617,236,138,63,45,37,0,13,1481,201,39,49,10,15,45,45,0,13,10,15,0,13,23,28,25,23,169,95,29,24,198,108,37,29,600,147,243,76,45,42,8,14,249,105,8.2,3.34730424805337,381,134,12.5,4.21351702386221,602,169,19.8,5.17371060448172,116,59,3.8,1.89898884198583,1696,301,55.7,8.09833164373657,Bachelor's Degree or Higher,784178,91.81997371879106,,,98144,53033009000
63,53033009100,410621,0,Census Tract 91,Washington,King County,2428,335,1289,281,166,166,0,13,12,19,108,105,27,44,0,13,11,18,74,68,148,72,46,37,74,65,141,100,352,125,130,116,0,13,0,13,1139,190,96,67,124,119,106,70,71,59,10,18,0,13,12,19,38,44,160,96,12,17,81,66,27,28,345,105,38,47,10,17,9,14,855,276,35.2,10.2767253891932,308,120,12.7,4.6220526412119,213,101,8.8,3.97981151321934,168,104,6.9,4.17561616776442,884,208,36.4,6.93930435651501,Bachelor's Degree or Higher,784178,64.78583196046128,,,98104,53033009100
64,53033009200,338451,154864,Census Tract 92,Washington,King County,2401,444,1558,355,29,25,70,53,10,16,3,6,36,37,5,11,14,15,49,46,205,97,80,85,322,168,83,59,501,238,109,61,36,35,6,11,843,223,51,47,39,46,27,32,0,13,14,22,0,13,106,171,7,11,202,74,71,108,44,35,43,40,170,66,51,45,18,21,0,13,460,208,19.2,7.90547637208546,407,122,17.0,3.99906813148831,517,220,21.5,8.25241511129134,126,71,5.2,2.79332983470116,891,262,37.1,8.48420635830072,Bachelor's Degree or Higher,784178,80.84131611828404,,,98104,53033009200
65,53033009300,9444110,639051,Census Tract 93,Washington,King County,2543,358,1617,250,8,14,0,13,9,14,0,13,0,13,9,21,35,42,18,21,264,138,45,52,194,85,94,60,562,136,243,100,102,56,34,30,926,210,0,13,4,6,3,5,0,13,8,13,4,7,0,13,0,13,98,79,55,40,117,58,94,58,323,99,140,128,51,37,29,43,98,67,3.9,2.57822187780761,362,159,14.2,5.92259995123157,411,122,16.2,4.2236254200067,188,83,7.4,3.09348075745719,1484,249,58.4,5.32763880766536,Bachelor's Degree or Higher,784178,96.1462839166339,,,98134,53033009300
66,53033009400,1686311,0,Census Tract 94,Washington,King County,5590,710,3226,512,189,94,70,75,47,58,49,65,4,17,57,68,0,18,16,32,188,93,79,86,277,117,209,158,1266,291,636,351,84,62,55,62,2364,375,90,61,28,41,80,73,43,59,0,18,9,18,3,15,10,19,300,145,36,52,174,87,176,112,775,263,475,161,95,62,70,73,695,209,12.4,3.38896730088838,488,172,8.7,2.8701934791294,566,177,10.1,2.89344360975981,385,194,6.9,3.35842584602188,3456,566,61.8,6.39204574738481,Bachelor's Degree or Higher,784178,87.56708407871199,,,98144,53033009400
67,53033009500,2597717,2916270,Census Tract 95,Washington,King County,5139,562,2662,291,13,22,0,18,0,18,0,18,0,18,18,30,0,18,0,18,322,142,109,110,302,183,259,153,853,211,621,202,152,83,13,22,2477,348,56,56,18,30,50,80,15,25,0,18,0,18,11,18,18,30,236,163,64,58,130,79,175,140,870,181,688,199,94,65,52,50,199,128,3.9,2.45449292605753,558,216,10.9,4.03193075632661,605,235,11.8,4.38789458207807,434,207,8.4,3.92071112388951,3343,414,65.1,3.78027052700288,Bachelor's Degree or Higher,784178,96.12765129402608,,,98144,53033009500
68,53033009600,1906922,1385222,Census Tract 96,Washington,King County,4827,765,2400,392,18,30,0,18,0,18,80,90,0,18,9,21,0,18,0,18,167,80,99,65,183,107,146,137,903,255,504,342,213,107,78,52,2427,440,0,18,20,33,0,18,0,18,0,18,0,18,0,18,9,21,88,65,85,78,342,147,64,48,1045,176,498,350,208,140,68,66,136,121,2.8,2.466642574396,255,103,5.3,1.96272042518891,709,208,14.7,3.62621830598804,210,145,4.4,2.92373737094332,3517,611,72.9,5.18504768063995,Bachelor's Degree or Higher,784178,97.18251501968096,,,98116,53033009600
69,53033009701,1861358,1607123,Census Tract 97.01,Washington,King County,4789,681,2336,293,0,18,0,18,0,18,0,18,0,18,0,18,0,18,0,18,339,126,49,46,350,161,135,72,849,209,441,230,78,56,95,53,2453,499,0,18,0,18,0,18,0,18,0,18,0,18,0,18,86,97,227,131,44,42,196,106,140,75,878,308,549,204,171,81,162,141,86,119,1.8,2.4717049276397,566,182,11.8,3.40856518663115,639,203,13.3,3.79051360118108,275,104,5.7,2.01227691189292,3223,515,67.3,4.90480361131453,Bachelor's Degree or Higher,784178,98.20421799958238,,,98116,53033009701
70,53033009702,2220441,0,Census Tract 97.02,Washington,King County,3871,378,1983,253,0,18,0,18,0,18,0,18,0,18,0,18,0,18,0,18,120,76,46,53,312,163,136,72,825,206,415,153,86,64,43,47,1888,218,0,18,0,18,0,18,0,18,0,18,0,18,0,18,0,18,121,67,48,42,95,64,200,93,734,146,510,183,132,82,48,49,0,72,0.0,1.85998450012917,241,101,6.2,2.53732992712087,501,188,12.9,4.68930613355406,336,118,8.7,2.9281010975569,2793,369,72.2,6.42081973034656,Bachelor's Degree or Higher,784178,100.0,,,98116,53033009702
71,53033009900,6565170,2370735,Census Tract 99,Washington,King County,4726,618,2262,428,0,18,0,18,13,28,16,28,8,13,0,18,58,74,47,74,286,123,54,48,392,271,353,204,661,201,293,138,68,61,13,22,2464,333,0,18,0,18,13,29,0,18,0,18,12,20,0,18,0,18,364,206,72,66,464,170,135,75,851,260,399,171,68,58,86,93,167,130,3.5,2.71165180280894,650,240,13.8,4.74914427009757,982,330,20.8,6.43230303221773,488,217,10.3,4.38859324201991,2439,415,51.6,5.61838325750039,Bachelor's Degree or Higher,784178,96.46635632670332,,,98126,53033009900
72,53033010001,2327512,0,Census Tract 100.01,Washington,King County,2725,311,1336,230,68,45,8,13,60,117,0,13,22,28,0,13,0,13,20,22,168,85,55,39,230,135,170,112,321,130,165,100,39,32,10,9,1389,184,155,70,0,13,71,76,55,53,87,87,0,13,0,13,26,24,246,108,84,56,119,90,28,26,263,94,220,79,21,24,14,17,572,199,21.0,6.89862676125939,414,137,15.2,4.71905995338632,488,176,17.9,6.12680335685409,198,115,7.3,4.13790655468711,1053,210,38.6,6.31975502734895,Bachelor's Degree or Higher,784178,79.00917431192661,,,98108,53033010001
73,53033010002,948077,0,Census Tract 100.02,Washington,King County,3890,520,2228,491,136,118,42,67,0,13,0,13,0,13,0,13,0,13,61,47,144,71,133,171,288,138,178,83,910,402,238,75,40,33,58,41,1662,191,73,40,0,13,11,15,7,12,32,52,9,13,0,13,51,39,332,134,40,34,89,48,45,31,566,124,275,102,84,57,48,33,422,168,10.8,4.06801792324775,476,152,12.2,3.54860515074396,550,227,14.1,5.52092316029351,223,89,5.7,2.155765376688,2219,447,57.0,8.5963208835449,Bachelor's Degree or Higher,784178,89.15167095115682,,,98144,53033010002
74,53033010200,2795533,2076618,Census Tract 102,Washington,King County,3923,351,2125,253,20,31,0,18,6,8,0,18,9,13,2,6,0,18,25,27,140,67,41,35,328,127,204,118,707,160,310,87,255,85,78,54,1798,203,27,33,10,17,5,7,0,18,0,18,0,18,0,18,13,16,153,75,29,28,169,86,81,49,777,174,314,84,99,62,121,63,117,77,3.0,1.94456011258396,293,101,7.5,2.48632345898755,567,160,14.5,3.86807213060352,285,128,7.3,3.1974081940733,2661,297,67.8,4.52588023374084,Bachelor's Degree or Higher,784178,97.01758858016824,,,98118,53033010200
75,53033010401,1629874,0,Census Tract 104.01,Washington,King County,3230,377,1565,242,50,66,0,13,39,56,0,13,10,15,31,35,9,15,7,14,312,118,67,66,212,109,120,75,418,151,199,145,29,28,62,38,1665,229,54,41,63,53,70,52,57,53,27,27,61,56,16,25,29,29,241,96,17,25,147,84,110,62,486,189,209,81,9,15,69,65,523,158,16.2,4.51181139041064,553,152,17.1,4.26052955227031,443,155,13.7,4.52388300721936,230,97,7.1,2.88579688876809,1481,305,45.9,7.77974321902972,Bachelor's Degree or Higher,784178,83.80804953560371,,,98108,53033010401
76,53033010402,1742875,0,Census Tract 104.02,Washington,King County,3595,631,1883,402,97,58,0,13,73,77,0,13,31,33,14,18,13,16,32,33,519,336,98,74,314,104,170,92,383,109,56,41,43,31,40,36,1712,257,122,58,29,26,57,47,45,45,49,68,0,13,0,13,22,25,337,239,64,48,164,67,182,87,407,111,180,81,18,21,36,31,584,162,16.2,3.48946979481705,856,412,23.8,10.6711384601118,640,152,17.8,2.84831336589095,352,127,9.8,3.08646725209217,1163,190,32.4,7.75722365290808,Bachelor's Degree or Higher,784178,83.75521557719054,,,98108,53033010402
77,53033010701,1457384,3664,Census Tract 107.01,Washington,King County,3217,391,1710,307,13,26,0,13,0,13,0,13,31,47,4,11,10,16,15,29,422,207,71,60,193,100,166,98,521,136,243,95,0,13,21,23,1507,236,82,66,0,13,11,17,0,13,3,6,34,50,0,13,17,20,319,163,19,21,209,87,106,83,443,119,221,92,18,21,25,27,220,113,6.8,3.41283119741495,741,263,23.0,7.68102777996845,492,147,15.3,4.17430817180363,272,128,8.5,3.84386379009681,1492,228,46.4,4.29597588880977,Bachelor's Degree or Higher,784178,93.16133043207958,,,98106,53033010701
78,53033010702,780116,0,Census Tract 107.02,Washington,King County,3058,433,1275,204,12,17,0,13,2,5,15,24,13,21,0,13,0,13,16,27,209,104,44,28,229,112,120,61,303,139,243,76,26,23,43,52,1783,360,150,95,0,13,9,15,55,50,28,30,6,9,0,13,30,31,317,165,18,27,124,59,145,130,593,248,268,104,36,29,4,6,336,129,11.0,3.92106728417736,526,195,17.2,5.89326471167316,415,132,13.6,3.86523772986491,265,144,8.7,4.54628172217236,1516,319,49.6,7.71652041217068,Bachelor's Degree or Higher,784178,89.01242642249836,,,98126,53033010702
79,53033010800,4140525,322633,Census Tract 108,Washington,King County,3511,423,1703,207,43,35,8,13,25,27,0,13,0,13,0,13,1,2,11,18,292,123,64,37,259,149,123,59,587,143,243,92,17,20,30,33,1808,259,37,34,8,14,2,4,0,13,9,13,5,11,0,13,1,2,280,157,86,50,156,66,235,170,579,142,351,116,38,40,21,25,150,70,4.3,1.9261463633861,572,199,16.3,5.31719285500066,565,174,16.1,4.56088096712871,358,180,10.2,4.97738790966655,1866,257,53.1,3.5469043077006,Bachelor's Degree or Higher,784178,95.72771290230703,,,98106,53033010800
80,53033010900,5389781,414929,Census Tract 109,Washington,King County,1032,157,563,101,27,28,0,13,0,13,0,13,0,13,7,10,27,35,0,13,124,53,42,25,95,47,18,13,179,64,17,15,15,24,12,12,469,128,0,13,0,13,0,13,0,13,0,13,0,13,19,28,0,13,25,21,32,32,37,30,66,44,212,115,67,30,6,9,5,9,80,70,7.8,6.67963818549705,149,57,14.4,5.06772597389667,206,69,20.0,5.95662939309672,84,46,8.1,4.28191016615922,513,139,49.7,11.1455996220217,Bachelor's Degree or Higher,784178,92.24806201550388,,,98108,53033010900
81,53033011001,1080391,0,Census Tract 110.01,Washington,King County,3697,500,1745,341,249,186,54,57,28,43,89,69,29,42,0,18,0,18,123,78,425,192,129,73,168,81,71,47,297,113,83,50,0,18,0,18,1952,350,58,50,214,123,55,46,39,48,41,63,0,18,8,19,101,59,263,134,123,99,291,169,82,71,365,169,231,92,59,48,22,23,1088,288,29.4,6.69656811194061,688,234,18.6,5.80753122352079,711,224,19.2,5.47228159679906,153,85,4.1,2.22999305052181,1057,236,28.6,5.07917408052367,Less than High School,4C91BF,70.57073302677847,,,98118,53033011001
82,53033011002,1719569,0,Census Tract 110.02,Washington,King County,2826,358,1359,251,56,47,22,34,27,25,37,32,0,13,16,21,8,14,35,33,600,235,11,17,212,85,66,43,158,66,111,78,0,13,0,13,1467,203,74,49,44,46,58,53,83,73,18,22,10,16,9,15,27,27,456,119,64,58,176,105,136,76,257,105,32,35,18,22,5,8,524,146,18.5,4.60144736296959,1056,263,37.4,8.01259742634097,463,148,16.4,4.80826487048006,202,87,7.1,2.94237527771054,581,154,20.6,4.78673379851065,High School,738046,81.45789101203114,,,98108,53033011002
83,53033011101,1136851,0,Census Tract 111.01,Washington,King County,4101,437,1984,290,119,112,0,18,13,21,55,87,49,52,0,18,48,55,1,6,459,206,240,130,178,105,191,91,419,139,151,82,25,38,36,42,2117,318,130,93,19,32,13,20,27,41,26,42,83,95,51,64,42,44,445,160,43,37,279,160,175,112,365,189,313,138,73,59,33,38,676,236,16.5,5.48007338136999,904,261,22.0,5.91496860321962,740,234,18.0,5.37219071533053,366,144,8.9,3.38010179978604,1415,298,34.5,6.2677098172322,Bachelor's Degree or Higher,784178,83.51621555718117,,,98118,53033011101
84,53033011102,1303226,1143440,Census Tract 111.02,Washington,King County,4099,684,2171,432,53,65,0,18,15,24,0,18,0,18,0,18,0,18,0,18,587,280,97,77,244,155,219,93,564,184,230,74,74,60,88,66,1928,330,0,18,0,18,18,21,13,17,3,7,0,18,0,18,0,18,264,110,38,39,192,106,74,49,827,296,348,137,73,68,78,66,102,96,2.5,2.3049297198409,851,301,20.8,6.47465978758635,571,207,13.9,4.48320791123782,293,105,7.1,2.26694134221018,2282,403,55.7,3.21830475054962,Bachelor's Degree or Higher,784178,97.51158819224202,,,98118,53033011102
85,53033011200,2483779,139646,Census Tract 112,Washington,King County,2704,367,1498,277,28,33,0,13,117,135,0,13,8,12,21,27,28,40,76,57,503,151,49,43,133,76,123,69,292,117,60,50,60,55,0,13,1206,218,35,34,20,23,0,13,111,103,31,34,0,13,37,59,33,37,277,112,26,30,194,75,76,59,296,98,63,43,0,13,7,12,545,210,20.2,7.26853449036286,780,188,28.8,5.74553722378801,402,119,14.9,3.9110462638574,199,91,7.4,3.21373412907629,778,176,28.8,5.20726880963261,High School,738046,79.84467455621301,,,98108,53033011200
86,53033011300,3419308,42220,Census Tract 113,Washington,King County,4818,539,2291,378,53,53,0,18,47,52,0,18,0,18,43,65,0,18,0,18,308,158,149,95,405,229,197,95,667,183,257,108,125,90,40,49,2527,376,50,40,27,42,1,2,18,29,79,80,0,18,0,18,30,34,388,137,220,127,180,87,441,251,597,160,308,107,106,71,82,89,348,154,7.2,3.09252340701559,696,209,14.4,4.02562282699687,954,292,19.8,5.6412806230068,638,268,13.2,5.36157963321718,2182,325,45.3,4.45338448787018,Bachelor's Degree or Higher,784178,92.77708592777088,,,98106,53033011300
87,53033011401,1233155,0,Census Tract 114.01,Washington,King County,3767,565,1754,349,41,48,2,12,6,13,0,18,77,67,15,24,51,65,25,27,313,108,72,44,294,107,358,319,338,100,127,59,35,33,0,18,2013,294,6,10,0,18,0,18,0,18,0,18,24,43,21,27,31,36,325,214,106,60,537,178,129,67,543,135,227,82,14,17,50,50,299,135,7.9,3.3802376436758,638,240,16.9,5.84279274271909,1009,221,26.8,4.27537840085873,487,326,12.9,8.43407407013669,1334,206,35.4,1.30133201279819,Bachelor's Degree or Higher,784178,92.06264932306875,,,98106,53033011401
88,53033011402,1186191,0,Census Tract 114.02,Washington,King County,3132,354,1578,230,38,39,5,9,0,13,14,23,124,122,0,13,0,13,11,13,464,154,66,47,202,87,152,75,406,183,43,36,22,23,31,32,1554,244,13,16,29,31,8,13,47,65,35,52,0,13,0,13,38,42,285,153,127,92,191,91,120,91,366,121,289,142,0,13,6,9,362,168,11.6,5.20247174821221,749,217,23.9,6.37948112560127,586,163,18.7,4.75531756789787,272,118,8.7,3.63744428614099,1163,267,37.1,7.4201847851136,Bachelor's Degree or Higher,784178,88.44189016602809,,,98106,53033011402
89,53033011500,1538373,0,Census Tract 115,Washington,King County,3443,345,1520,168,10,17,0,13,0,13,0,13,6,9,0,13,11,17,18,21,202,82,56,40,241,103,230,87,488,113,154,73,55,41,49,37,1923,261,0,13,0,13,0,13,5,8,0,13,0,13,7,11,17,21,129,47,193,142,222,96,170,61,711,213,348,94,49,45,72,61,74,57,2.1,1.64146488395974,331,95,9.6,2.58559624169049,712,204,20.7,5.55090241202311,400,106,11.6,2.85012929883885,1926,285,55.9,6.09097605876902,Bachelor's Degree or Higher,784178,97.85071158873076,,,98126,53033011500
90,53033011700,3515808,0,Census Tract 117,Washington,King County,4162,553,1853,327,179,153,0,18,15,21,14,15,11,18,112,112,7,12,105,87,438,121,75,61,375,146,97,63,323,100,54,39,26,23,22,32,2309,322,169,138,53,69,22,25,0,18,108,75,122,100,0,18,65,49,655,178,109,64,292,110,159,80,369,138,135,71,29,28,22,25,982,297,23.6,6.41049070596199,1093,215,26.3,3.80919525174681,851,203,20.4,4.0507879520173,256,102,6.2,2.31046189688518,980,196,23.5,3.51983833131384,High School,738046,76.40557424315233,,,98118,53033011700
91,53033012000,1437048,0,Census Tract 120,Washington,King County,2551,305,1091,135,8,15,9,14,0,13,0,13,8,15,31,26,0,13,9,13,129,68,81,63,160,82,79,47,339,84,225,71,13,14,0,13,1460,243,7,12,0,13,0,13,0,13,13,20,15,26,0,13,9,15,151,81,170,129,121,54,133,55,518,130,261,108,50,37,12,14,109,64,4.3,2.4562564961903,280,106,11.0,3.94256283043555,532,174,20.9,6.34878362878736,212,72,8.3,2.64174444391468,1418,206,55.6,4.58711639684546,Bachelor's Degree or Higher,784178,95.72716581732654,,,98146,53033012000
92,53033012100,1739952,1380849,Census Tract 121,Washington,King County,2110,218,951,99,0,13,0,13,0,13,0,13,0,13,2,7,0,13,11,16,53,35,44,30,110,51,72,42,521,123,53,31,66,50,19,18,1159,166,0,13,0,13,0,13,0,13,0,13,21,23,0,13,12,19,75,35,60,40,126,46,50,35,500,145,233,86,82,56,0,13,46,57,2.2,2.69201518918146,128,49,6.1,2.23609749782827,340,85,16.1,3.66832796844554,122,55,5.8,2.53725882031859,1474,225,69.9,7.84968356668266,Bachelor's Degree or Higher,784178,97.81990521327016,,,98146,53033012100
