,Geographic Identifier - FIPS Code,Area of Land (Square Meters),Area of Water (Square Meters),Name,State,County,Total Workers 16 Years and Over,Total Workers 16 Years and Over - Margin of Error,"All Workers who commuted by car, truck, or van","All Workers who commuted by car, truck, or van - Margin of Error",Workers who drove alone,Workers who drove alone - Margin of Error,Workers who carpooled,Workers who carpooled - Margin of Error,All Workers who commuted by public transportation (excluding taxicab),All Workers who commuted by public transportation (excluding taxicab) - Margin of Error,Workers who commuted by bus,Workers who commuted by bus - Margin of Error,Workers who commuted by subway or elevated rail,Workers who commuted by subway or elevated rail - Margin of Error,Workers who commuted by long-distance train or commuter rail,Workers who commuted by long-distance train or commuter rail - Margin of Error,"Workers who commuted by light rail, streetcar or trolley (carro público in Puerto Rico)","Workers who commuted by light rail, streetcar or trolley (carro público in Puerto Rico) - Margin of Error",Workers who commuted by ferryboat,Workers who commuted by ferryboat - Margin of Error,Workers who commuted by taxicab,Workers who commuted by taxicab - Margin of Error,Workers who commuted by motorcycle,Workers who commuted by motorcycle - Margin of Error,Workers who commuted by bicycle,Workers who commuted by bicycle - Margin of Error,Workers who commuted by walking,Workers who commuted by walking - Margin of Error,Workers who commuted by other means,Workers who commuted by other means - Margin of Error,Workers who worked at home,Workers who worked at home - Margin of Error,Percent of workers who commuted by driving alone,Percent of workers who commuted by driving alone - Margin of Error,Percent of workers who commuted by carpooling,Percent of workers who commuted by carpooling - Margin of Error,Percent of workers who commuted by public transportation,Percent of workers who commuted by public transportation - Margin of Error,Percent of workers who commuted by bus,Percent of workers who commuted by bus - Margin of Error,"Percent of workers who commuted by light rail, streetcar or trolley","Percent of workers who commuted by light rail, streetcar or trolley - Margin of Error",Percent of workers who commuted by subway or elevated rail,Percent of workers who commuted by subway or elevated rail - Margin of Error,Percent of workers who commuted by long-distance train or commuter rail,Percent of workers who commuted by long-distance train or commuter rail - Margin of Error,Percent of workers who commuted by ferryboat,Percent of workers who commuted by ferryboat - Margin of Error,Percent of workers who commuted by taxicab,Percent of workers who commuted by taxicab - Margin of Error,Percent of workers who commuted by motorcycle,Percent of workers who commuted by motorcycle - Margin of Error,Percent of workers who commuted by bicycle,Percent of workers who commuted by bicycle - Margin of Error,Percent of workers who commuted by walking,Percent of workers who commuted by walking - Margin of Error,Percent of workers who commuted by other means,Percent of workers who commuted by other means - Margin of Error,Percent of workers who worked at home,Percent of workers who worked at home - Margin of Error,x,y,zip,tract
0,53033000300,1211013,0,Census Tract 3,Washington,King County,1761,238,1223,235,1102,230,121,69,166,68,166,68,0,13,0,13,0,13,0,13,25,35,10,18,0,13,101,89,0,13,236,84,62.6,9.95263199420223,6.9,3.8065936972087,9.4,3.64522759915537,9.4,3.64522759915537,0.0,0.738216922203294,0.0,0.738216922203294,0.0,0.738216922203294,0.0,0.738216922203294,1.4,1.97822442210716,0.6,1.01926123585709,0.0,0.738216922203294,5.7,4.9941501675887,0.0,0.738216922203294,13.4,4.41277226826277,,,98133,53033000300
1,53033000402,1798938,0,Census Tract 4.02,Washington,King County,2903,591,1886,505,1458,502,428,196,608,324,608,324,0,18,0,18,0,18,0,18,20,32,0,18,40,46,62,59,0,18,287,126,50.2,13.9457654656212,14.7,6.04777960608457,20.9,10.314309085641,20.9,10.314309085641,0.0,0.620048225973131,0.0,0.620048225973131,0.0,0.620048225973131,0.0,0.620048225973131,0.7,1.09334848514514,0.0,0.620048225973131,1.4,1.55954065956781,2.1,1.98532679707147,0.0,0.620048225973131,9.9,3.8454699084201,,,98133,53033000402
2,53033000500,2898252,953717,Census Tract 5,Washington,King County,1494,209,901,124,827,122,74,42,82,45,82,45,0,13,0,13,0,13,0,13,12,18,0,13,39,37,33,42,20,23,407,150,55.4,2.59191972723917,5.0,2.72451355460596,5.5,2.91253979503456,5.5,2.91253979503456,0.0,0.870147255689424,0.0,0.870147255689424,0.0,0.870147255689424,0.0,0.870147255689424,0.8,1.1995682021641,0.0,0.870147255689424,2.6,2.44950107566531,2.2,2.79421135467218,1.3,1.52805834141652,27.2,9.28876029591055,,,98177,53033000500
3,53033000700,1294438,0,Census Tract 7,Washington,King County,3384,613,2213,393,1915,400,298,169,450,157,447,158,0,18,3,10,0,18,0,18,0,18,17,28,124,122,64,63,0,18,516,323,56.6,5.88524469108311,8.8,4.73246868120644,13.3,3.9651164001892,13.2,4.00928082167162,0.0,0.531914893617021,0.0,0.531914893617021,0.1,0.295071594130438,0.0,0.531914893617021,0.0,0.531914893617021,0.5,0.822403684632004,3.7,3.54356818367632,1.9,1.82990824094779,0.0,0.531914893617021,15.2,9.13651439319825,,,98125,53033000700
4,53033000800,1141931,0,Census Tract 8,Washington,King County,1580,247,963,144,839,122,124,83,161,63,161,63,0,13,0,13,0,13,0,13,16,26,0,13,37,35,21,23,0,13,382,208,53.1,11.3372396439464,7.8,5.1078847722403,10.2,3.65531511883295,10.2,3.65531511883295,0.0,0.822784810126582,0.0,0.822784810126582,0.0,0.822784810126582,0.0,0.822784810126582,1.0,1.6379371061805,0.0,0.822784810126582,2.3,2.18473027226135,1.3,1.44079118447474,0.0,0.822784810126582,24.2,12.6103197414839,,,98125,53033000800
5,53033000900,1004853,1849039,Census Tract 9,Washington,King County,994,123,656,109,565,108,91,43,155,55,141,54,0,13,0,13,10,10,4,6,0,13,0,13,20,19,15,16,5,7,143,61,56.8,8.28131257443485,9.2,4.1749893481268,15.6,5.18584543673216,14.2,5.14120755471264,1.0,0.998304193137946,0.0,1.30784708249497,0.0,1.30784708249497,0.4,0.60156427423118,0.0,1.30784708249497,0.0,1.30784708249497,2.0,1.89518405138965,1.5,1.59878988283207,0.5,0.701469132917249,14.4,5.87294347939365,,,98125,53033000900
6,53033001000,954203,0,Census Tract 10,Washington,King County,1073,146,576,109,459,103,117,50,149,41,149,41,0,13,0,13,0,13,0,13,0,13,11,11,80,50,23,24,0,13,234,78,42.8,7.63325355312636,10.9,4.41732272313395,13.9,3.32120860123724,13.9,3.32120860123724,0.0,1.21155638397018,0.0,1.21155638397018,0.0,1.21155638397018,0.0,1.21155638397018,0.0,1.21155638397018,1.0,1.01562869130863,7.5,4.54806193017208,2.1,2.21762186895505,0.0,1.21155638397018,21.8,6.63612034940276,,,98125,53033001000
7,53033001100,1060685,0,Census Tract 11,Washington,King County,1527,217,1085,211,925,191,160,87,172,78,172,78,0,13,0,13,0,13,0,13,0,13,0,13,20,23,36,28,0,13,214,80,60.6,9.07468129703005,10.5,5.49942712489887,11.3,4.85077144229239,11.3,4.85077144229239,0.0,0.851342501637197,0.0,0.851342501637197,0.0,0.851342501637197,0.0,0.851342501637197,0.0,0.851342501637197,0.0,0.851342501637197,1.3,1.49467693124024,2.4,1.80279407843338,0.0,0.851342501637197,14.0,4.84572956796685,,,98125,53033001100
8,53033001300,1180877,0,Census Tract 13,Washington,King County,3009,478,1694,461,1434,410,260,118,659,196,659,196,0,13,0,13,0,13,0,13,0,13,0,13,78,119,83,83,0,13,495,194,47.7,11.3290566055724,8.6,3.67349398165867,21.9,5.50683539269396,21.9,5.50683539269396,0.0,0.432037221668328,0.0,0.432037221668328,0.0,0.432037221668328,0.0,0.432037221668328,0.0,0.432037221668328,0.0,0.432037221668328,2.6,3.93330498344841,2.8,2.72336444468363,0.0,0.432037221668328,16.5,5.8939524980069,,,98133,53033001300
9,53033001400,2152767,213389,Census Tract 14,Washington,King County,3404,528,2150,400,1722,297,428,250,498,214,480,212,0,18,0,18,18,30,0,18,0,18,100,154,52,58,90,102,13,21,501,181,50.6,3.81512469195516,12.6,7.08061678736208,14.6,5.8628771594386,14.1,5.83125747829578,0.5,0.877491054786447,0.0,0.528789659224442,0.0,0.528789659224442,0.0,0.528789659224442,0.0,0.528789659224442,2.9,4.50108261589872,1.5,1.68732150125796,2.6,2.9682777794295,0.4,0.614070637157342,14.7,4.80225284870798,,,98133,53033001400
10,53033001500,1167711,526885,Census Tract 15,Washington,King County,1583,279,1078,279,1018,286,60,45,158,63,145,63,0,13,0,13,13,19,0,13,0,13,0,13,41,32,28,43,0,13,278,74,64.3,14.0695214226171,3.8,2.76309703285214,10.0,3.56989219519514,9.2,3.63763828604259,0.8,1.19149364829969,0.0,0.82122552116235,0.0,0.82122552116235,0.0,0.82122552116235,0.0,0.82122552116235,0.0,0.82122552116235,2.6,1.96926276853084,1.8,2.69841315846086,0.0,0.82122552116235,17.6,3.50318846428822,,,98117,53033001500
11,53033001600,2020358,320118,Census Tract 16,Washington,King County,2625,378,1476,172,1242,171,234,112,252,80,252,80,0,13,0,13,0,13,0,13,0,13,0,13,41,31,39,34,0,13,817,381,47.3,9.42636681134576,8.9,4.06898866845759,9.6,2.71605450965374,9.6,2.71605450965374,0.0,0.495238095238095,0.0,0.495238095238095,0.0,0.495238095238095,0.0,0.495238095238095,0.0,0.495238095238095,0.0,0.495238095238095,1.6,1.15933691831095,1.5,1.277446741447,0.0,0.495238095238095,31.1,13.8049883177149,,,98117,53033001600
12,53033001701,892768,0,Census Tract 17.01,Washington,King County,3219,404,1688,430,1576,420,112,90,875,291,826,290,0,13,0,13,0,13,49,79,0,13,0,13,71,57,45,43,0,13,540,147,49.0,11.5100646512743,3.5,2.76158811047508,27.2,8.37164880894975,25.7,8.41372727717552,0.0,0.403852127990059,0.0,0.403852127990059,0.0,0.403852127990059,1.5,2.44673109410493,0.0,0.403852127990059,0.0,0.403852127990059,2.2,1.74896468304335,1.4,1.32424649284702,0.0,0.403852127990059,16.8,4.05234266717579,,,98103,53033001701
13,53033001702,1280220,0,Census Tract 17.02,Washington,King County,3217,528,1471,351,1376,360,95,81,807,248,807,248,0,18,0,18,0,18,0,18,16,28,0,18,88,94,128,169,0,18,707,318,42.8,8.71464489545378,3.0,2.47078396780612,25.1,6.51749848495935,25.1,6.51749848495935,0.0,0.55952751010258,0.0,0.55952751010258,0.0,0.55952751010258,0.0,0.55952751010258,0.5,0.866539718811817,0.0,0.55952751010258,2.7,2.88727867664256,4.0,5.21259369799121,0.0,0.55952751010258,22.0,9.20337957204442,,,98117,53033001702
14,53033001800,946085,0,Census Tract 18,Washington,King County,3582,441,2063,359,1922,345,141,86,631,157,631,157,0,18,0,18,0,18,0,18,16,26,117,80,54,67,175,121,60,78,466,198,53.7,7.00898912359416,3.9,2.35147331059254,17.6,3.80884293390534,17.6,3.80884293390534,0.0,0.50251256281407,0.0,0.50251256281407,0.0,0.50251256281407,0.0,0.50251256281407,0.4,0.723765252316171,3.3,2.19688724436386,1.5,1.86123227097246,4.9,3.32401958725234,1.7,2.16776730756177,13.0,5.29050409822217,,,98103,53033001800
15,53033001900,1667272,0,Census Tract 19,Washington,King County,3078,293,1607,241,1499,241,108,73,537,140,513,140,24,22,0,13,0,13,0,13,0,13,28,24,16,18,91,49,0,13,799,182,48.7,6.30981520743243,3.5,2.34803284552964,17.4,4.23437362951704,16.7,4.26273909662446,0.0,0.422352176738142,0.8,0.710885502189873,0.0,0.422352176738142,0.0,0.422352176738142,0.0,0.422352176738142,0.9,0.774903736767976,0.5,0.582698090459467,3.0,1.56686904045349,0.0,0.422352176738142,26.0,5.37185083723094,,,98115,53033001900
16,53033002000,1103313,28680,Census Tract 20,Washington,King County,2220,309,1284,248,1093,247,191,93,340,113,331,111,6,11,0,13,0,13,3,7,0,13,0,13,75,49,32,33,69,58,420,119,49.2,8.76520463279357,8.6,4.01437807036055,15.3,4.62220293993561,14.9,4.54897099192452,0.0,0.585585585585586,0.3,0.494065400006036,0.0,0.585585585585586,0.1,0.314753802882659,0.0,0.585585585585586,0.0,0.585585585585586,3.4,2.15653515586566,1.4,1.472884397207,3.1,2.57654592124349,18.9,4.6689556631253,,,98115,53033002000
17,53033002100,1365468,0,Census Tract 21,Washington,King County,2721,374,1509,273,1227,244,282,118,429,125,361,110,30,29,0,13,38,55,0,13,6,11,0,13,186,153,139,90,0,13,452,260,45.1,6.48041535737381,10.4,4.09600334894847,15.8,4.05064721119516,13.3,3.60797338893067,1.4,2.01218056612617,1.1,1.05495574555283,0.0,0.47776552737964,0.0,0.47776552737964,0.2,0.403125382990179,0.0,0.47776552737964,6.8,5.54387839854429,5.1,3.23222122588887,0.0,0.47776552737964,16.6,9.27850965464031,,,98115,53033002100
18,53033002200,2804076,1154953,Census Tract 22,Washington,King County,2986,464,1913,440,1529,394,384,163,350,137,316,134,19,30,0,18,15,24,0,18,0,18,0,18,73,66,30,34,11,18,609,214,51.2,10.5258163547509,12.9,5.07988341666351,11.7,4.21105003460016,10.6,4.17544701099497,0.5,0.799951257448602,0.6,0.999811263841658,0.0,0.602813127930342,0.0,0.602813127930342,0.0,0.602813127930342,0.0,0.602813127930342,2.4,2.17742344811532,1.0,1.12789337198096,0.4,0.600088972805253,20.4,6.42795489498911,,,98115,53033002200
19,53033002400,962528,0,Census Tract 24,Washington,King County,1906,376,874,179,771,176,103,79,344,149,275,127,0,13,0,13,69,81,0,13,0,13,22,25,73,72,57,45,24,33,512,306,40.5,4.64631165057799,5.4,4.00536443264748,18.0,6.95956085077303,14.4,6.02466743864313,3.6,4.18930257285941,0.0,0.68205666316894,0.0,0.68205666316894,0.0,0.68205666316894,0.0,0.68205666316894,1.2,1.2917318924389,3.8,3.70121370587882,3.0,2.28606950000992,1.3,1.71346286340727,26.9,15.1547781750052,,,98115,53033002400
20,53033002500,984334,0,Census Tract 25,Washington,King County,2197,313,1201,242,973,235,228,126,366,95,333,82,25,37,0,13,8,12,0,13,5,8,0,13,98,50,40,40,0,13,487,214,44.3,8.63729609083353,10.4,5.54124135422079,16.7,3.61452230649827,15.2,3.04427654856569,0.4,0.543730198464643,1.1,1.67629380806137,0.0,0.591715976331361,0.0,0.591715976331361,0.2,0.362686530129319,0.0,0.591715976331361,4.5,2.18530428089739,1.8,1.8020929491566,0.0,0.591715976331361,22.2,9.21441289265216,,,98115,53033002500
21,53033002600,1216627,28175,Census Tract 26,Washington,King County,3239,597,1884,366,1630,374,254,106,440,159,428,159,12,18,0,18,0,18,0,18,0,18,0,18,282,190,115,141,0,18,518,159,50.3,6.87691856144313,7.8,2.93612773486839,13.6,4.22236280195441,13.2,4.26211678355637,0.0,0.555727076258104,0.4,0.551515695500137,0.0,0.555727076258104,0.0,0.555727076258104,0.0,0.555727076258104,0.0,0.555727076258104,8.7,5.64224218559588,3.6,4.30372598136975,0.0,0.555727076258104,16.0,3.92538257594709,,,98115,53033002600
22,53033002700,1584847,0,Census Tract 27,Washington,King County,3500,522,1797,408,1414,389,383,186,477,138,477,138,0,18,0,18,0,18,0,18,0,18,0,18,130,88,45,50,20,31,1031,313,40.4,9.33928509504505,10.9,5.05747454578611,13.6,3.37855636275464,13.6,3.37855636275464,0.0,0.514285714285714,0.0,0.514285714285714,0.0,0.514285714285714,0.0,0.514285714285714,0.0,0.514285714285714,0.0,0.514285714285714,3.7,2.45250114696916,1.3,1.41564342522117,0.6,0.881604549816636,29.5,7.78931394519716,,,98103,53033002700
23,53033002800,988287,0,Census Tract 28,Washington,King County,3356,453,1842,358,1603,339,239,117,507,182,472,170,1,7,0,13,0,13,34,53,0,13,25,39,35,32,163,113,30,30,754,251,47.8,7.77604689377337,7.1,3.35114477867743,15.1,5.02512460188366,14.1,4.69635761569767,0.0,0.387365911799762,0.0,0.208542861682258,0.0,0.387365911799762,1.0,1.57332905531955,0.0,0.387365911799762,0.7,1.15773929475182,1.0,0.943067137518601,4.9,3.30266106021237,0.9,0.885740197427306,22.5,6.83669909965779,,,98103,53033002800
24,53033002900,986209,0,Census Tract 29,Washington,King County,2786,376,1470,290,1262,267,208,117,396,148,396,148,0,13,0,13,0,13,0,13,0,13,16,29,91,53,96,59,0,13,717,272,45.3,7.380513467985,7.5,4.07690085840519,14.2,4.95381926508919,14.2,4.95381926508919,0.0,0.466618808327351,0.0,0.466618808327351,0.0,0.466618808327351,0.0,0.466618808327351,0.0,0.466618808327351,0.6,1.03802921469799,3.3,1.85058919589431,3.4,2.06603921781584,0.0,0.466618808327351,25.7,9.12437366426549,,,98117,53033002900
25,53033003000,1493249,0,Census Tract 30,Washington,King County,3692,484,1934,318,1750,301,184,112,427,152,413,150,0,18,0,18,0,18,14,21,0,18,40,48,263,158,81,68,15,24,932,311,47.4,5.27785371577522,5.0,2.96239608782079,11.6,3.82765948671046,11.2,3.78894898566142,0.0,0.487540628385699,0.0,0.487540628385699,0.0,0.487540628385699,0.4,0.566620972768996,0.0,0.487540628385699,1.1,1.29232697341542,7.1,4.17639095142386,2.2,1.81922533265772,0.4,0.647868536157051,25.2,7.74634082377864,,,98117,53033003000
26,53033003100,2236733,472744,Census Tract 31,Washington,King County,3730,490,2128,382,1819,378,309,109,500,170,500,170,0,18,0,18,0,18,0,18,0,18,9,16,140,88,55,46,19,31,879,265,48.8,7.85223076814225,8.3,2.71205160720888,13.4,4.20370364990133,13.4,4.20370364990133,0.0,0.482573726541555,0.0,0.482573726541555,0.0,0.482573726541555,0.0,0.482573726541555,0.0,0.482573726541555,0.2,0.427781702405224,3.8,2.30715013746969,1.5,1.21793637340785,0.5,0.828400917362733,23.6,6.39460780528523,,,98117,53033003100
27,53033003400,787161,0,Census Tract 34,Washington,King County,2032,215,851,151,756,147,95,53,364,132,364,132,0,13,0,13,0,13,0,13,0,13,7,11,118,67,54,42,7,11,631,165,37.2,6.06944678641529,4.7,2.56093012458856,17.9,6.21340750857987,17.9,6.21340750857987,0.0,0.639763779527559,0.0,0.639763779527559,0.0,0.639763779527559,0.0,0.639763779527559,0.0,0.639763779527559,0.3,0.540110090845597,5.8,3.23948966160659,2.7,2.04771426509669,0.3,0.540110090845597,31.1,7.42564656558573,,,98107,53033003400
28,53033003500,1284745,0,Census Tract 35,Washington,King County,2434,249,1228,175,1053,166,175,73,425,100,425,100,0,13,0,13,0,13,0,13,11,17,15,24,124,53,184,95,0,13,447,97,43.3,5.18901119231004,7.2,2.90758945862527,17.5,3.69982579516896,17.5,3.69982579516896,0.0,0.534100246507806,0.0,0.534100246507806,0.0,0.534100246507806,0.0,0.534100246507806,0.5,0.696906920815175,0.6,0.984013681362037,5.1,2.11419603224442,7.6,3.82565723212177,0.0,0.534100246507806,18.4,3.51457630737501,,,98103,53033003500
29,53033003800,624606,0,Census Tract 38,Washington,King County,1535,283,615,127,576,118,39,30,244,103,244,103,0,13,0,13,0,13,0,13,12,20,6,9,34,23,127,104,0,13,497,227,37.5,3.3516033714783,2.5,1.89743327593318,15.9,6.03629672052227,15.9,6.03629672052227,0.0,0.846905537459283,0.0,0.846905537459283,0.0,0.846905537459283,0.0,0.846905537459283,0.8,1.29493537237981,0.4,0.581873649786365,2.2,1.4416499659007,8.3,6.60130297833634,0.0,0.846905537459283,32.4,13.5299688745829,,,98115,53033003800
30,53033003900,973808,0,Census Tract 39,Washington,King County,1544,262,887,172,762,160,125,62,141,63,135,60,6,11,0,13,0,13,0,13,0,13,0,13,95,103,94,67,0,13,327,107,49.4,6.10346490434936,8.1,3.77323821237503,9.1,3.77460039145334,8.7,3.59162468972435,0.0,0.841968911917098,0.4,0.709376978406971,0.0,0.841968911917098,0.0,0.841968911917098,0.0,0.841968911917098,0.0,0.841968911917098,6.2,6.58877439249425,6.1,4.21461104548286,0.0,0.841968911917098,21.2,5.92538497699363,,,98115,53033003900
31,53033004000,2574586,3232248,Census Tract 40,Washington,King County,1608,251,1008,240,915,222,93,98,102,53,98,53,4,9,0,13,0,13,0,13,0,13,0,13,78,50,35,37,0,13,385,167,56.9,10.5693208544642,5.8,6.02729143965974,6.3,3.14377901467583,6.1,3.15574601895134,0.0,0.808457711442786,0.2,0.558352963534961,0.0,0.808457711442786,0.0,0.808457711442786,0.0,0.808457711442786,0.0,0.808457711442786,4.9,3.01585517230163,2.2,2.27577297058419,0.0,0.808457711442786,23.9,9.68980981580773,,,98115,53033004000
32,53033004301,979236,0,Census Tract 43.01,Washington,King County,1730,228,731,143,639,131,92,49,364,140,304,127,50,45,0,13,10,16,0,13,8,13,0,13,58,39,179,83,15,21,375,112,36.9,5.80020545591417,5.3,2.7442879902819,21.0,7.6025653793615,17.6,6.96617331422665,0.6,0.921712668213762,2.9,2.57311619826544,0.0,0.751445086705202,0.0,0.751445086705202,0.5,0.748969637963776,0.0,0.751445086705202,3.4,2.21061073938226,10.3,4.5998184240342,0.9,1.20848232080513,21.7,5.80959920263295,,,98105,53033004301
33,53033004302,331137,0,Census Tract 43.02,Washington,King County,1845,328,573,147,511,141,62,48,296,121,169,86,57,57,0,13,70,76,0,13,39,41,0,13,229,153,395,165,56,74,257,104,27.7,5.844690237598,3.4,2.5321055902729,16.0,5.90559657539635,9.2,4.36754524163275,3.8,4.06364413318722,3.1,3.04021829582082,0.0,0.704607046070461,0.0,0.704607046070461,2.1,2.19021760602436,0.0,0.704607046070461,12.4,7.99372655076742,21.4,8.0927488860124,3.0,3.97437718198839,13.9,5.06377115234803,,,98105,53033004302
34,53033004500,670997,0,Census Tract 45,Washington,King County,2179,611,795,179,712,180,83,58,453,200,447,200,6,11,0,13,0,13,0,13,9,13,0,13,198,62,162,90,0,13,562,419,32.7,12.3364206708592,3.8,2.43807851112902,20.8,7.08965408877101,20.5,7.15244161311796,0.0,0.596603946764571,0.3,0.498879181850631,0.0,0.596603946764571,0.0,0.596603946764571,0.4,0.585254543199413,0.0,0.596603946764571,9.1,1.26644789519035,7.4,3.56563168625566,0.0,0.596603946764571,25.8,17.8171730742127,,,98105,53033004500
35,53033004600,1552358,1033232,Census Tract 46,Washington,King County,1861,237,976,196,855,187,121,75,380,104,374,106,0,13,0,13,0,13,6,10,0,13,6,8,99,45,55,30,7,11,338,119,45.9,8.16925219404662,6.5,3.94411190341033,20.4,4.94652300652998,20.1,5.08848221919371,0.0,0.698549167114455,0.0,0.698549167114455,0.0,0.698549167114455,0.3,0.535774552232844,0.0,0.698549167114455,0.3,0.427911087299263,5.3,2.32121130558183,3.0,1.56748374199347,0.4,0.589135842648983,18.2,5.96142708630631,,,98103,53033004600
36,53033004800,1278329,26886,Census Tract 48,Washington,King County,3347,591,1181,254,889,210,292,167,453,159,425,157,15,23,0,18,0,18,13,21,58,69,15,24,295,133,269,166,49,59,1027,449,26.6,4.16772465345005,8.7,4.7457800612357,13.5,4.1056046207445,12.7,4.12020132362863,0.0,0.537795040334628,0.4,0.682610832143157,0.0,0.537795040334628,0.4,0.623667888741833,1.7,2.03871288439003,0.4,0.712680019185477,8.8,3.65625914555996,8.0,4.75229350506559,1.5,1.74371486676603,30.7,12.2721818415416,,,98107,53033004800
37,53033005000,757380,0,Census Tract 50,Washington,King County,3168,497,1828,399,1717,401,111,72,594,226,577,221,17,29,0,13,0,13,0,13,0,13,0,13,61,63,98,75,2,12,585,331,54.2,9.37682686444309,3.5,2.20525336987911,18.8,6.49916017570953,18.2,6.36398676092421,0.0,0.410353535353535,0.5,0.911524785657254,0.0,0.410353535353535,0.0,0.410353535353535,0.0,0.410353535353535,0.0,0.410353535353535,1.9,1.96555967132407,3.1,2.31714899645269,0.1,0.378658375660971,18.5,10.0385857684189,,,98103,53033005000
38,53033005100,881731,0,Census Tract 51,Washington,King County,2367,260,911,170,818,170,93,52,311,114,283,111,28,20,0,13,0,13,0,13,23,38,16,18,188,66,226,72,21,24,671,164,34.6,6.09692522339115,3.9,2.1540645256882,13.1,4.59489670713967,12.0,4.50183012597117,0.0,0.549218419940853,1.2,0.834900660294333,0.0,0.549218419940853,0.0,0.549218419940853,1.0,1.60185567469786,0.7,0.756822748567516,7.9,2.64833715299172,9.5,2.85530313475265,0.9,1.00924756154341,28.3,6.18945749384854,,,98103,53033005100
39,53033005600,3022785,1546484,Census Tract 56,Washington,King County,3285,413,1807,245,1504,246,303,129,227,169,227,169,0,18,0,18,0,18,0,18,0,18,6,12,39,37,56,89,114,168,1036,372,45.8,4.79023922393515,9.2,3.75181364490921,6.9,5.07071121170652,6.9,5.07071121170652,0.0,0.547945205479452,0.0,0.547945205479452,0.0,0.547945205479452,0.0,0.547945205479452,0.0,0.547945205479452,0.2,0.364574341811419,1.2,1.11639811576034,1.7,2.70079417000851,3.5,5.09551049160558,31.5,10.6073842440269,,,98199,53033005600
40,53033005700,5085640,2365806,Census Tract 57,Washington,King County,3484,447,2251,460,1844,466,407,150,331,100,318,97,0,18,0,18,0,18,13,21,0,18,19,28,124,99,30,34,21,34,708,259,52.9,11.5234128948828,11.7,4.03608893358787,9.5,2.59858082767486,9.1,2.52589566926804,0.0,0.516647531572905,0.0,0.516647531572905,0.0,0.516647531572905,0.4,0.60085128860919,0.0,0.516647531572905,0.5,0.800622355734395,3.6,2.8046304978443,0.9,0.969616245929984,0.6,0.97282080434922,20.3,6.96177475447794,,,98199,53033005700
41,53033005801,1822365,260223,Census Tract 58.01,Washington,King County,4551,630,2242,351,1948,349,294,187,655,200,655,200,0,18,0,18,0,18,0,18,64,89,0,18,201,110,113,73,33,37,1243,539,42.8,4.8680630020522,6.5,4.01049064308461,14.4,3.91705793593325,14.4,3.91705793593325,0.0,0.3955174686882,0.0,0.3955174686882,0.0,0.3955174686882,0.0,0.3955174686882,1.4,1.94590054531931,0.0,0.3955174686882,4.4,2.3384462432593,2.5,1.56678346991308,0.7,0.806787686381902,27.3,11.22382764305,,,98199,53033005801
42,53033006000,1340653,160754,Census Tract 60,Washington,King County,4151,669,2040,371,1785,354,255,144,520,219,474,179,0,18,0,18,0,18,46,73,56,61,0,18,146,93,555,420,17,26,817,250,43.0,4.96964096989206,6.1,3.32476281961162,12.5,4.87425152798774,11.4,3.89978501394575,0.0,0.433630450493857,0.0,0.433630450493857,0.0,0.433630450493857,1.1,1.74951993090613,1.3,1.45335181242541,0.0,0.433630450493857,3.5,2.16752689166914,13.4,9.88592462247222,0.4,0.622867715427203,19.7,5.11959266128863,,,98109,53033006000
43,53033006100,1227451,652743,Census Tract 61,Washington,King County,3747,467,1799,310,1565,308,234,137,497,184,497,184,0,18,0,18,0,18,0,18,13,21,16,26,261,126,120,78,42,68,999,330,41.8,6.36156467529209,6.2,3.57245336537096,13.3,4.62397231902401,13.3,4.62397231902401,0.0,0.480384307445957,0.0,0.480384307445957,0.0,0.480384307445957,0.0,0.480384307445957,0.3,0.558777776483832,0.4,0.691844545244807,7.0,3.24869468941241,3.2,2.04304032999348,1.1,1.80940014327435,26.7,8.15613295822422,,,98102,53033006100
44,53033006200,2437426,239356,Census Tract 62,Washington,King County,2501,393,1221,192,1060,174,161,65,333,146,230,126,64,38,0,13,39,37,0,13,0,13,0,13,95,50,335,187,0,13,517,156,42.4,2.01194507589846,6.4,2.3940226522493,13.3,5.44985376001935,9.2,4.82628469953729,1.6,1.45897433933452,2.6,1.46521675436946,0.0,0.519792083166733,0.0,0.519792083166733,0.0,0.519792083166733,0.0,0.519792083166733,3.8,1.90801816585743,13.4,7.17464292145076,0.0,0.519792083166733,20.7,5.32494471531412,,,98112,53033006200
45,53033006300,2610569,3533560,Census Tract 63,Washington,King County,2560,334,1640,352,1534,317,106,146,143,97,129,93,14,25,0,18,0,18,0,18,0,18,0,18,39,44,34,33,43,40,661,227,59.9,9.60281118412581,4.1,5.67748137600293,5.6,3.71831404698621,5.0,3.57282788034693,0.0,0.703125,0.5,0.97395250396038,0.0,0.703125,0.0,0.703125,0.0,0.703125,0.0,0.703125,1.5,1.70721868336012,1.3,1.27736313685599,1.7,1.54705557798707,25.8,8.20235202366099,,,98112,53033006300
46,53033006400,903649,0,Census Tract 64,Washington,King County,1916,247,829,198,645,188,184,74,259,85,238,82,21,22,0,13,0,13,0,13,0,13,0,13,135,62,212,114,25,29,456,153,33.7,8.80022512340673,9.6,3.65841807148287,13.5,4.07973270140298,12.4,3.9688755951626,0.0,0.678496868475992,1.1,1.13949883514469,0.0,0.678496868475992,0.0,0.678496868475992,0.0,0.678496868475992,0.0,0.678496868475992,7.0,3.10580957348914,11.1,5.77638610494602,1.3,1.50419417448442,23.8,7.37245550606917,,,98112,53033006400
47,53033006500,1147619,0,Census Tract 65,Washington,King County,3338,592,1144,240,934,210,210,128,594,160,359,114,199,122,0,13,36,39,0,13,0,13,0,13,90,72,455,149,97,126,958,443,28.0,3.86693891054326,6.3,3.66871810546293,17.8,3.60768019245067,10.8,2.83293404047929,1.1,1.1526014540694,6.0,3.49860938697784,0.0,0.389454763331336,0.0,0.389454763331336,0.0,0.389454763331336,0.0,0.389454763331336,2.7,2.10330868842248,13.6,3.75245615117907,2.9,3.73936733873833,28.7,12.2565441561876,,,98102,53033006500
48,53033006600,1117109,831139,Census Tract 66,Washington,King County,3440,488,1334,327,1277,325,57,48,815,301,782,303,33,38,0,13,0,13,0,13,0,13,0,13,127,86,458,168,9,14,697,266,37.1,7.84385991359349,1.7,1.37540736253012,23.7,8.07877425360823,22.7,8.19656369133961,0.0,0.377906976744186,1.0,1.09623651632271,0.0,0.377906976744186,0.0,0.377906976744186,0.0,0.377906976744186,0.0,0.377906976744186,3.7,2.44452610740927,13.3,4.50371548360483,0.3,0.405280856414268,20.3,7.17848989416295,,,98102,53033006600
49,53033006800,718106,0,Census Tract 68,Washington,King County,2016,281,763,163,660,148,103,63,479,179,479,179,0,13,0,13,0,13,0,13,31,49,0,13,55,60,28,24,25,23,635,224,32.7,5.75078062418337,5.1,3.04277642501211,23.8,8.23821739877079,23.8,8.23821739877079,0.0,0.64484126984127,0.0,0.64484126984127,0.0,0.64484126984127,0.0,0.64484126984127,1.5,2.42108696968063,0.0,0.64484126984127,2.7,2.95179728558483,1.4,1.17463032785606,1.2,1.12770327721892,31.5,10.2069403190114,,,98109,53033006800
50,53033006900,905121,0,Census Tract 69,Washington,King County,3003,443,1274,221,1169,211,105,74,557,192,557,192,0,13,0,13,0,13,0,13,0,13,0,13,101,86,147,84,7,12,917,327,38.9,4.04866478810321,3.5,2.40961467688942,18.5,5.77852903855779,18.5,5.77852903855779,0.0,0.432900432900433,0.0,0.432900432900433,0.0,0.432900432900433,0.0,0.432900432900433,0.0,0.432900432900433,0.0,0.432900432900433,3.4,2.82049647897077,4.9,2.70238482408001,0.2,0.398118111802567,30.5,9.91366424163931,,,98119,53033006900
51,53033007600,571882,0,Census Tract 76,Washington,King County,2997,412,567,209,497,195,70,80,1089,243,954,231,135,85,0,13,0,13,0,13,54,75,26,42,196,175,388,185,50,61,627,165,16.6,6.09405750867123,2.3,2.64995439313581,36.3,6.38666894057477,31.8,6.34506433518377,0.0,0.433767100433767,4.5,2.76774311053719,0.0,0.433767100433767,0.0,0.433767100433767,1.8,2.49021402521321,0.9,1.3963175825588,6.5,5.76954588359294,12.9,5.91070970606929,1.7,2.02240588021387,20.9,4.69458452486029,,,98112,53033007600
52,53033007700,1058322,0,Census Tract 77,Washington,King County,3768,503,1642,293,1416,247,226,128,809,253,788,257,21,33,0,18,0,18,0,18,0,18,23,32,79,58,325,163,29,36,861,318,37.6,4.21952562368728,6.0,3.30132108176132,21.5,6.07198584582944,20.9,6.22308512950376,0.0,0.477707006369427,0.6,0.872630377511352,0.0,0.477707006369427,0.0,0.477707006369427,0.0,0.477707006369427,0.6,0.84533874189227,2.1,1.51361944981197,8.6,4.16985475876472,0.8,0.949873782620541,22.9,7.86895023505648,,,98112,53033007700
53,53033007800,2097740,3632914,Census Tract 78,Washington,King County,3172,416,1829,315,1590,318,239,112,271,117,255,114,16,25,0,18,0,18,0,18,9,15,18,28,193,116,137,109,21,31,694,198,50.1,7.56892916051286,7.5,3.38980419023467,8.5,3.51422588589539,8.0,3.43582475178381,0.0,0.567465321563682,0.5,0.785365132499013,0.0,0.567465321563682,0.0,0.567465321563682,0.3,0.471421461566463,0.6,0.879581025048854,6.1,3.56887802356201,4.3,3.38931188192853,0.7,0.973436885181124,21.9,5.54353351112624,,,98122,53033007800
54,53033008002,234314,0,Census Tract 80.02,Washington,King County,2602,494,802,392,802,392,0,13,384,138,303,122,27,31,10,16,29,39,15,23,40,52,13,21,45,46,681,191,0,13,637,213,30.8,13.8824049956333,0.0,0.499615680245965,14.8,4.50310892259927,11.6,4.13474978543281,1.1,1.4838359021639,1.0,1.17499034506016,0.4,0.61056731571189,0.6,0.877133524222228,1.5,1.97703613000171,0.5,0.801478069162081,1.7,1.73711246439026,26.2,5.40307032629684,0.0,0.499615680245965,24.5,6.73856758365078,,,98121,53033008002
55,53033008200,375785,0,Census Tract 82,Washington,King County,2899,417,603,186,603,186,0,13,506,240,354,225,39,50,16,27,97,77,0,13,15,25,0,13,0,13,1058,272,34,43,683,302,20.8,5.67567217468252,0.0,0.448430493273543,17.5,7.88883218508334,12.2,7.55992815456905,3.3,2.61211795384052,1.3,1.71384261513465,0.6,0.927965912972356,0.0,0.448430493273543,0.5,0.859148593034807,0.0,0.448430493273543,0.0,0.448430493273543,36.5,7.77650182593159,1.2,1.47364514924096,23.6,9.85074566390245,,,98101,53033008200
56,53033008300,237955,0,Census Tract 83,Washington,King County,2503,386,584,231,584,231,0,13,446,185,433,181,0,13,0,13,13,19,0,13,17,26,0,13,47,44,918,209,15,23,476,216,23.3,8.4986132383993,0.0,0.519376747902517,17.8,6.86133177801282,17.3,6.72122454215686,0.5,0.754851599509007,0.0,0.519376747902517,0.0,0.519376747902517,0.0,0.519376747902517,0.7,1.0334593647376,0.0,0.519376747902517,1.9,1.73387557612005,36.7,6.14263742502485,0.6,0.91423803909773,19.0,8.1160235835126,,,98101,53033008300
57,53033008500,450978,0,Census Tract 85,Washington,King County,1551,230,493,148,460,144,33,31,236,93,155,78,71,63,0,13,0,13,10,15,0,13,0,13,0,13,643,154,0,13,179,82,29.7,8.1765408065767,2.1,1.9736501271101,15.2,5.55538016435987,10.0,4.80570257433933,0.0,0.838168923275306,4.6,4.00476990422044,0.0,0.838168923275306,0.6,0.962380326354645,0.0,0.838168923275306,0.0,0.838168923275306,0.0,0.838168923275306,41.5,7.79691808461626,0.0,0.838168923275306,11.5,5.00224625270816,,,98104,53033008500
58,53033008600,711350,0,Census Tract 86,Washington,King County,4165,569,999,308,888,277,111,85,956,339,739,271,38,45,0,18,179,202,0,18,8,16,55,51,165,84,1229,303,20,26,733,287,21.3,5.97891976575483,2.7,2.00807666627699,23.0,7.51096621320448,17.7,6.03823336536857,4.3,4.8142698848023,0.9,1.07321850002965,0.0,0.432172869147659,0.0,0.432172869147659,0.2,0.383256404180842,1.3,1.21112750760844,4.0,1.94283313001467,29.5,6.05588615122281,0.5,0.620793170956595,17.6,6.45770303871132,,,98122,53033008600
59,53033008700,732385,0,Census Tract 87,Washington,King County,3190,597,1513,534,1262,518,251,97,585,162,585,162,0,13,0,13,0,13,0,13,19,21,7,12,59,47,370,153,37,38,600,169,39.6,14.452159903297,7.9,2.66041443123971,18.3,3.74314476359991,18.3,3.74314476359991,0.0,0.407523510971787,0.0,0.407523510971787,0.0,0.407523510971787,0.0,0.407523510971787,0.6,0.648801569204909,0.2,0.373927212425585,1.8,1.43211855381393,11.6,4.27692340891441,1.2,1.17127833499252,18.8,3.95932520442175,,,98122,53033008700
60,53033008800,948581,0,Census Tract 88,Washington,King County,2511,294,1140,264,971,231,169,89,717,174,717,174,0,13,0,13,0,13,0,13,48,48,0,13,159,80,113,70,11,18,323,110,38.7,8.00821860630409,6.7,3.45569370048894,28.6,6.069643635325,28.6,6.069643635325,0.0,0.517722023098367,0.0,0.517722023098367,0.0,0.517722023098367,0.0,0.517722023098367,1.9,1.89844094176862,0.0,0.517722023098367,6.3,3.09851726455749,4.5,2.73748639717802,0.4,0.715008517858241,12.9,4.1136826933949,,,98122,53033008800
61,53033008900,1270033,1798066,Census Tract 89,Washington,King County,3696,494,2095,368,1706,354,389,188,467,139,467,139,0,18,0,18,0,18,0,18,0,18,0,18,149,90,64,58,52,51,869,498,46.2,7.32633939620225,10.5,4.88818888646387,12.6,3.36031522311111,12.6,3.36031522311111,0.0,0.487012987012987,0.0,0.487012987012987,0.0,0.487012987012987,0.0,0.487012987012987,0.0,0.487012987012987,0.0,0.487012987012987,4.0,2.37470140833248,1.7,1.55210312685863,1.4,1.36699667443426,23.5,13.1024321398302,,,98144,53033008900
62,53033009000,855872,0,Census Tract 90,Washington,King County,2070,343,735,163,692,152,43,58,611,218,602,216,0,13,0,13,9,13,0,13,10,14,0,13,31,37,155,68,23,36,505,197,33.4,4.82027782569943,2.1,2.7807095026653,29.5,9.32678178068641,29.1,9.25541335244063,0.4,0.62387336686288,0.0,0.628019323671498,0.0,0.628019323671498,0.0,0.628019323671498,0.5,0.671574622818738,0.0,0.628019323671498,1.5,1.77013042184028,7.5,3.0416964270365,1.1,1.72935755999219,24.4,8.61569083778083,,,98144,53033009000
63,53033009100,410621,0,Census Tract 91,Washington,King County,1432,226,460,129,450,129,10,15,484,184,416,173,34,46,0,13,34,28,0,13,0,13,0,13,37,58,294,110,0,13,157,84,31.4,7.52027959845993,0.7,1.04167205394167,33.8,11.6896311001705,29.1,11.1772427814162,2.4,1.91906618006597,2.4,3.19036029105659,0.0,0.907821229050279,0.0,0.907821229050279,0.0,0.907821229050279,0.0,0.907821229050279,2.6,4.0296996778224,20.5,6.96474220519977,0.0,0.907821229050279,11.0,5.60491671637272,,,98104,53033009100
64,53033009200,338451,154864,Census Tract 92,Washington,King County,1604,392,357,142,329,145,28,44,592,241,437,203,7,16,0,13,148,141,0,13,7,11,15,21,0,13,376,121,0,13,257,199,20.5,7.52279595335073,1.7,2.70976550587901,36.9,12.0162872173968,27.2,10.762842465674,9.2,8.49637906352305,0.4,0.991788134957385,0.0,0.810473815461347,0.0,0.810473815461347,0.4,0.677441376469751,0.9,1.28912493428187,0.0,0.810473815461347,23.4,4.90786494519382,0.0,0.810473815461347,16.0,11.7723429833367,,,98104,53033009200
65,53033009300,9444110,639051,Census Tract 93,Washington,King County,2051,324,867,227,669,186,198,147,363,131,224,101,64,58,0,13,42,36,33,51,6,9,0,13,101,57,346,175,11,16,357,134,32.6,7.46265695494855,9.7,7.00310951377278,17.7,5.7426821017282,10.9,4.61230552014145,2.0,1.72517401437482,3.1,2.78459438024295,0.0,0.633837152608484,1.6,2.47356744929474,0.3,0.436370097893152,0.0,0.633837152608484,4.9,2.66803589217189,16.9,8.1055699153073,0.5,0.775492869651773,17.4,5.92659788360499,,,98134,53033009300
66,53033009400,1686311,0,Census Tract 94,Washington,King County,4201,509,1821,411,1587,385,234,159,1169,282,851,211,161,97,0,18,138,111,19,34,0,18,0,18,236,153,234,120,51,85,690,239,37.8,7.93964962725492,5.6,3.72415680167832,27.8,5.8045640199228,20.3,4.38208420105197,3.3,2.61207941458758,3.8,2.26180179564689,0.0,0.428469412044751,0.5,0.807473844355971,0.0,0.428469412044751,0.0,0.428469412044751,5.6,3.57782133869697,5.6,2.77559233419161,1.2,2.01797420415563,16.4,5.32971398883866,,,98144,53033009400
67,53033009500,2597717,2916270,Census Tract 95,Washington,King County,3974,506,1985,399,1777,394,208,135,756,247,542,245,166,103,0,18,48,55,0,18,0,18,13,21,160,95,183,92,80,108,797,216,44.7,8.11663866790343,5.2,3.33106938083135,19.0,5.72398179555503,13.6,5.91543951387376,1.2,1.37542452630039,4.2,2.53668851268082,0.0,0.452944136889784,0.0,0.452944136889784,0.0,0.452944136889784,0.3,0.526790715912044,4.0,2.3349243644138,4.6,2.2395663723349,2.0,2.70555011924172,20.1,4.79811713767059,,,98144,53033009500
68,53033009600,1906922,1385222,Census Tract 96,Washington,King County,3389,772,1545,259,1251,258,294,139,554,218,237,126,61,71,48,78,0,18,208,152,0,18,0,18,77,66,40,44,9,17,1164,719,36.9,11.3429626947586,8.7,3.59404296524188,16.3,5.24514078578112,7.0,3.35933530460419,0.0,0.531130126881086,1.8,2.05449873293628,1.4,2.2788376609986,6.1,4.26162348422061,0.0,0.531130126881086,0.0,0.531130126881086,2.3,1.87744338523469,1.2,1.27017381019923,0.3,0.49796177937822,34.3,19.7203280396627,,,98116,53033009600
69,53033009701,1861358,1607123,Census Tract 97.01,Washington,King County,3474,598,2255,565,1886,480,369,220,220,119,220,119,0,18,0,18,0,18,0,18,0,18,0,18,107,96,91,104,10,17,791,321,54.3,10.1772701554618,10.6,6.06307044961453,6.3,3.24736431171079,6.3,3.24736431171079,0.0,0.518134715025907,0.0,0.518134715025907,0.0,0.518134715025907,0.0,0.518134715025907,0.0,0.518134715025907,0.0,0.518134715025907,3.1,2.71204794532449,2.6,2.95951519815492,0.3,0.486834374821723,22.8,8.36763347137308,,,98116,53033009701
70,53033009702,2220441,0,Census Tract 97.02,Washington,King County,3060,428,1607,300,1482,301,125,77,440,120,397,110,0,18,0,18,11,18,32,38,0,18,0,18,135,100,37,39,0,18,841,231,48.4,7.13237823890626,4.1,2.45061470658342,14.4,3.36657186569003,13.0,3.10313513253705,0.4,0.586082504654916,0.0,0.588235294117647,0.0,0.588235294117647,1.0,1.23318588566239,0.0,0.588235294117647,0.0,0.588235294117647,4.4,3.20918639201492,1.2,1.26323895427554,0.0,0.588235294117647,27.5,6.49695622069514,,,98116,53033009702
71,53033009900,6565170,2370735,Census Tract 99,Washington,King County,3676,509,2434,444,2251,417,183,119,599,197,533,189,0,18,0,18,15,22,51,74,0,18,30,34,29,44,62,64,9,16,513,183,61.2,7.53593524078653,5.0,3.1629735004909,16.3,4.86096582216982,14.5,4.73326756969655,0.4,0.595803537906417,0.0,0.489662676822633,0.0,0.489662676822633,1.4,2.00387054193786,0.0,0.489662676822633,0.8,0.917989359146811,0.8,1.19195827904259,1.7,1.72528848065833,0.2,0.433933491125815,14.0,4.58790775882505,,,98126,53033009900
72,53033010001,2327512,0,Census Tract 100.01,Washington,King County,1842,274,989,181,840,183,149,99,383,159,170,82,27,27,0,13,186,132,0,13,10,18,45,52,46,42,112,88,26,39,231,89,45.6,7.25852086578697,8.1,5.23817011672213,20.8,8.0587752578185,9.2,4.23471236082696,10.1,7.00693779063719,1.5,1.44949049990176,0.0,0.705754614549403,0.0,0.705754614549403,0.5,0.973856183826733,2.4,2.79953108986816,2.5,2.24966681160416,6.1,4.69101848765576,1.4,2.10682731580535,12.5,4.45706982957067,,,98108,53033010001
73,53033010002,948077,0,Census Tract 100.02,Washington,King County,2948,474,1381,231,1289,236,92,46,689,173,337,124,176,75,0,13,176,140,0,13,0,13,10,16,38,28,39,30,79,68,712,243,43.7,3.82899384716215,3.1,1.47749950904585,23.4,4.50736110677486,11.4,3.78339830416622,6.0,4.65095503834886,6.0,2.35605228670845,0.0,0.440976933514247,0.0,0.440976933514247,0.0,0.440976933514247,0.3,0.539993422318797,1.3,0.926907932421706,1.3,0.995160153137135,2.7,2.26604834170932,24.2,7.27082013920562,,,98144,53033010002
74,53033010200,2795533,2076618,Census Tract 102,Washington,King County,2821,252,1538,193,1451,191,87,64,477,136,171,72,148,66,0,18,158,80,0,18,0,18,9,15,64,37,36,42,74,48,623,168,51.4,4.97292334537394,3.1,2.25190983105048,16.9,4.57825015511262,6.1,2.49418413808265,5.6,2.79138961583793,5.2,2.29217550560902,0.0,0.638071605813541,0.0,0.638071605813541,0.0,0.638071605813541,0.3,0.530962031193397,2.3,1.2958396300673,1.3,1.48446300176639,2.6,1.68531148164783,22.1,5.61908235560352,,,98118,53033010200
75,53033010401,1629874,0,Census Tract 104.01,Washington,King County,2287,327,1590,280,1392,240,198,125,364,120,199,98,87,52,0,13,78,50,0,13,0,13,0,13,20,23,30,40,0,13,283,192,60.9,5.86420162778076,8.7,5.32364985849814,15.9,4.72786050654992,8.7,4.10050170444493,3.4,2.13119051163725,3.8,2.20770442865595,0.0,0.568430257979886,0.0,0.568430257979886,0.0,0.568430257979886,0.0,0.568430257979886,0.9,0.997880839662078,1.3,1.73893053718358,0.0,0.568430257979886,12.4,8.20672035209458,,,98108,53033010401
76,53033010402,1742875,0,Census Tract 104.02,Washington,King County,2784,415,1752,390,1473,371,279,94,466,139,428,139,9,11,0,13,24,16,5,9,0,13,0,13,86,87,18,18,24,27,438,158,52.9,10.741570395925,10.0,3.0279807057389,16.7,4.32463533253866,15.4,4.43581211381116,0.9,0.560161604443792,0.3,0.392165262166599,0.0,0.466954022988506,0.2,0.322165403012004,0.0,0.466954022988506,0.0,0.466954022988506,3.1,3.09088754124219,0.6,0.639327953517267,0.9,0.961276207578965,15.7,5.16805822076812,,,98108,53033010402
77,53033010701,1457384,3664,Census Tract 107.01,Washington,King County,2267,303,1227,230,1061,207,166,91,551,169,540,170,0,13,0,13,0,13,11,16,0,13,0,13,30,31,52,62,0,13,407,133,46.8,6.65171689060348,7.3,3.89297810979516,24.3,6.70974506379997,23.8,6.78951083149061,0.0,0.573445081605646,0.0,0.573445081605646,0.0,0.573445081605646,0.5,0.702792589795482,0.0,0.573445081605646,0.0,0.573445081605646,1.3,1.35595888823517,2.3,2.71765394116561,0.0,0.573445081605646,18.0,5.35361621523947,,,98106,53033010701
78,53033010702,780116,0,Census Tract 107.02,Washington,King County,2130,388,1180,291,1119,281,61,56,312,106,301,104,5,7,0,13,0,13,6,11,0,13,0,13,0,13,87,75,0,13,551,246,52.5,9.08079195934246,2.9,2.57683159177964,14.6,4.20074180285597,14.1,4.14893494815189,0.0,0.610328638497653,0.2,0.325844754290734,0.0,0.610328638497653,0.3,0.513876398729865,0.0,0.610328638497653,0.0,0.610328638497653,0.0,0.610328638497653,4.1,3.44162020668237,0.0,0.610328638497653,25.9,10.5442573412565,,,98126,53033010702
79,53033010800,4140525,322633,Census Tract 108,Washington,King County,2787,401,2048,358,1834,336,214,89,240,97,240,97,0,13,0,13,0,13,0,13,0,13,0,13,18,19,76,60,18,21,387,151,65.8,7.46315847239505,7.7,2.99619828723789,8.6,3.25243025211863,8.6,3.25243025211863,0.0,0.466451381413707,0.0,0.466451381413707,0.0,0.466451381413707,0.0,0.466451381413707,0.0,0.466451381413707,0.0,0.466451381413707,0.6,0.675373504528527,2.7,2.11679666943547,0.6,0.747746179336783,13.9,5.03618020903081,,,98106,53033010800
80,53033010900,5389781,414929,Census Tract 109,Washington,King County,777,126,466,116,432,113,34,21,98,46,98,46,0,13,0,13,0,13,0,13,0,13,0,13,13,19,36,35,6,9,158,66,55.6,11.4111586527944,4.4,2.60788881564134,12.6,5.55568474262451,12.6,5.55568474262451,0.0,1.67310167310167,0.0,1.67310167310167,0.0,1.67310167310167,0.0,1.67310167310167,0.0,1.67310167310167,0.0,1.67310167310167,1.7,2.43020428753733,4.6,4.44140330743913,0.8,1.15151252161637,20.3,7.82802862294661,,,98108,53033010900
81,53033011001,1080391,0,Census Tract 110.01,Washington,King County,2212,417,1245,284,915,264,330,173,517,172,201,92,153,131,0,18,163,88,0,18,0,18,0,18,23,27,21,39,41,45,365,180,41.4,9.03504390714237,14.9,7.29780669950502,23.4,6.40692437984712,9.1,3.78998010377242,7.4,3.72788098681073,6.9,5.77691071314005,0.0,0.81374321880651,0.0,0.81374321880651,0.0,0.81374321880651,0.0,0.81374321880651,1.0,1.20477297069006,0.9,1.75400312924243,1.9,2.00412505966765,16.5,7.51939650774084,,,98118,53033011001
82,53033011002,1719569,0,Census Tract 110.02,Washington,King County,2221,397,1389,239,1185,245,204,126,601,293,583,293,10,10,0,13,8,13,0,13,0,13,0,13,8,14,65,78,11,19,147,71,53.4,5.54347273181394,9.2,5.43035401340536,27.1,12.2735458931708,26.2,12.3296531977954,0.4,0.5817700192823,0.5,0.442996322531543,0.0,0.585321927059883,0.0,0.585321927059883,0.0,0.585321927059883,0.0,0.585321927059883,0.4,0.627049876397166,2.9,3.47275134890535,0.5,0.850877422968893,6.6,2.96978225655148,,,98108,53033011002
83,53033011101,1136851,0,Census Tract 111.01,Washington,King County,3194,355,2074,376,1622,345,452,176,698,252,141,72,213,124,29,28,315,202,0,18,0,18,28,33,0,18,33,38,12,19,349,160,50.8,9.20947581194386,14.2,5.28107850662986,21.9,7.50660820884682,4.4,2.20018044862645,9.9,6.22864082021264,6.7,3.81086709703551,0.9,0.870815889876064,0.0,0.563556668753914,0.0,0.563556668753914,0.9,1.02858261513049,0.0,0.563556668753914,1.0,1.18417578017923,0.4,0.593397910542454,10.9,4.859948169161,,,98118,53033011101
84,53033011102,1303226,1143440,Census Tract 111.02,Washington,King County,2993,609,1911,422,1538,352,373,170,539,189,333,186,58,58,46,65,102,70,0,18,0,18,0,18,10,15,61,52,57,89,415,265,51.4,5.38429240232105,12.5,5.08244781076388,18.0,5.14282770194105,11.1,5.78748556438707,3.4,2.23362771770775,1.9,1.89731543441184,1.5,2.14910033536972,0.0,0.601403274306716,0.0,0.601403274306716,0.0,0.601403274306716,0.3,0.496537006925661,2.0,1.68716880935983,1.9,2.94824796566603,13.9,8.39245814167979,,,98118,53033011102
85,53033011200,2483779,139646,Census Tract 112,Washington,King County,2174,355,1448,296,1303,250,145,115,421,114,346,115,8,12,0,13,67,62,0,13,0,13,0,13,8,13,84,53,7,13,206,106,59.9,6.03756926725473,6.7,5.17645347759558,19.4,4.18302923913773,15.9,4.60735398401401,3.1,2.80713241989905,0.4,0.548697426627162,0.0,0.597976080956762,0.0,0.597976080956762,0.0,0.597976080956762,0.0,0.597976080956762,0.4,0.594949270308971,3.9,2.35484231407216,0.3,0.595660059025434,9.5,4.62377714554566,,,98108,53033011200
86,53033011300,3419308,42220,Census Tract 113,Washington,King County,3352,468,2467,426,1906,364,561,223,318,124,305,125,0,18,0,18,0,18,13,21,0,18,0,18,45,43,100,93,0,18,422,168,56.9,7.40916507617571,16.7,6.22887639583417,9.5,3.45402619876565,9.1,3.50605446823696,0.0,0.536992840095465,0.0,0.536992840095465,0.0,0.536992840095465,0.4,0.624147253659781,0.0,0.536992840095465,0.0,0.536992840095465,1.3,1.26904911412149,3.0,2.74301922906509,0.0,0.536992840095465,12.6,4.69360055317997,,,98106,53033011300
87,53033011401,1233155,0,Census Tract 114.01,Washington,King County,2987,650,1657,393,1426,366,231,137,656,178,656,178,0,18,0,18,0,18,0,18,83,117,0,18,38,41,38,42,21,36,494,207,47.7,6.49712860343625,7.7,4.26664467368016,22.0,3.55973046209748,22.0,3.55973046209748,0.0,0.602611315701373,0.0,0.602611315701373,0.0,0.602611315701373,0.0,0.602611315701373,2.8,3.87001959318541,0.0,0.602611315701373,1.3,1.34440747253558,1.3,1.37857105694855,0.7,1.19547301998896,16.5,5.92226574644634,,,98106,53033011401
88,53033011402,1186191,0,Census Tract 114.02,Washington,King County,2821,412,1936,289,1563,258,373,192,353,136,353,136,0,13,0,13,0,13,0,13,8,14,0,13,29,37,54,33,24,38,417,170,55.4,4.26204194040857,13.2,6.52639983933531,12.5,4.46116755802484,12.5,4.46116755802484,0.0,0.460829493087558,0.0,0.460829493087558,0.0,0.460829493087558,0.0,0.460829493087558,0.3,0.494546643658907,0.0,0.460829493087558,1.0,1.30297020698356,1.9,1.13590048821387,0.9,1.34129729489286,14.8,5.62625429469165,,,98106,53033011402
89,53033011500,1538373,0,Census Tract 115,Washington,King County,2648,320,1541,249,1349,237,192,87,461,114,435,107,0,13,0,13,26,32,0,13,0,13,0,13,59,32,0,13,29,30,558,202,50.9,6.49646778091059,7.3,3.16650145564091,17.4,3.75606273610679,16.4,3.51950940088225,1.0,1.20261988110695,0.0,0.490936555891239,0.0,0.490936555891239,0.0,0.490936555891239,0.0,0.490936555891239,0.0,0.490936555891239,2.2,1.1780809252073,0.0,0.490936555891239,1.1,1.12517375926461,21.1,7.19080457504671,,,98126,53033011500
90,53033011700,3515808,0,Census Tract 117,Washington,King County,2760,518,1924,453,1602,376,322,143,435,134,167,88,60,51,11,18,197,108,0,18,19,27,0,18,10,16,8,15,66,58,298,139,58.0,8.18042023167339,11.7,4.69574334293515,15.8,3.84991643055344,6.1,2.97931673940801,7.1,3.67659610656079,2.2,1.8022195179611,0.4,0.647870128749501,0.0,0.652173913043478,0.7,0.969691436839303,0.0,0.652173913043478,0.4,0.575708081410079,0.3,0.540748761879255,2.4,2.0529649603179,10.8,4.61056221033412,,,98118,53033011700
91,53033012000,1437048,0,Census Tract 120,Washington,King County,1839,233,1249,195,1056,171,193,89,123,66,98,56,0,13,0,13,9,16,16,28,0,13,0,13,43,33,23,26,0,13,401,135,57.4,5.79062771495495,10.5,4.65333529611572,6.7,3.48742550589032,5.3,2.9693383922149,0.5,0.867825712238136,0.0,0.706905927134312,0.0,0.706905927134312,0.9,1.51857094953756,0.0,0.706905927134312,0.0,0.706905927134312,2.3,1.76983001816279,1.3,1.40490366675368,0.0,0.706905927134312,21.8,6.80124033557472,,,98146,53033012000
92,53033012100,1739952,1380849,Census Tract 121,Washington,King County,1246,222,876,176,780,167,96,46,45,32,28,26,0,13,7,12,10,15,0,13,0,13,0,13,20,23,0,13,0,13,305,158,62.6,7.43213926480608,7.7,3.4271089122298,3.6,2.48630036225496,2.2,2.04790537195463,0.8,1.19532975758944,0.0,1.04333868378812,0.6,0.957866142183164,0.0,1.04333868378812,0.0,1.04333868378812,0.0,1.04333868378812,1.6,1.82361824499544,0.0,1.04333868378812,0.0,1.04333868378812,24.5,11.9069748320108,,,98146,53033012100
