,Geographic Identifier - FIPS Code,Area of Land (Square Meters),Area of Water (Square Meters),Name,State,County,Median Earnings of Total Full-Time Year-Round Civilian Employed Population 16 Years and Over with Earnings,Median Earnings of Total Full-Time Year-Round Civilian Employed Population 16 Years and Over with Earnings - Margin of Error,"Median Earnings of All Management, Business, Science, and Arts Occupations","Median Earnings of All Management, Business, Science, and Arts Occupations - Margin of Error","Median Earnings of All Management, Business, and Financial Occupations","Median Earnings of All Management, Business, and Financial Occupations - Margin of Error",Median Earnings of Management Occupations,Median Earnings of Management Occupations - Margin of Error,Median Earnings of Business and Financial Operations Occupations,Median Earnings of Business and Financial Operations Occupations - Margin of Error,"Median Earnings of All Computer, Engineering, and Science Occupations","Median Earnings of All Computer, Engineering, and Science Occupations - Margin of Error",Median Earnings of Computer and Mathematical Occupations,Median Earnings of Computer and Mathematical Occupations - Margin of Error,Median Earnings of Architecture and Engineering Occupations,Median Earnings of Architecture and Engineering Occupations - Margin of Error,"Median Earnings of Life, Physical, and Social Science Occupations","Median Earnings of Life, Physical, and Social Science Occupations - Margin of Error","Median Earnings of All Education, Legal, Community Service, Arts, and Media Occupations","Median Earnings of All Education, Legal, Community Service, Arts, and Media Occupations - Margin of Error",Median Earnings of Community and Social Service Occupations,Median Earnings of Community and Social Service Occupations - Margin of Error,Median Earnings of Legal Occupations,Median Earnings of Legal Occupations - Margin of Error,"Median Earnings of Educational Instruction, and Library Occupations","Median Earnings of Educational Instruction, and Library Occupations - Margin of Error","Median Earnings of Arts, Design, Entertainment, Sports, and Media Occupations","Median Earnings of Arts, Design, Entertainment, Sports, and Media Occupations - Margin of Error",Median Earnings of All Healthcare Practitioners and Technical Occupations,Median Earnings of All Healthcare Practitioners and Technical Occupations - Margin of Error,Median Earnings of Health Diagnosing and Treating Practitioners and Other Technical Occupations,Median Earnings of Health Diagnosing and Treating Practitioners and Other Technical Occupations - Margin of Error,Median Earnings of Health Technologists and Technicians Occupations,Median Earnings of Health Technologists and Technicians Occupations - Margin of Error,Median Earnings of All Service Occupations,Median Earnings of All Service Occupations - Margin of Error,Median Earnings of Healthcare Support Occupations,Median Earnings of Healthcare Support Occupations - Margin of Error,Median Earnings of All Protective Service Occupations,Median Earnings of All Protective Service Occupations - Margin of Error,"Median Earnings of Fire Fighting and Prevention, and Other Protective Service Workers including Supervisors","Median Earnings of Fire Fighting and Prevention, and Other Protective Service Workers including Supervisors - Margin of Error",Median Earnings of Law Enforcement Workers including Supervisors,Median Earnings of Law Enforcement Workers including Supervisors - Margin of Error,Median Earnings of Food Preparation and Serving Related Occupations,Median Earnings of Food Preparation and Serving Related Occupations - Margin of Error,Median Earnings of Building and Grounds Cleaning and Maintenance Occupations,Median Earnings of Building and Grounds Cleaning and Maintenance Occupations - Margin of Error,Median Earnings of Personal Care and Service Occupations,Median Earnings of Personal Care and Service Occupations - Margin of Error,Median Earnings of All Sales and Office Occupations,Median Earnings of All Sales and Office Occupations - Margin of Error,Median Earnings of Sales and Related Occupations,Median Earnings of Sales and Related Occupations - Margin of Error,Median Earnings of Office and Administrative Support Occupations,Median Earnings of Office and Administrative Support Occupations - Margin of Error,"Median Earnings of All Natural Resources, Construction, and Maintenance Occupations","Median Earnings of All Natural Resources, Construction, and Maintenance Occupations - Margin of Error","Median Earnings of Farming, Fishing, and Forestry Occupations","Median Earnings of Farming, Fishing, and Forestry Occupations - Margin of Error",Median Earnings of Construction and Extraction Occupations,Median Earnings of Construction and Extraction Occupations - Margin of Error,"Median Earnings of Installation, Maintenance, and Repair Occupations","Median Earnings of Installation, Maintenance, and Repair Occupations - Margin of Error","Median Earnings of All Production, Transportation, and Material Moving Occupations","Median Earnings of All Production, Transportation, and Material Moving Occupations - Margin of Error",Median Earnings of Production Occupations,Median Earnings of Production Occupations - Margin of Error,Median Earnings of Transportation Occupations,Median Earnings of Transportation Occupations - Margin of Error,Median Earnings of Material Moving Occupations,Median Earnings of Material Moving Occupations - Margin of Error,Occupation with Highest Median Earnings,Highest Median Earnings,x,y,zip,tract
0,53033000300,1211013,0,Census Tract 3,Washington,King County,77564,9426,84872,10909,94375.0,29692.0,103750.0,97541.0,80469.0,21881.0,97639.0,22480.0,136389.0,50760.0,104567.0,10411.0,83250.0,2812.0,76083.0,24739.0,,,,,76250.0,29927.0,250001.0,,93090.0,23815.0,125375.0,63384.0,92639.0,44894.0,37900.0,5212.0,,,,,,,,,31776.0,10765.0,,,,,53359.0,16936.0,60885.0,22155.0,46964.0,16677.0,84000.0,39190.0,,,84750.0,33963.0,59167.0,54130.0,34938.0,74306.0,34875.0,69257.0,89125.0,64869.0,,,"Computer, Engineering, and Science Occupations",97639,,,98133,53033000300
1,53033000402,1798938,0,Census Tract 4.02,Washington,King County,67787,14919,93620,17495,89531.0,42275.0,185521.0,8948.0,75809.0,24991.0,120333.0,36114.0,130982.0,43164.0,188173.0,100610.0,73021.0,26858.0,79894.0,25832.0,,,,,92943.0,52408.0,91786.0,316609.0,108250.0,88993.0,109125.0,85021.0,,,35348.0,3145.0,,,,,,,,,33673.0,14745.0,43750.0,14944.0,,,77527.0,22269.0,46058.0,47413.0,77879.0,13020.0,38750.0,95825.0,,,38750.0,95825.0,,,48500.0,7522.0,48425.0,1931.0,,,44673.0,45754.0,"Computer, Engineering, and Science Occupations",120333,,,98133,53033000402
2,53033000500,2898252,953717,Census Tract 5,Washington,King County,126957,13994,137614,14167,138333.0,24261.0,116786.0,49012.0,155833.0,51283.0,134000.0,39919.0,187344.0,50898.0,133500.0,39909.0,93750.0,35226.0,138472.0,23662.0,79583.0,36953.0,250001.0,,128250.0,25827.0,187917.0,165729.0,118194.0,40204.0,119306.0,48167.0,,,73333.0,66532.0,,,,,,,,,,,,,,,150714.0,84973.0,150893.0,146321.0,124875.0,96361.0,120125.0,74220.0,,,,,120125.0,74220.0,42361.0,49802.0,40972.0,54531.0,,,,,Sales and Office Occupations,150714,,,98177,53033000500
3,53033000700,1294438,0,Census Tract 7,Washington,King County,57948,18665,79674,16110,59773.0,55288.0,106528.0,41516.0,33750.0,14827.0,128511.0,31095.0,128165.0,32397.0,101042.0,34410.0,146277.0,13265.0,62174.0,9750.0,62120.0,19523.0,,,58984.0,24831.0,,,79091.0,159392.0,79091.0,159392.0,,,39083.0,10227.0,,,,,,,,,20662.0,31882.0,40298.0,11584.0,,,60396.0,24431.0,47875.0,39865.0,60915.0,19853.0,62702.0,54666.0,,,44421.0,22066.0,98250.0,1149.0,46284.0,5269.0,63729.0,27110.0,46284.0,463.0,,,"Computer, Engineering, and Science Occupations",128511,,,98125,53033000700
4,53033000800,1141931,0,Census Tract 8,Washington,King County,102228,11242,106700,13842,107100.0,17748.0,123750.0,60365.0,85156.0,63145.0,106250.0,24801.0,102418.0,55773.0,135833.0,51709.0,74271.0,30265.0,95781.0,51425.0,,,,,148438.0,52140.0,50385.0,29560.0,120234.0,84275.0,120234.0,84275.0,,,44583.0,113447.0,,,,,,,,,,,,,,,76458.0,87057.0,90000.0,42032.0,61719.0,188005.0,65156.0,66934.0,,,66406.0,158828.0,43750.0,63459.0,,,,,,,,,Healthcare Practitioners and Technical Occupations,120234,,,98125,53033000800
5,53033000900,1004853,1849039,Census Tract 9,Washington,King County,107895,16532,111034,6059,93917.0,15945.0,94167.0,13605.0,84375.0,51040.0,125625.0,30905.0,146250.0,23760.0,86750.0,34617.0,,,120536.0,21760.0,,,242500.0,190351.0,109000.0,84944.0,41875.0,360812.0,118125.0,190151.0,119688.0,244203.0,,,40781.0,40274.0,,,,,,,,,,,40469.0,32658.0,,,100833.0,54722.0,160000.0,70496.0,56667.0,12171.0,,,,,,,,,,,,,,,,,"Computer, Engineering, and Science Occupations",125625,,,98125,53033000900
6,53033001000,954203,0,Census Tract 10,Washington,King County,91780,10744,105536,7611,113281.0,18156.0,128594.0,13953.0,67143.0,68624.0,107857.0,22788.0,126071.0,11567.0,100625.0,39847.0,126406.0,30204.0,91607.0,11080.0,105208.0,25166.0,,,91250.0,15880.0,80469.0,24018.0,107083.0,98743.0,107083.0,98743.0,,,90250.0,64877.0,,,108333.0,34765.0,,,108333.0,34765.0,,,,,,,33947.0,8391.0,32829.0,7368.0,52750.0,25247.0,55938.0,84428.0,,,,,,,,,,,,,,,"Management, Business, and Financial Occupations",113281,,,98125,53033001000
7,53033001100,1060685,0,Census Tract 11,Washington,King County,69479,14808,94130,11446,116250.0,74899.0,150000.0,61642.0,96944.0,45216.0,101179.0,2857.0,132625.0,51084.0,101447.0,9618.0,92717.0,29026.0,51667.0,47004.0,,,,,73098.0,32727.0,88188.0,12830.0,76953.0,112289.0,76953.0,112289.0,,,34135.0,22158.0,,,,,,,,,31146.0,10089.0,,,,,55313.0,12338.0,57083.0,14382.0,42188.0,21978.0,50982.0,25017.0,,,51116.0,18641.0,,,,,,,,,,,"Management, Business, and Financial Occupations",116250,,,98125,53033001100
8,53033001300,1180877,0,Census Tract 13,Washington,King County,71875,9623,89922,16279,93750.0,24005.0,103855.0,17191.0,55833.0,4549.0,94670.0,23988.0,99779.0,31771.0,94511.0,59137.0,,,72456.0,7719.0,73792.0,35425.0,79110.0,9775.0,71190.0,455.0,,,131250.0,23645.0,131250.0,23645.0,,,31603.0,7197.0,26696.0,15870.0,,,,,,,35183.0,16364.0,,,,,44358.0,16079.0,43937.0,14590.0,54327.0,21439.0,,,,,,,,,33633.0,16481.0,,,,,,,Healthcare Practitioners and Technical Occupations,131250,,,98133,53033001300
9,53033001400,2152767,213389,Census Tract 14,Washington,King County,83889,23483,108944,22339,88125.0,40449.0,89625.0,76798.0,85735.0,27472.0,118681.0,43695.0,183733.0,39025.0,108654.0,16060.0,93382.0,23532.0,76438.0,49438.0,74407.0,2911.0,,,66786.0,99058.0,,,146038.0,12601.0,146038.0,12601.0,,,32438.0,31062.0,,,,,,,,,20667.0,19281.0,,,62849.0,21105.0,72014.0,58688.0,134205.0,17252.0,39500.0,28842.0,93988.0,17689.0,,,,,,,33263.0,6502.0,7417.0,29376.0,,,,,Healthcare Practitioners and Technical Occupations,146038,,,98133,53033001400
10,53033001500,1167711,526885,Census Tract 15,Washington,King County,83451,24857,115476,23954,160188.0,32462.0,137750.0,27653.0,187604.0,104418.0,116250.0,45713.0,62333.0,144244.0,153229.0,141467.0,116146.0,34923.0,72083.0,30971.0,34260.0,23236.0,,,80658.0,11600.0,84125.0,38292.0,106500.0,55553.0,117222.0,123374.0,,,43945.0,1802.0,,,,,,,,,45313.0,32614.0,,,,,75500.0,27816.0,76250.0,184286.0,51667.0,85280.0,115078.0,80955.0,,,,,,,55125.0,27013.0,79792.0,42030.0,72857.0,32803.0,,,"Management, Business, and Financial Occupations",160188,,,98117,53033001500
11,53033001600,2020358,320118,Census Tract 16,Washington,King County,121616,13189,126171,5707,152019.0,34534.0,153958.0,43987.0,121818.0,75620.0,157083.0,19047.0,158681.0,4736.0,79531.0,90328.0,,,106887.0,15211.0,,,250001.0,,187719.0,155629.0,105270.0,13076.0,129688.0,119080.0,215341.0,174541.0,98864.0,558.0,111176.0,92290.0,,,,,,,,,,,,,,,82663.0,11150.0,81548.0,70940.0,83533.0,13511.0,134097.0,47892.0,,,115500.0,94818.0,,,,,,,,,,,"Computer, Engineering, and Science Occupations",157083,,,98117,53033001600
12,53033001701,892768,0,Census Tract 17.01,Washington,King County,67317,6801,80732,14505,73214.0,27264.0,107885.0,25911.0,68731.0,13458.0,106115.0,4957.0,117132.0,4310.0,105428.0,51180.0,,,58125.0,14976.0,,,,,57813.0,14595.0,,,81433.0,6535.0,81616.0,5228.0,,,39558.0,3925.0,38646.0,1143.0,,,,,,,39524.0,16158.0,,,43403.0,80676.0,56944.0,18594.0,49292.0,55772.0,65081.0,16416.0,,,,,,,,,34973.0,13450.0,,,,,38831.0,17005.0,"Computer, Engineering, and Science Occupations",106115,,,98103,53033001701
13,53033001702,1280220,0,Census Tract 17.02,Washington,King County,70926,16460,83606,11338,89265.0,15613.0,92727.0,17491.0,84091.0,66478.0,94417.0,43993.0,72245.0,136206.0,82961.0,10423.0,112188.0,85933.0,56575.0,13369.0,56169.0,408.0,,,65605.0,17920.0,,,105107.0,74947.0,106214.0,15517.0,,,39349.0,7566.0,38958.0,8317.0,,,,,,,,,32321.0,24001.0,,,83969.0,31982.0,66406.0,96355.0,84123.0,26894.0,51429.0,10990.0,,,49635.0,6671.0,,,44651.0,15494.0,,,,,,,Healthcare Practitioners and Technical Occupations,105107,,,98117,53033001702
14,53033001800,946085,0,Census Tract 18,Washington,King County,79348,3646,82061,4471,89408.0,33613.0,84500.0,45619.0,100795.0,36943.0,85547.0,22287.0,123357.0,32465.0,78179.0,52124.0,59205.0,38052.0,66129.0,30229.0,,,83393.0,4288.0,40972.0,18036.0,72422.0,182965.0,81615.0,4566.0,81719.0,9355.0,,,36250.0,2136.0,,,,,,,,,33984.0,25717.0,,,,,71250.0,24714.0,80813.0,19636.0,60000.0,26660.0,46182.0,5119.0,,,,,,,47717.0,13294.0,105433.0,92099.0,,,38385.0,3839.0,"Management, Business, and Financial Occupations",89408,,,98103,53033001800
15,53033001900,1667272,0,Census Tract 19,Washington,King County,86628,14202,103173,7232,100741.0,12374.0,109181.0,11170.0,72361.0,19253.0,124896.0,24537.0,156625.0,11283.0,102865.0,12096.0,110978.0,9641.0,62546.0,13422.0,38190.0,12341.0,97625.0,83349.0,58409.0,15100.0,74224.0,23422.0,92969.0,32939.0,91932.0,31862.0,111250.0,69608.0,38500.0,10225.0,32500.0,18467.0,,,,,,,38125.0,58399.0,,,,,50375.0,11358.0,55875.0,11741.0,49671.0,13232.0,85875.0,82396.0,,,,,110938.0,186264.0,71136.0,65677.0,,,,,,,"Computer, Engineering, and Science Occupations",124896,,,98115,53033001900
16,53033002000,1103313,28680,Census Tract 20,Washington,King County,93558,19168,99722,21147,85104.0,36047.0,98984.0,60863.0,67206.0,29521.0,112946.0,26073.0,94392.0,22419.0,119688.0,26560.0,188099.0,115243.0,70313.0,13245.0,,,,,69926.0,12790.0,58750.0,21903.0,143208.0,30887.0,143792.0,18837.0,,,41534.0,32586.0,,,,,,,,,41023.0,8690.0,105078.0,23224.0,,,84531.0,37117.0,98203.0,17882.0,66328.0,33408.0,66466.0,27003.0,,,66552.0,70270.0,,,78750.0,69209.0,103826.0,4308.0,46818.0,10373.0,,,Healthcare Practitioners and Technical Occupations,143208,,,98115,53033002000
17,53033002100,1365468,0,Census Tract 21,Washington,King County,99550,17128,106290,6484,106102.0,20274.0,103636.0,61046.0,106263.0,13937.0,116453.0,24888.0,136136.0,53121.0,128523.0,62219.0,80139.0,51988.0,63920.0,18395.0,60139.0,68617.0,,,63355.0,25143.0,61058.0,34091.0,128798.0,66427.0,129856.0,110827.0,85833.0,94531.0,51434.0,1657.0,,,,,,,,,51250.0,10517.0,,,,,97500.0,68805.0,114359.0,21286.0,45900.0,4538.0,84133.0,1359.0,,,83851.0,598.0,,,42500.0,56498.0,,,62083.0,128828.0,,,Healthcare Practitioners and Technical Occupations,128798,,,98115,53033002100
18,53033002200,2804076,1154953,Census Tract 22,Washington,King County,115942,20305,125175,21882,130862.0,37040.0,156326.0,8280.0,110406.0,31503.0,129375.0,33239.0,184236.0,53378.0,135179.0,45845.0,116452.0,2965.0,95898.0,35857.0,,,171382.0,158483.0,75313.0,25496.0,104688.0,66941.0,139049.0,4857.0,139049.0,4857.0,,,36591.0,14613.0,,,,,,,,,,,,,,,74911.0,80467.0,155156.0,168670.0,73750.0,65810.0,,,,,,,,,58156.0,46810.0,,,,,,,Healthcare Practitioners and Technical Occupations,139049,,,98115,53033002200
19,53033002400,962528,0,Census Tract 24,Washington,King County,94547,11976,103971,18175,163438.0,25585.0,161477.0,32457.0,164375.0,112182.0,102500.0,40797.0,172500.0,111596.0,,,88909.0,23196.0,94410.0,3642.0,,,178009.0,30438.0,94199.0,697.0,85729.0,35794.0,83787.0,558.0,83934.0,610.0,,,34625.0,36406.0,,,,,,,,,,,,,,,37047.0,26262.0,78295.0,38913.0,36250.0,1554.0,,,,,,,,,113083.0,56641.0,,,114542.0,54733.0,,,"Management, Business, and Financial Occupations",163438,,,98115,53033002400
20,53033002500,984334,0,Census Tract 25,Washington,King County,86042,10767,95357,22354,116806.0,40524.0,137500.0,76942.0,111250.0,45339.0,119643.0,24754.0,113393.0,38183.0,93750.0,50284.0,146641.0,18936.0,83333.0,20720.0,92875.0,30895.0,250001.0,,56750.0,26786.0,80850.0,42422.0,72981.0,37082.0,59816.0,44256.0,,,28750.0,21687.0,,,,,,,,,,,,,,,48851.0,6849.0,40750.0,84444.0,50125.0,9107.0,,,,,,,,,,,,,,,,,"Computer, Engineering, and Science Occupations",119643,,,98115,53033002500
21,53033002600,1216627,28175,Census Tract 26,Washington,King County,76436,10559,87042,8597,99667.0,48546.0,138558.0,114993.0,77396.0,30482.0,106569.0,28308.0,123667.0,47350.0,157647.0,118447.0,32428.0,90999.0,74444.0,24343.0,,,110865.0,87654.0,73056.0,43595.0,46250.0,53671.0,64226.0,13625.0,73529.0,10285.0,,,42625.0,66474.0,,,,,,,,,23162.0,12370.0,,,,,50346.0,9410.0,51543.0,12083.0,41864.0,21494.0,50676.0,8487.0,,,,,,,,,,,,,,,"Computer, Engineering, and Science Occupations",106569,,,98115,53033002600
22,53033002700,1584847,0,Census Tract 27,Washington,King County,109917,26520,134224,16546,158182.0,59923.0,164851.0,26084.0,128640.0,48555.0,152632.0,41730.0,208929.0,91977.0,153553.0,62586.0,94167.0,49408.0,72826.0,15580.0,55625.0,12718.0,,,74130.0,25776.0,,,144306.0,56663.0,157955.0,70252.0,,,34178.0,21509.0,,,,,,,,,,,,,,,66357.0,10187.0,79519.0,49050.0,60313.0,37842.0,51181.0,506.0,,,51181.0,506.0,,,35977.0,9459.0,37188.0,24818.0,,,,,"Management, Business, and Financial Occupations",158182,,,98103,53033002700
23,53033002800,988287,0,Census Tract 28,Washington,King County,96578,8497,101453,21517,121833.0,45690.0,137530.0,61178.0,115598.0,58393.0,129621.0,26268.0,129621.0,26100.0,146806.0,89602.0,,,96148.0,30069.0,,,,,95077.0,38097.0,146563.0,57696.0,69565.0,15631.0,69212.0,19617.0,73313.0,40526.0,29653.0,68638.0,,,,,,,,,,,,,,,51708.0,42979.0,147578.0,106388.0,44773.0,12269.0,61563.0,128721.0,,,125509.0,107825.0,,,60952.0,22817.0,,,,,,,"Computer, Engineering, and Science Occupations",129621,,,98103,53033002800
24,53033002900,986209,0,Census Tract 29,Washington,King County,97500,11551,106402,8767,123365.0,35837.0,148897.0,40721.0,77500.0,42572.0,104722.0,23211.0,112411.0,90663.0,96458.0,14687.0,105341.0,72250.0,90739.0,9918.0,,,92070.0,74154.0,80026.0,27098.0,125385.0,96455.0,110446.0,35703.0,110446.0,35703.0,,,33875.0,17662.0,,,,,,,,,,,,,,,63232.0,6180.0,106458.0,85547.0,62710.0,10328.0,75732.0,45060.0,,,75732.0,45060.0,,,,,,,,,,,"Management, Business, and Financial Occupations",123365,,,98117,53033002900
25,53033003000,1493249,0,Census Tract 30,Washington,King County,99438,11806,110821,10754,153846.0,44788.0,161583.0,52510.0,94821.0,31074.0,136250.0,40631.0,140521.0,56596.0,96477.0,39757.0,148897.0,122060.0,75145.0,26756.0,,,33816.0,62542.0,98125.0,32914.0,60096.0,40904.0,96544.0,15788.0,96250.0,77244.0,,,89028.0,61840.0,,,,,,,,,,,,,,,55750.0,55100.0,56625.0,126348.0,51705.0,35730.0,54219.0,35714.0,,,54219.0,35714.0,,,57171.0,103202.0,,,,,,,"Management, Business, and Financial Occupations",153846,,,98117,53033003000
26,53033003100,2236733,472744,Census Tract 31,Washington,King County,105122,17149,115417,20960,152813.0,42511.0,178456.0,64048.0,114420.0,32908.0,123333.0,45705.0,131103.0,40588.0,85167.0,8236.0,,,82152.0,33118.0,51974.0,75499.0,138156.0,44045.0,80838.0,12028.0,79779.0,64558.0,208967.0,167380.0,250001.0,,,,51696.0,31580.0,,,141250.0,171593.0,,,,,,,,,,,102153.0,51772.0,167969.0,65423.0,78056.0,28713.0,56000.0,6427.0,,,55893.0,12794.0,,,70992.0,13838.0,,,70813.0,24508.0,,,Healthcare Practitioners and Technical Occupations,208967,,,98117,53033003100
27,53033003400,787161,0,Census Tract 34,Washington,King County,110351,13055,114141,22746,106957.0,30926.0,129524.0,32660.0,86667.0,35034.0,157125.0,25449.0,133036.0,45201.0,157000.0,19367.0,161296.0,40638.0,95417.0,26024.0,,,101648.0,60404.0,46250.0,45431.0,113438.0,56405.0,102361.0,193064.0,102361.0,193064.0,,,38646.0,17888.0,,,,,,,,,,,,,,,133105.0,59330.0,143875.0,188619.0,63750.0,40655.0,,,,,,,,,60433.0,25145.0,,,37083.0,109512.0,,,"Computer, Engineering, and Science Occupations",157125,,,98107,53033003400
28,53033003500,1284745,0,Census Tract 35,Washington,King County,89971,9659,109103,9871,134444.0,15079.0,135575.0,14340.0,126964.0,27861.0,111944.0,28995.0,172703.0,75367.0,79432.0,56669.0,96083.0,40006.0,69023.0,2684.0,30313.0,31523.0,161250.0,149081.0,67650.0,14851.0,71118.0,12645.0,108558.0,12846.0,108702.0,10756.0,,,47845.0,15857.0,,,,,,,,,,,,,48578.0,3642.0,44861.0,11448.0,39286.0,20221.0,45972.0,18428.0,,,,,,,,,31979.0,32507.0,42875.0,63027.0,,,,,"Management, Business, and Financial Occupations",134444,,,98103,53033003500
29,53033003800,624606,0,Census Tract 38,Washington,King County,118529,37782,136932,48189,99306.0,19248.0,108750.0,76153.0,56875.0,64178.0,174306.0,20198.0,187857.0,20166.0,175938.0,35796.0,112292.0,22960.0,92083.0,54109.0,,,250001.0,,70469.0,27414.0,152679.0,173574.0,70833.0,57945.0,70833.0,57945.0,,,,,,,,,,,,,,,,,,,43281.0,9772.0,56250.0,16591.0,42500.0,4693.0,,,,,,,,,,,,,,,,,"Computer, Engineering, and Science Occupations",174306,,,98115,53033003800
30,53033003900,973808,0,Census Tract 39,Washington,King County,117837,24866,134038,37028,163603.0,16106.0,163419.0,10335.0,171042.0,180586.0,129375.0,22223.0,129167.0,44395.0,130417.0,83056.0,112250.0,35594.0,106667.0,21433.0,,,170250.0,151552.0,115511.0,49128.0,88750.0,54058.0,167750.0,255498.0,167750.0,255498.0,,,56875.0,44050.0,,,,,,,,,40179.0,8170.0,,,,,109464.0,87868.0,158090.0,94387.0,49706.0,78713.0,,,,,,,,,43578.0,12527.0,,,,,,,Healthcare Practitioners and Technical Occupations,167750,,,98115,53033003900
31,53033004000,2574586,3232248,Census Tract 40,Washington,King County,148209,41094,162031,79020,216725.0,65427.0,236364.0,99977.0,216425.0,37307.0,87083.0,39914.0,134531.0,82898.0,,,64886.0,84255.0,74861.0,37640.0,98047.0,31097.0,250001.0,,49643.0,50650.0,,,250001.0,,250001.0,,,,,,,,,,,,,,,,,,,,106618.0,92130.0,107132.0,117496.0,,,,,,,,,,,95466.0,14569.0,,,,,,,Healthcare Practitioners and Technical Occupations,250001,,,98115,53033004000
32,53033004301,979236,0,Census Tract 43.01,Washington,King County,104650,17314,113580,16593,151125.0,46467.0,158250.0,46820.0,109167.0,102363.0,110833.0,23545.0,101932.0,134324.0,116705.0,45990.0,94444.0,23383.0,103850.0,40054.0,89063.0,37978.0,141587.0,60940.0,104028.0,94901.0,49750.0,27113.0,68839.0,68740.0,68839.0,68740.0,,,46250.0,51756.0,,,,,,,,,,,,,,,91389.0,73899.0,145625.0,142571.0,61563.0,30393.0,,,,,,,,,,,,,,,,,"Management, Business, and Financial Occupations",151125,,,98105,53033004301
33,53033004302,331137,0,Census Tract 43.02,Washington,King County,40243,7940,53261,14346,54896.0,16357.0,44457.0,52031.0,,,79625.0,20752.0,86326.0,10774.0,59500.0,47899.0,36750.0,26311.0,21855.0,45472.0,,,,,20726.0,10156.0,,,49143.0,9246.0,58646.0,24317.0,,,43889.0,11685.0,,,,,,,,,39766.0,16967.0,,,,,22212.0,7238.0,21474.0,611.0,40350.0,32068.0,39107.0,15488.0,,,39107.0,15488.0,,,22069.0,10856.0,,,,,,,"Computer, Engineering, and Science Occupations",79625,,,98105,53033004302
34,53033004500,670997,0,Census Tract 45,Washington,King County,77260,23145,111949,20187,127500.0,33589.0,119844.0,55789.0,137550.0,70480.0,154531.0,65192.0,192823.0,38797.0,66667.0,49592.0,66250.0,6891.0,90000.0,29695.0,,,154886.0,49452.0,43906.0,30382.0,111944.0,31372.0,81042.0,7373.0,81563.0,13292.0,,,58125.0,52398.0,52857.0,37281.0,,,,,,,,,,,,,41875.0,42116.0,37500.0,32128.0,77969.0,72877.0,55520.0,534.0,,,,,55421.0,132.0,34464.0,102881.0,31927.0,3083.0,,,,,"Computer, Engineering, and Science Occupations",154531,,,98105,53033004500
35,53033004600,1552358,1033232,Census Tract 46,Washington,King County,90313,28385,104313,26140,130469.0,26023.0,144297.0,26935.0,100500.0,39983.0,139342.0,16775.0,148021.0,31975.0,78523.0,28773.0,,,68305.0,4886.0,53345.0,15755.0,178281.0,57318.0,68082.0,2412.0,97361.0,212847.0,79659.0,72898.0,105750.0,54089.0,,,39125.0,92564.0,,,,,,,,,,,,,,,61023.0,35526.0,113229.0,92865.0,40000.0,15941.0,77727.0,35207.0,,,,,78636.0,67215.0,40658.0,1544.0,,,,,,,"Computer, Engineering, and Science Occupations",139342,,,98103,53033004600
36,53033004800,1278329,26886,Census Tract 48,Washington,King County,98462,35948,114911,35041,138590.0,74367.0,139000.0,106668.0,132308.0,102173.0,128750.0,25255.0,109438.0,53184.0,167697.0,34714.0,120179.0,49944.0,61152.0,16673.0,,,123819.0,167891.0,43750.0,9700.0,95982.0,120242.0,105074.0,15727.0,105074.0,15727.0,,,43219.0,5735.0,,,,,,,,,44063.0,18712.0,,,,,72143.0,98556.0,250001.0,,56250.0,21685.0,48654.0,14482.0,,,48654.0,14482.0,,,29219.0,145254.0,,,125625.0,171668.0,,,"Management, Business, and Financial Occupations",138590,,,98107,53033004800
37,53033005000,757380,0,Census Tract 50,Washington,King County,83311,11212,89607,17977,90313.0,19090.0,98611.0,108910.0,84073.0,13864.0,131583.0,17368.0,156150.0,35562.0,110972.0,21074.0,68750.0,174056.0,62759.0,15920.0,,,,,56583.0,29216.0,46500.0,97180.0,77353.0,9967.0,77353.0,11616.0,,,32308.0,97341.0,,,,,,,,,,,,,,,65037.0,56286.0,130400.0,96213.0,42124.0,11967.0,,,,,,,,,40938.0,12516.0,,,40938.0,12516.0,,,"Computer, Engineering, and Science Occupations",131583,,,98103,53033005000
38,53033005100,881731,0,Census Tract 51,Washington,King County,104632,17446,109022,11539,115694.0,36733.0,110000.0,35260.0,131797.0,36644.0,119028.0,25484.0,145278.0,34176.0,101250.0,26087.0,69167.0,59391.0,84625.0,4856.0,69375.0,16466.0,,,107750.0,86817.0,80833.0,57104.0,78533.0,24155.0,79130.0,41155.0,,,44286.0,29715.0,73864.0,121896.0,,,,,,,,,,,,,57222.0,64136.0,116719.0,79778.0,55417.0,40635.0,,,,,,,,,32857.0,16822.0,,,,,,,"Computer, Engineering, and Science Occupations",119028,,,98103,53033005100
39,53033005600,3022785,1546484,Census Tract 56,Washington,King County,129583,38597,147548,26825,188403.0,114568.0,250001.0,,109926.0,53797.0,148235.0,35417.0,94753.0,96387.0,152188.0,20659.0,152188.0,250685.0,101667.0,62067.0,,,178929.0,68529.0,64485.0,67287.0,111094.0,48833.0,97500.0,114363.0,97500.0,114363.0,,,,,,,,,,,,,,,,,,,84145.0,102408.0,138750.0,135409.0,69844.0,17322.0,58750.0,1868.0,,,,,,,,,,,,,,,"Management, Business, and Financial Occupations",188403,,,98199,53033005600
40,53033005700,5085640,2365806,Census Tract 57,Washington,King County,117426,40322,139405,33423,123672.0,30320.0,137897.0,22101.0,92039.0,23597.0,188343.0,21883.0,169400.0,64795.0,134265.0,64430.0,188655.0,8732.0,80857.0,28522.0,,,168462.0,234141.0,56786.0,13144.0,67604.0,46862.0,72014.0,46936.0,145430.0,70182.0,44244.0,30983.0,30455.0,21202.0,,,,,,,,,,,,,,,47193.0,27202.0,130313.0,171625.0,38973.0,14954.0,53875.0,15792.0,,,53875.0,15792.0,,,32165.0,33877.0,52625.0,50753.0,,,,,"Computer, Engineering, and Science Occupations",188343,,,98199,53033005700
41,53033005801,1822365,260223,Census Tract 58.01,Washington,King County,96044,9222,100999,6310,94605.0,28872.0,100634.0,32582.0,81136.0,26665.0,132074.0,24037.0,140854.0,20937.0,98333.0,47727.0,96827.0,11679.0,73488.0,18770.0,64097.0,33403.0,247891.0,314023.0,73430.0,35010.0,71771.0,54357.0,109625.0,16530.0,109500.0,11058.0,,,54554.0,33541.0,,,,,,,,,80325.0,32257.0,,,35139.0,18943.0,71531.0,11988.0,57165.0,40936.0,75255.0,9891.0,,,,,,,,,,,,,,,,,"Computer, Engineering, and Science Occupations",132074,,,98199,53033005801
42,53033006000,1340653,160754,Census Tract 60,Washington,King County,85492,16808,112917,22184,126292.0,29755.0,177738.0,43740.0,96484.0,52833.0,131875.0,54671.0,159531.0,22098.0,130174.0,121377.0,64323.0,78834.0,83456.0,51872.0,,,143431.0,50730.0,36653.0,33801.0,71667.0,86377.0,62372.0,90038.0,62372.0,90038.0,,,56071.0,33898.0,,,,,,,,,67169.0,34144.0,,,38156.0,11611.0,58409.0,7670.0,85129.0,61894.0,57614.0,10961.0,59412.0,12186.0,,,,,,,50927.0,204867.0,,,,,,,"Computer, Engineering, and Science Occupations",131875,,,98109,53033006000
43,53033006100,1227451,652743,Census Tract 61,Washington,King County,102275,23643,114174,17940,140743.0,19154.0,142083.0,15639.0,121455.0,36082.0,136481.0,14695.0,140677.0,15230.0,,,88239.0,110729.0,90043.0,30766.0,,,112946.0,7931.0,56708.0,9913.0,222796.0,334685.0,64737.0,8669.0,64737.0,8669.0,,,77798.0,152911.0,,,,,,,,,,,,,,,66250.0,18687.0,73750.0,76285.0,45221.0,13574.0,44318.0,45785.0,,,,,,,58833.0,21568.0,73650.0,33789.0,,,,,"Management, Business, and Financial Occupations",140743,,,98102,53033006100
44,53033006200,2437426,239356,Census Tract 62,Washington,King County,112161,28652,128750,25816,110039.0,24345.0,137841.0,19565.0,81929.0,13100.0,131806.0,86623.0,192222.0,112225.0,118750.0,103785.0,99531.0,155364.0,98594.0,29898.0,83194.0,16303.0,168750.0,23746.0,80000.0,9824.0,57361.0,19584.0,243833.0,22362.0,250001.0,,,,,,,,,,,,,,,,,,,,61528.0,38976.0,75888.0,87271.0,53824.0,7750.0,,,,,,,,,,,,,,,,,Healthcare Practitioners and Technical Occupations,243833,,,98112,53033006200
45,53033006300,2610569,3533560,Census Tract 63,Washington,King County,106276,29502,126029,31053,131696.0,78538.0,175000.0,112381.0,82208.0,81116.0,127375.0,53748.0,245282.0,132301.0,,,123333.0,48197.0,130982.0,73808.0,,,164063.0,94503.0,,,69141.0,12076.0,106678.0,134135.0,106678.0,134135.0,,,52188.0,9002.0,,,,,,,,,,,,,,,74342.0,66035.0,142557.0,145777.0,11984.0,65771.0,,,,,,,,,,,,,,,,,"Management, Business, and Financial Occupations",131696,,,98112,53033006300
46,53033006400,903649,0,Census Tract 64,Washington,King County,123472,32573,131591,36268,107335.0,37015.0,123750.0,105954.0,76667.0,45914.0,162344.0,66696.0,187679.0,22362.0,93542.0,48398.0,110781.0,11474.0,125781.0,142205.0,,,250001.0,,125625.0,94162.0,31667.0,80008.0,250001.0,,250001.0,,,,50288.0,13133.0,,,,,,,,,,,,,,,170694.0,182990.0,250001.0,,54091.0,13648.0,,,,,,,,,35048.0,10024.0,,,,,35096.0,12330.0,Healthcare Practitioners and Technical Occupations,250001,,,98112,53033006400
47,53033006500,1147619,0,Census Tract 65,Washington,King County,105183,24034,117391,29879,148796.0,25096.0,167786.0,31214.0,66250.0,32800.0,130551.0,17468.0,132485.0,33373.0,106458.0,42536.0,73083.0,70777.0,77875.0,15885.0,51563.0,3188.0,120156.0,89790.0,65583.0,21889.0,82750.0,6188.0,101058.0,14153.0,101314.0,9790.0,,,,,,,,,,,,,,,,,,,74125.0,50940.0,74250.0,87622.0,59917.0,65471.0,49402.0,13385.0,,,50673.0,23238.0,,,37500.0,25905.0,,,,,,,"Management, Business, and Financial Occupations",148796,,,98102,53033006500
48,53033006600,1117109,831139,Census Tract 66,Washington,King County,88026,16108,81325,12959,87426.0,24635.0,105313.0,62441.0,77868.0,16934.0,105859.0,57577.0,158000.0,42595.0,85417.0,45260.0,66118.0,14531.0,72008.0,13797.0,,,,,55781.0,29743.0,70809.0,10316.0,65708.0,2369.0,65708.0,2369.0,,,73365.0,46490.0,,,,,,,,,,,,,,,139710.0,16205.0,159107.0,26230.0,106227.0,65965.0,,,,,,,,,42292.0,16069.0,,,,,41319.0,22312.0,Sales and Office Occupations,139710,,,98102,53033006600
49,53033006800,718106,0,Census Tract 68,Washington,King County,93397,7012,101442,13507,135104.0,61690.0,107344.0,45882.0,146250.0,55383.0,103049.0,14148.0,117083.0,83549.0,86486.0,43085.0,216719.0,174250.0,91923.0,3773.0,90597.0,31662.0,96500.0,95317.0,72083.0,59572.0,132500.0,149854.0,93438.0,77629.0,93750.0,132569.0,,,39583.0,41438.0,,,,,,,,,,,,,,,86591.0,19683.0,94063.0,124234.0,85455.0,53173.0,,,,,,,,,,,,,,,,,"Management, Business, and Financial Occupations",135104,,,98109,53033006800
50,53033006900,905121,0,Census Tract 69,Washington,King County,101174,17389,116996,17081,140705.0,40401.0,158355.0,23402.0,115672.0,28793.0,131250.0,69986.0,135417.0,60518.0,250001.0,,56814.0,46540.0,81319.0,26799.0,21875.0,43191.0,81319.0,116079.0,85588.0,61506.0,98015.0,16235.0,,,,,,,52860.0,3663.0,,,,,,,,,,,,,49797.0,6910.0,100663.0,53809.0,150652.0,51855.0,63000.0,20494.0,,,,,,,,,42768.0,6020.0,43482.0,4091.0,,,,,"Management, Business, and Financial Occupations",140705,,,98119,53033006900
51,53033007600,571882,0,Census Tract 76,Washington,King County,79013,14997,84810,20364,115895.0,18343.0,108646.0,61743.0,116080.0,15973.0,98558.0,21482.0,104167.0,43354.0,103661.0,24036.0,,,70466.0,5761.0,65489.0,12093.0,171250.0,325732.0,66250.0,19603.0,71337.0,29485.0,66466.0,21442.0,66034.0,25288.0,,,44333.0,7956.0,,,,,,,,,42143.0,4284.0,,,,,60188.0,14129.0,57109.0,66232.0,60344.0,18034.0,,,,,,,,,188111.0,148061.0,,,,,,,"Production, Transportation, and Material Moving Occupations",188111,,,98112,53033007600
52,53033007700,1058322,0,Census Tract 77,Washington,King County,96641,19473,113101,20129,115750.0,59480.0,159028.0,33580.0,90658.0,9053.0,143854.0,20160.0,163300.0,18714.0,73250.0,34000.0,96944.0,91463.0,62426.0,9028.0,53403.0,23448.0,,,58750.0,13730.0,80347.0,46579.0,78750.0,97633.0,79018.0,113836.0,,,38596.0,1050.0,,,,,,,,,,,,,,,50688.0,27212.0,99417.0,93609.0,42262.0,23461.0,82734.0,80757.0,,,83965.0,13325.0,,,,,,,,,,,"Computer, Engineering, and Science Occupations",143854,,,98112,53033007700
53,53033007800,2097740,3632914,Census Tract 78,Washington,King County,125112,46330,141333,56539,141500.0,57032.0,175313.0,35594.0,76990.0,38316.0,96313.0,120753.0,170313.0,114997.0,,,96125.0,83844.0,163828.0,62833.0,,,186569.0,52760.0,148750.0,66862.0,,,92106.0,82373.0,163250.0,148197.0,,,46964.0,52568.0,,,,,,,,,,,,,,,157616.0,69399.0,157733.0,77859.0,,,27426.0,67836.0,,,,,,,,,,,,,,,"Education, Legal, Community Service, Arts, and Media Occupations",163828,,,98122,53033007800
54,53033008002,234314,0,Census Tract 80.02,Washington,King County,87825,27437,91307,41015,108077.0,33206.0,91071.0,48760.0,109615.0,28236.0,118615.0,70106.0,142625.0,20735.0,74355.0,40927.0,,,63906.0,16148.0,,,,,,,65757.0,7175.0,37344.0,116382.0,36953.0,98887.0,,,19196.0,60015.0,,,,,,,,,,,,,,,66900.0,55227.0,94273.0,34835.0,31989.0,25277.0,,,,,,,,,,,,,,,,,"Computer, Engineering, and Science Occupations",118615,,,98121,53033008002
55,53033008200,375785,0,Census Tract 82,Washington,King County,95867,25546,125089,24394,125351.0,27890.0,146597.0,75564.0,95816.0,4093.0,127031.0,30471.0,140117.0,29779.0,,,,,42337.0,42128.0,,,,,70781.0,148483.0,,,238984.0,160674.0,250001.0,,,,33438.0,13650.0,,,,,,,,,,,,,,,65036.0,29047.0,78984.0,159676.0,56250.0,23354.0,,,,,,,,,66761.0,35414.0,,,,,,,Healthcare Practitioners and Technical Occupations,238984,,,98101,53033008200
56,53033008300,237955,0,Census Tract 83,Washington,King County,103835,19730,115000,15973,108292.0,26601.0,123608.0,8212.0,62344.0,24786.0,144147.0,10304.0,149145.0,5468.0,142983.0,75515.0,107798.0,48031.0,61053.0,66296.0,,,,,79625.0,123350.0,62105.0,117217.0,73409.0,22455.0,78125.0,141151.0,,,39375.0,34033.0,,,,,,,,,,,,,,,57368.0,21942.0,69712.0,31315.0,46364.0,16190.0,,,,,,,,,61250.0,32121.0,,,,,,,"Computer, Engineering, and Science Occupations",144147,,,98101,53033008300
57,53033008500,450978,0,Census Tract 85,Washington,King County,62394,12462,79896,6149,79034.0,22462.0,80417.0,27274.0,70764.0,39675.0,99265.0,22460.0,110234.0,16756.0,73000.0,48204.0,,,77614.0,25324.0,,,,,58409.0,36305.0,,,79103.0,7144.0,79103.0,7144.0,,,38724.0,1390.0,,,,,,,,,34973.0,13341.0,,,,,49792.0,10305.0,54861.0,16615.0,48906.0,10789.0,,,,,,,,,35987.0,2236.0,,,,,,,"Computer, Engineering, and Science Occupations",99265,,,98104,53033008500
58,53033008600,711350,0,Census Tract 86,Washington,King County,61394,7546,91667,18524,92813.0,83910.0,89327.0,141700.0,127756.0,86838.0,125265.0,37158.0,126824.0,69023.0,93056.0,64325.0,100233.0,85503.0,71444.0,15857.0,70250.0,25078.0,,,52500.0,32322.0,130455.0,96608.0,49756.0,15889.0,49756.0,15889.0,,,50702.0,16936.0,,,,,,,,,54868.0,47212.0,,,50702.0,16109.0,42939.0,12269.0,41417.0,23768.0,44257.0,21005.0,89044.0,38544.0,,,,,,,,,,,,,,,"Computer, Engineering, and Science Occupations",125265,,,98122,53033008600
59,53033008700,732385,0,Census Tract 87,Washington,King County,77883,4919,92813,13731,94663.0,17361.0,103139.0,20223.0,92788.0,35904.0,138403.0,56613.0,180313.0,49941.0,132708.0,73603.0,56971.0,53924.0,78045.0,9732.0,62500.0,6789.0,250001.0,,78250.0,9881.0,72500.0,31084.0,111406.0,55359.0,110156.0,63233.0,,,45049.0,27688.0,,,,,,,,,45518.0,21811.0,,,,,54643.0,31912.0,61500.0,43114.0,34412.0,33136.0,44432.0,34943.0,,,,,,,31713.0,45098.0,31250.0,68361.0,31818.0,74386.0,,,"Computer, Engineering, and Science Occupations",138403,,,98122,53033008700
60,53033008800,948581,0,Census Tract 88,Washington,King County,85497,8204,101813,11944,117621.0,24745.0,140375.0,58496.0,98333.0,21610.0,128015.0,45805.0,147375.0,29499.0,105391.0,16524.0,75625.0,53588.0,83973.0,12723.0,85417.0,45443.0,163750.0,132761.0,100469.0,55373.0,75865.0,12914.0,89000.0,28388.0,84432.0,92432.0,,,41958.0,13497.0,,,,,,,,,40333.0,17818.0,,,,,61688.0,38104.0,61875.0,36511.0,59583.0,49866.0,27434.0,187646.0,,,,,,,,,,,,,,,"Computer, Engineering, and Science Occupations",128015,,,98122,53033008800
61,53033008900,1270033,1798066,Census Tract 89,Washington,King County,82596,24242,108989,16875,119965.0,31192.0,135491.0,34864.0,89821.0,26725.0,107946.0,30645.0,167177.0,25884.0,86016.0,13161.0,,,99271.0,50484.0,,,111442.0,54353.0,49327.0,23194.0,106458.0,208215.0,99081.0,53280.0,131161.0,51982.0,62000.0,30502.0,41938.0,15120.0,,,,,,,,,43500.0,48274.0,,,,,38189.0,15541.0,55313.0,24549.0,29486.0,14748.0,,,,,,,,,,,,,,,,,"Management, Business, and Financial Occupations",119965,,,98144,53033008900
62,53033009000,855872,0,Census Tract 90,Washington,King County,83092,23289,97404,14719,98125.0,20628.0,125278.0,57830.0,84866.0,28879.0,126875.0,53731.0,140750.0,100263.0,,,,,92635.0,4967.0,91667.0,12387.0,98438.0,23046.0,91964.0,57083.0,,,73854.0,28961.0,73854.0,28961.0,,,30815.0,15640.0,,,,,,,,,41389.0,29662.0,,,,,55556.0,15160.0,52422.0,42550.0,55694.0,18251.0,59286.0,52697.0,,,,,,,39583.0,30000.0,,,,,,,"Computer, Engineering, and Science Occupations",126875,,,98144,53033009000
63,53033009100,410621,0,Census Tract 91,Washington,King County,58938,12418,78080,10184,65603.0,13754.0,58448.0,22190.0,67155.0,14847.0,111115.0,18222.0,126563.0,20684.0,78304.0,8399.0,,,83452.0,41803.0,,,,,,,84750.0,69155.0,,,,,,,21944.0,15907.0,,,,,,,,,21250.0,15449.0,,,,,82794.0,39086.0,33750.0,78035.0,83015.0,30066.0,55885.0,2500.0,,,,,,,23851.0,12683.0,24561.0,17546.0,,,,,"Computer, Engineering, and Science Occupations",111115,,,98104,53033009100
64,53033009200,338451,154864,Census Tract 92,Washington,King County,54698,22481,57955,35646,105568.0,32210.0,110724.0,47890.0,53922.0,22619.0,60833.0,117686.0,44898.0,163061.0,,,,,44875.0,75331.0,,,,,41213.0,5783.0,,,36228.0,3367.0,,,,,41318.0,41021.0,,,,,,,,,32147.0,8460.0,,,,,62560.0,48699.0,,,41295.0,25814.0,,,,,,,,,51750.0,42311.0,,,67864.0,32360.0,,,"Management, Business, and Financial Occupations",105568,,,98104,53033009200
65,53033009300,9444110,639051,Census Tract 93,Washington,King County,83879,11340,94096,22766,88393.0,36910.0,77394.0,37880.0,109044.0,3569.0,117143.0,50858.0,135313.0,44967.0,141071.0,104332.0,,,88646.0,31387.0,,,119773.0,322257.0,,,87344.0,65218.0,93500.0,32914.0,94542.0,49089.0,61250.0,1392.0,52841.0,28308.0,,,,,,,,,53841.0,683.0,,,,,51875.0,17726.0,39559.0,14089.0,59554.0,33092.0,100278.0,46323.0,,,,,,,,,,,,,,,"Computer, Engineering, and Science Occupations",117143,,,98134,53033009300
66,53033009400,1686311,0,Census Tract 94,Washington,King County,73889,16007,96913,6717,96139.0,4271.0,97829.0,22398.0,94554.0,9801.0,138824.0,55522.0,114383.0,43680.0,146071.0,19854.0,91375.0,63071.0,73949.0,20631.0,,,113542.0,78871.0,74868.0,17599.0,73000.0,44259.0,93393.0,41428.0,94196.0,85614.0,77219.0,82831.0,31815.0,2385.0,,,,,,,,,31418.0,2982.0,,,88182.0,86932.0,37337.0,7865.0,29444.0,25831.0,39091.0,5618.0,34871.0,117880.0,,,127949.0,63717.0,,,46020.0,2272.0,28750.0,23452.0,46310.0,932.0,,,"Computer, Engineering, and Science Occupations",138824,,,98144,53033009400
67,53033009500,2597717,2916270,Census Tract 95,Washington,King County,91397,24684,113839,24486,125800.0,14133.0,132188.0,24519.0,119375.0,40676.0,132640.0,37176.0,133958.0,22461.0,105469.0,83326.0,,,63750.0,22547.0,71382.0,43633.0,,,50867.0,14956.0,164063.0,116110.0,192125.0,160624.0,192125.0,160624.0,,,48125.0,16449.0,,,,,,,,,33125.0,12933.0,,,,,55750.0,10299.0,67232.0,178833.0,55056.0,16138.0,,,,,,,,,50813.0,16352.0,49135.0,62343.0,130491.0,125059.0,50063.0,61505.0,Healthcare Practitioners and Technical Occupations,192125,,,98144,53033009500
68,53033009600,1906922,1385222,Census Tract 96,Washington,King County,113234,9315,114172,22319,114523.0,17208.0,137153.0,39622.0,113427.0,24570.0,131842.0,37429.0,172411.0,111421.0,110568.0,45184.0,131184.0,87326.0,74640.0,54507.0,,,157159.0,65900.0,73744.0,411.0,113220.0,27699.0,143891.0,76951.0,143908.0,96103.0,,,40750.0,38318.0,,,,,,,,,,,,,,,66167.0,101779.0,133750.0,68340.0,57045.0,41754.0,83264.0,31316.0,,,83264.0,31316.0,,,43403.0,55266.0,,,,,,,Healthcare Practitioners and Technical Occupations,143891,,,98116,53033009600
69,53033009701,1861358,1607123,Census Tract 97.01,Washington,King County,92500,11316,111184,19391,111930.0,13133.0,111336.0,21875.0,122569.0,48629.0,133594.0,125193.0,99375.0,118062.0,,,250001.0,,90978.0,14617.0,,,106786.0,281870.0,77194.0,13398.0,92310.0,108578.0,132880.0,38319.0,132880.0,38319.0,,,53646.0,12510.0,41402.0,11824.0,,,,,,,53906.0,4923.0,,,,,63363.0,28587.0,212917.0,30739.0,44852.0,9644.0,89750.0,28021.0,,,64342.0,56709.0,,,73714.0,26281.0,,,74286.0,43896.0,,,"Computer, Engineering, and Science Occupations",133594,,,98116,53033009701
70,53033009702,2220441,0,Census Tract 97.02,Washington,King County,111087,7172,121250,9915,129219.0,12233.0,138333.0,28437.0,115074.0,44459.0,121319.0,31331.0,137917.0,20099.0,113750.0,36864.0,,,107833.0,90476.0,,,250001.0,,58681.0,124295.0,63906.0,75452.0,65688.0,19102.0,61838.0,46427.0,,,57337.0,41559.0,,,,,,,,,,,,,,,88092.0,29655.0,89276.0,37267.0,63500.0,69931.0,120000.0,86885.0,,,129231.0,104487.0,,,89135.0,79319.0,37500.0,42824.0,87596.0,74116.0,,,"Management, Business, and Financial Occupations",129219,,,98116,53033009702
71,53033009900,6565170,2370735,Census Tract 99,Washington,King County,74512,6653,80300,11325,75916.0,10319.0,68836.0,16833.0,88158.0,22254.0,104145.0,41880.0,117500.0,17827.0,86786.0,79972.0,,,74432.0,38027.0,,,124861.0,74264.0,44583.0,2670.0,102684.0,59572.0,85927.0,13668.0,85565.0,21908.0,,,41875.0,97051.0,,,,,,,,,,,,,,,54464.0,30103.0,78750.0,31310.0,30625.0,17075.0,62500.0,49235.0,,,60481.0,10877.0,,,68906.0,68545.0,69188.0,86664.0,,,,,"Computer, Engineering, and Science Occupations",104145,,,98126,53033009900
72,53033010001,2327512,0,Census Tract 100.01,Washington,King County,63681,18042,88598,9890,94444.0,23431.0,93472.0,35134.0,103375.0,39509.0,89261.0,47126.0,77321.0,95413.0,89318.0,66825.0,,,62917.0,27000.0,52460.0,29034.0,,,64107.0,47008.0,64659.0,98235.0,86591.0,172858.0,86591.0,172858.0,,,34063.0,5680.0,34438.0,11810.0,,,,,,,22125.0,20523.0,,,,,57386.0,20172.0,85550.0,39351.0,55625.0,19198.0,,,,,,,,,40673.0,17242.0,40529.0,20982.0,,,,,"Management, Business, and Financial Occupations",94444,,,98108,53033010001
73,53033010002,948077,0,Census Tract 100.02,Washington,King County,66277,12658,86009,12602,95000.0,43768.0,86310.0,47866.0,120833.0,26327.0,85433.0,19271.0,121500.0,60135.0,63750.0,25883.0,57375.0,32833.0,69500.0,37408.0,68625.0,20930.0,89441.0,49366.0,73929.0,18306.0,46648.0,12530.0,132361.0,92246.0,132361.0,92246.0,,,31607.0,8842.0,47991.0,32361.0,,,,,,,30705.0,14144.0,55938.0,9264.0,26213.0,1844.0,53864.0,30757.0,66042.0,44247.0,52727.0,33862.0,34556.0,18966.0,,,34556.0,39809.0,,,52204.0,4190.0,57500.0,15861.0,,,,,Healthcare Practitioners and Technical Occupations,132361,,,98144,53033010002
74,53033010200,2795533,2076618,Census Tract 102,Washington,King County,90060,8593,103711,12594,138818.0,16477.0,146389.0,35792.0,135268.0,53554.0,95787.0,18693.0,148750.0,172409.0,90694.0,30872.0,70114.0,13622.0,86544.0,12227.0,,,87188.0,23385.0,59875.0,48658.0,142727.0,96225.0,94141.0,51173.0,93828.0,124500.0,95625.0,181735.0,47841.0,14677.0,,,134306.0,32365.0,138625.0,54409.0,,,35216.0,1175.0,,,,,83594.0,28875.0,94844.0,50280.0,55893.0,31916.0,45587.0,1887.0,,,,,,,31667.0,15645.0,29231.0,16448.0,,,17436.0,36779.0,"Management, Business, and Financial Occupations",138818,,,98118,53033010200
75,53033010401,1629874,0,Census Tract 104.01,Washington,King County,54154,18099,80104,11062,81047.0,13121.0,80648.0,20818.0,82125.0,43601.0,158219.0,46800.0,158813.0,57826.0,82125.0,112808.0,,,43375.0,8717.0,,,,,36653.0,9368.0,137981.0,83748.0,90417.0,17788.0,90682.0,12206.0,,,37561.0,10930.0,,,,,,,,,38527.0,4257.0,17250.0,27842.0,52829.0,15592.0,39012.0,981.0,38925.0,1384.0,39375.0,24811.0,,,,,,,,,38869.0,49562.0,38155.0,41200.0,37333.0,47491.0,,,"Computer, Engineering, and Science Occupations",158219,,,98108,53033010401
76,53033010402,1742875,0,Census Tract 104.02,Washington,King County,55400,7733,82411,24655,89000.0,113995.0,161071.0,121406.0,75000.0,47006.0,111806.0,62596.0,93611.0,23553.0,150962.0,33774.0,,,52125.0,16759.0,,,,,56429.0,18684.0,52946.0,25927.0,95742.0,33897.0,95294.0,49459.0,,,26250.0,29636.0,,,,,,,,,36196.0,10984.0,4083.0,20135.0,42550.0,34202.0,58958.0,11931.0,43375.0,33436.0,60556.0,10430.0,48750.0,5435.0,,,51667.0,25508.0,47695.0,7441.0,44605.0,10934.0,60069.0,25983.0,44659.0,12921.0,34769.0,2832.0,"Computer, Engineering, and Science Occupations",111806,,,98108,53033010402
77,53033010701,1457384,3664,Census Tract 107.01,Washington,King County,74069,5890,86797,7849,92188.0,51690.0,130800.0,16827.0,70875.0,24528.0,98625.0,22290.0,122143.0,43844.0,86912.0,21020.0,,,65679.0,29480.0,,,,,67361.0,20294.0,49306.0,48497.0,85893.0,33648.0,110185.0,55523.0,,,44706.0,9708.0,33654.0,4436.0,51106.0,940.0,50737.0,1873.0,,,44706.0,7715.0,,,,,63000.0,9925.0,63125.0,4788.0,57411.0,23437.0,107679.0,45028.0,,,95833.0,55146.0,,,43818.0,4454.0,44352.0,33227.0,37438.0,27212.0,,,"Natural Resources, Construction, and Maintenance Occupations",107679,,,98106,53033010701
78,53033010702,780116,0,Census Tract 107.02,Washington,King County,102188,23767,123750,11991,116250.0,15786.0,106657.0,33924.0,119398.0,12417.0,128918.0,1832.0,128903.0,9337.0,,,,,97656.0,71540.0,49250.0,13170.0,122656.0,30466.0,82813.0,137463.0,,,135817.0,40333.0,136082.0,6929.0,,,28125.0,8319.0,19808.0,24017.0,,,,,,,,,25833.0,65623.0,,,83611.0,35916.0,110909.0,59194.0,47232.0,83306.0,40750.0,10505.0,,,,,,,37531.0,2065.0,43347.0,2275.0,36272.0,28051.0,,,Healthcare Practitioners and Technical Occupations,135817,,,98126,53033010702
79,53033010800,4140525,322633,Census Tract 108,Washington,King County,83076,4761,94583,15172,107321.0,27793.0,83000.0,30521.0,142009.0,33648.0,112031.0,17434.0,143056.0,28813.0,111875.0,9172.0,94583.0,16540.0,71806.0,27770.0,47188.0,16742.0,149231.0,98992.0,56563.0,18964.0,87000.0,170906.0,83760.0,779.0,83648.0,715.0,,,52899.0,13657.0,,,112727.0,12220.0,,,,,53492.0,2791.0,40507.0,1640.0,,,72625.0,41537.0,85278.0,21466.0,47625.0,50792.0,72366.0,20266.0,,,72143.0,14692.0,85625.0,87145.0,47692.0,24824.0,77708.0,110060.0,60329.0,22802.0,,,Protective Service Occupations,112727,,,98106,53033010800
80,53033010900,5389781,414929,Census Tract 109,Washington,King County,67386,18078,78625,14056,77031.0,21905.0,88750.0,70053.0,76563.0,16516.0,105341.0,31017.0,152000.0,53915.0,87431.0,2314.0,,,54226.0,7247.0,25208.0,31585.0,,,40833.0,42502.0,86250.0,43156.0,,,,,,,53125.0,15334.0,,,,,,,,,55441.0,4235.0,,,,,49167.0,33265.0,,,49167.0,36932.0,34236.0,65041.0,,,34653.0,189577.0,,,,,,,,,,,"Computer, Engineering, and Science Occupations",105341,,,98108,53033010900
81,53033011001,1080391,0,Census Tract 110.01,Washington,King County,44640,10089,96500,28557,75893.0,16326.0,76684.0,28797.0,59922.0,22424.0,137344.0,16499.0,136719.0,16710.0,147955.0,168468.0,,,101023.0,89610.0,,,,,61250.0,49894.0,,,83164.0,15966.0,83125.0,13702.0,107656.0,111993.0,27188.0,28131.0,,,,,,,,,18304.0,18666.0,22188.0,7459.0,,,41690.0,1571.0,40000.0,50952.0,41690.0,1141.0,45964.0,24322.0,,,45929.0,23365.0,,,35521.0,9492.0,41081.0,3441.0,,,,,"Computer, Engineering, and Science Occupations",137344,,,98118,53033011001
82,53033011002,1719569,0,Census Tract 110.02,Washington,King County,41021,4964,73403,13180,74167.0,47367.0,91607.0,71356.0,58750.0,43779.0,124000.0,133202.0,111250.0,70644.0,190329.0,202811.0,,,54625.0,19226.0,,,,,70250.0,38355.0,60781.0,20601.0,59048.0,23305.0,,,,,36250.0,9356.0,,,,,,,,,40519.0,14634.0,34375.0,5758.0,,,49097.0,14863.0,32196.0,57813.0,49722.0,17140.0,21694.0,17074.0,,,32500.0,17979.0,7396.0,29296.0,34970.0,9342.0,42596.0,15289.0,63167.0,33093.0,33621.0,5653.0,"Computer, Engineering, and Science Occupations",124000,,,98108,53033011002
83,53033011101,1136851,0,Census Tract 111.01,Washington,King County,48578,7213,80561,24667,58750.0,15671.0,54766.0,17043.0,99479.0,134395.0,81250.0,12910.0,81300.0,38961.0,64455.0,20183.0,93261.0,22549.0,53646.0,62666.0,39161.0,27949.0,,,84926.0,18379.0,95577.0,38700.0,91968.0,43371.0,117733.0,55072.0,70625.0,71953.0,37019.0,9996.0,30550.0,19421.0,,,,,,,41318.0,11309.0,,,29808.0,29755.0,42332.0,3048.0,44402.0,3604.0,41265.0,13671.0,53839.0,13143.0,,,,,63942.0,40413.0,45682.0,8422.0,46518.0,14932.0,,,30938.0,27097.0,Healthcare Practitioners and Technical Occupations,91968,,,98118,53033011101
84,53033011102,1303226,1143440,Census Tract 111.02,Washington,King County,67590,11609,89226,15249,130833.0,27328.0,128214.0,34330.0,148088.0,52494.0,107813.0,20429.0,108021.0,23560.0,102083.0,121064.0,,,68468.0,13845.0,77143.0,34196.0,96957.0,5457.0,60877.0,2413.0,103839.0,14075.0,83779.0,4866.0,84128.0,6988.0,,,39953.0,3793.0,,,41017.0,11393.0,41017.0,11393.0,,,32500.0,39299.0,36346.0,7157.0,,,53500.0,10422.0,,,53571.0,9714.0,68297.0,18834.0,,,68415.0,24753.0,,,36607.0,12230.0,45000.0,30883.0,,,40583.0,12664.0,"Management, Business, and Financial Occupations",130833,,,98118,53033011102
85,53033011200,2483779,139646,Census Tract 112,Washington,King County,49889,5378,66953,21441,81500.0,39638.0,125333.0,63927.0,44914.0,56716.0,66563.0,35802.0,65781.0,33004.0,,,,,62692.0,26318.0,,,,,48594.0,24201.0,,,78906.0,34945.0,100972.0,127942.0,,,36866.0,10748.0,,,,,,,,,37031.0,22714.0,37333.0,22526.0,,,62699.0,15273.0,73750.0,11030.0,54875.0,13811.0,23362.0,25286.0,53229.0,19581.0,12813.0,16156.0,50000.0,4519.0,38074.0,6063.0,34643.0,8867.0,,,37917.0,16119.0,"Management, Business, and Financial Occupations",81500,,,98108,53033011200
86,53033011300,3419308,42220,Census Tract 113,Washington,King County,77708,9242,92266,15062,82279.0,25275.0,105096.0,43045.0,77903.0,20842.0,104548.0,28997.0,111250.0,47100.0,93214.0,15161.0,,,74193.0,8029.0,71923.0,5020.0,119554.0,55440.0,73558.0,36216.0,40917.0,85568.0,90000.0,15379.0,92880.0,19120.0,,,39331.0,59953.0,,,,,,,,,37587.0,23860.0,,,,,80938.0,26043.0,85417.0,52498.0,80547.0,45108.0,56641.0,28601.0,,,79911.0,90723.0,32460.0,51933.0,56071.0,86765.0,44808.0,24940.0,,,165714.0,178386.0,"Computer, Engineering, and Science Occupations",104548,,,98106,53033011300
87,53033011401,1233155,0,Census Tract 114.01,Washington,King County,58350,11319,70262,5809,71723.0,12411.0,79929.0,17030.0,60938.0,2825.0,85208.0,16659.0,69681.0,27942.0,108125.0,34903.0,,,65066.0,18800.0,,,,,65855.0,29116.0,14602.0,82905.0,75227.0,37270.0,66250.0,29371.0,,,31775.0,5124.0,,,,,,,,,32529.0,4057.0,,,,,45378.0,3382.0,45011.0,16963.0,45925.0,5543.0,74671.0,26746.0,,,,,74737.0,27672.0,37500.0,21793.0,36250.0,27376.0,60536.0,59299.0,,,"Computer, Engineering, and Science Occupations",85208,,,98106,53033011401
88,53033011402,1186191,0,Census Tract 114.02,Washington,King County,48402,7390,74107,14909,79063.0,39051.0,105000.0,11036.0,58529.0,23025.0,66652.0,27901.0,65625.0,16163.0,56250.0,30792.0,101359.0,6469.0,66167.0,5699.0,66208.0,13388.0,96071.0,72226.0,42243.0,39252.0,64125.0,32627.0,132763.0,52579.0,111607.0,50236.0,250001.0,,36620.0,8222.0,48472.0,37629.0,45278.0,28757.0,,,,,7378.0,46978.0,43478.0,50452.0,41420.0,5112.0,46618.0,4814.0,47390.0,29350.0,44327.0,5641.0,60893.0,50755.0,,,61786.0,84155.0,58750.0,54751.0,43963.0,3985.0,43750.0,8155.0,43225.0,1971.0,49391.0,22599.0,Healthcare Practitioners and Technical Occupations,132763,,,98106,53033011402
89,53033011500,1538373,0,Census Tract 115,Washington,King County,82358,4275,93929,5031,94363.0,8217.0,104500.0,27275.0,83846.0,11081.0,120119.0,37632.0,126591.0,83551.0,107500.0,54589.0,71000.0,183518.0,85568.0,10370.0,,,88281.0,126302.0,64712.0,35419.0,92750.0,14110.0,93250.0,23963.0,93250.0,23963.0,,,45625.0,10471.0,,,,,,,,,52738.0,16641.0,,,,,59605.0,7864.0,80417.0,14833.0,46953.0,20171.0,98472.0,96430.0,,,44375.0,84836.0,,,82578.0,42971.0,83000.0,6534.0,26944.0,100900.0,,,"Computer, Engineering, and Science Occupations",120119,,,98126,53033011500
90,53033011700,3515808,0,Census Tract 117,Washington,King County,47122,7116,69792,19828,68125.0,18434.0,70909.0,59426.0,66875.0,28887.0,95739.0,17144.0,105417.0,48453.0,84125.0,44553.0,,,62813.0,19870.0,51696.0,26233.0,,,64000.0,15277.0,,,98594.0,61604.0,67434.0,122784.0,,,32839.0,7658.0,33828.0,16265.0,39554.0,224054.0,39554.0,224054.0,,,29720.0,14222.0,33571.0,19065.0,,,53698.0,10650.0,55969.0,5897.0,43750.0,16943.0,44821.0,27773.0,,,55804.0,38937.0,,,40625.0,11695.0,38239.0,5700.0,68309.0,24626.0,32000.0,4242.0,Healthcare Practitioners and Technical Occupations,98594,,,98118,53033011700
91,53033012000,1437048,0,Census Tract 120,Washington,King County,82692,13363,102802,25161,104250.0,18857.0,107833.0,18860.0,102750.0,56506.0,128693.0,15262.0,129773.0,40211.0,128523.0,76319.0,124000.0,60405.0,57841.0,30105.0,58295.0,14374.0,,,29883.0,77283.0,62206.0,20659.0,87222.0,44539.0,86528.0,35115.0,,,47895.0,22668.0,,,,,,,,,,,,,,,64838.0,11460.0,140357.0,68175.0,63356.0,3153.0,52833.0,9957.0,,,53333.0,21472.0,49700.0,105061.0,39844.0,74353.0,,,66000.0,124538.0,,,"Computer, Engineering, and Science Occupations",128693,,,98146,53033012000
92,53033012100,1739952,1380849,Census Tract 121,Washington,King County,120583,22945,132375,23571,132875.0,32187.0,141000.0,50565.0,101042.0,92106.0,148555.0,36247.0,141250.0,65492.0,237833.0,82569.0,147734.0,81740.0,100000.0,73623.0,80341.0,29400.0,229934.0,133660.0,93571.0,30148.0,,,121667.0,74541.0,81667.0,86856.0,,,90536.0,99905.0,,,,,,,,,,,,,91607.0,59103.0,107292.0,53869.0,122143.0,186150.0,98375.0,48355.0,,,,,,,,,93409.0,73530.0,,,93409.0,73530.0,,,"Computer, Engineering, and Science Occupations",148555,,,98146,53033012100
