,Object ID,Geographic Identifier - FIPS Code,Area of Land (Square Meters),Area of Water (Square Meters),Name,State,County,Total Population,Total Population - Margin of Error,Population Less Than 18 Years,Population Less Than 18 Years - Margin of Error,Percent of Population that is Less Than 18 Years,Percent of Population that is Less Than 18 Years - Margin of Error,Population 65 Years and Over,Population 65 Years and Over - Margin of Error,Percent of Population that is 65 Years and Over,Percent of Population that is 65 Years and Over - Margin of Error,Population in Dependent Age Groups (under 18 and 65+),Population in Dependent Age Groups (under 18 and 65+) - Margin of Error,Percent of Population in Dependent Age Groups (under 18 and 65+),Percent of Population in Dependent Age Groups (under 18 and 65+) - Margin of Error,Median Age of Total Population,Median Age of Total Population - Margin of Error,"White Alone, Not Hispanic or Latino Population","White Alone, Not Hispanic or Latino Population - Margin of Error","Black or African American Alone, Not Hispanic or Latino Population","Black or African American Alone, Not Hispanic or Latino Population - Margin of Error","American Indian and Alaska Native Alone, Not Hispanic or Latino Population","American Indian and Alaska Native Alone, Not Hispanic or Latino Population - Margin of Error","Asian Alone, Not Hispanic or Latino Population","Asian Alone, Not Hispanic or Latino Population - Margin of Error","Native Hawaiian and Other Pacific Islander Alone, Not Hispanic or Latino Population","Native Hawaiian and Other Pacific Islander Alone, Not Hispanic or Latino Population - Margin of Error","Some Other Race Alone, Not Hispanic or Latino Population","Some Other Race Alone, Not Hispanic or Latino Population - Margin of Error","Two or More Races, Not Hispanic or Latino Population","Two or More Races, Not Hispanic or Latino Population - Margin of Error",Hispanic or Latino Population,Hispanic or Latino Population - Margin of Error,"Percent of Population that is White Alone, Not Hispanic or Latino","Percent of Population that is White Alone, Not Hispanic or Latino - Margin of Error","Percent of Population that is Black or African American Alone, Not Hispanic or Latino","Percent of Population that is Black or African American Alone, Not Hispanic or Latino - Margin of Error","Percent of Population that is American Indian and Alaska Native Alone, Not Hispanic or Latino","Percent of Population that is American Indian and Alaska Native Alone, Not Hispanic or Latino - Margin of Error","Percent of Population that is Asian Alone, Not Hispanic or Latino","Percent of Population that is Asian Alone, Not Hispanic or Latino - Margin of Error","Percent of Population that is Native Hawaiian and Other Pacific Islander Alone, Not Hispanic or Latino","Percent of Population that is Native Hawaiian and Other Pacific Islander Alone, Not Hispanic or Latino - Margin of Error","Percent of Population that is Some Other Race Alone, Not Hispanic or Latino","Percent of Population that is Some Other Race Alone, Not Hispanic or Latino - Margin of Error","Percent of Population that is 2 or More Races, Not Hispanic or Latino","Percent of Population that is 2 or More Races, Not Hispanic or Latino - Margin of Error",Percent of Population that is Hispanic or Latino,Percent of Population that is Hispanic or Latino - Margin of Error,Foreign-Born Population,Foreign-Born Population - Margin of Error,Percent of Population that is Foreign Born,Percent of Population that is Foreign Born - Margin of Error,Median Household Income in past 12 months (inflation-adjusted dollars to last year of 5-year range),Median Household Income in past 12 months (inflation-adjusted dollars to last year of 5-year range) - Margin of Error,Total Housing Units,Total Housing Units - Margin of Error,Occupied Housing Units,Occupied Housing Units - Margin of Error,Vacant Housing Units,Vacant Housing Units - Margin of Error,Total Occupied Housing Units,Total Occupied Housing Units - Margin of Error,Owner-Occupied Housing Units,Owner-Occupied Housing Units - Margin of Error,Renter-Occupied Housing Units,Renter-Occupied Housing Units - Margin of Error,Homeownership Rate: Percent of Occupied Housing Units that are Owner-Occupied,Homeownership Rate: Percent of Occupied Housing Units that are Owner-Occupied - Margin of Error,Median Contract Rent (Contract Rent for Renter-Occupied Housing Units Paying Cash Rent),Median Contract Rent (Contract Rent for Renter-Occupied Housing Units Paying Cash Rent) - Margin of Error,Median Home Value (for Owner-Occupied Housing Units),Median Home Value (for Owner-Occupied Housing Units) - Margin of Error,Shape Area,Shape Length,Predominant Race,Predominant Race Color,Percent People of Color,Population per Gross Land Acre,Gross Land Acres,Housing Units per Gross Land Acre,Percent Occupied Housing Units,Percent of Occupied Housing who are Renters,Households per Gross Land Acre,x,y,zip,tract
0,71063,53033000300,1211013,0,Census Tract 3,Washington,King County,2845,372,486,140,17.1,4.38477041422574,296,94,10.4,3.01097606267382,782,169,27.5,4.72961584117823,35.4,1.7,1864,358,73,80,0,13,487,182,1,3,0,13,257,103,163,83,65.5,9.21693995733105,2.6,2.79186362001567,0.0,0.456942003514939,17.1,5.99285243710499,0.0,0.10534794854372,0.0,0.456942003514939,9.0,3.42228616156105,5.7,2.81957409415876,437,123,15.4,3.8285397189365,108258.0,4931.0,1221,100,1127,114,94,85,1127,114,786,122,341,102,69.7,8.21071998119175,1743,401,566200.0,29365.0,2675094.6484375,7834.567891612,White (Non-Hispanic),719ed9,34.481546572934974,9.507170048321347,299.24782932670195,4.080230098066913,92.3013923013923,30.25732031943212,3.7661091896162255,,,98133,53033000300
1,71065,53033000402,1798938,0,Census Tract 4.02,Washington,King County,5320,693,782,253,14.7,4.35313188881305,1331,315,25.0,4.94344050240584,2113,404,39.7,5.55881480648584,45.4,4.4,4103,693,139,122,0,18,436,157,0,18,65,78,133,107,444,331,77.1,8.29181978802693,2.6,2.26783605544873,0.0,0.338345864661654,8.2,2.75126319842495,0.0,0.338345864661654,1.2,1.45750140693897,2.5,1.984738500469,8.3,6.12608662749762,663,218,12.5,3.76246011071627,78956.0,3873.0,2717,461,2546,435,171,168,2546,435,1050,243,1496,430,41.2,6.43776096333635,1492,159,657800.0,38598.0,3971727.734375,9694.7901534764,White (Non-Hispanic),719ed9,22.87593984962406,11.96776996603974,444.5272607257878,6.112111089798867,93.7062937062937,58.75883739198743,5.727432769461875,,,98133,53033000402
2,71066,53033000500,2898252,953717,Census Tract 5,Washington,King County,3414,387,914,208,26.8,5.28292293030084,761,148,22.3,3.52255036360637,1675,255,49.1,4.98581580120103,47.2,4.0,2666,297,133,198,0,13,253,138,0,13,41,61,223,146,98,73,78.1,12.4112728691012,3.9,5.78281128781863,0.0,0.380785002929115,7.4,3.95392607465315,0.0,0.380785002929115,1.2,1.78156676951891,6.5,4.21192072933022,2.9,2.11335035974476,296,111,8.7,3.09921391277625,150446.0,31612.0,1284,83,1263,87,21,23,1263,87,1147,110,116,63,90.8,6.05972269870358,2351,379,952700.0,50995.0,6400020.9375,12320.0378373804,White (Non-Hispanic),719ed9,21.90978324545987,4.767000187034578,716.1736660479884,1.7928612302731102,98.36448598130842,9.184481393507522,1.763538733516307,,,98177,53033000500
3,71068,53033000700,1294438,0,Census Tract 7,Washington,King County,5253,716,705,246,13.4,4.31097110339203,571,193,10.9,3.36210828522755,1276,313,24.3,4.95393978336684,36.3,4.6,3237,542,520,342,24,46,679,296,0,18,0,18,243,199,550,290,61.6,5.99264599888846,9.9,6.36921577143295,0.5,0.873472964760341,12.9,5.35235627612644,0.0,0.342661336379212,0.0,0.342661336379212,4.6,3.7354702249329,10.5,5.33300616106818,1128,335,21.5,5.66598081464181,81200.0,13414.0,2433,232,2345,234,88,66,2345,234,1051,204,1294,194,44.8,7.46171718373092,1496,111,595200.0,52495.0,2857759.9375,7303.22866563081,White (Non-Hispanic),719ed9,38.37806967447173,16.422676703609444,319.8625957756006,7.606391094590096,96.3830661734484,55.181236673774,7.331272962110059,,,98125,53033000700
4,71069,53033000800,1141931,0,Census Tract 8,Washington,King County,2717,288,461,108,17.0,3.54481992079979,442,101,16.3,3.2931840281789,903,148,33.2,4.15463073179366,40.5,2.4,2204,268,55,73,0,13,294,119,8,18,0,13,91,47,65,75,81.1,4.83322186065142,2.0,2.67820501154339,0.0,0.478468899521531,10.8,4.22697591076074,0.3,0.661759811219571,0.0,0.478468899521531,3.3,1.69302618619226,2.4,2.74872481345193,288,116,10.6,4.11891500351717,116250.0,26672.0,1153,128,1144,127,9,15,1144,127,893,134,251,76,78.1,7.88079365591364,2043,215,681400.0,53017.0,2520641.8515625,6937.70880682453,White (Non-Hispanic),719ed9,18.88111888111888,9.628698143461026,282.1772953641869,4.086083533091853,99.2194275802255,21.94055944055944,4.05418869198359,,,98125,53033000800
5,71070,53033000900,1004853,1849039,Census Tract 9,Washington,King County,2111,228,315,71,14.9,2.9520547964353,558,121,26.4,4.97030567297752,873,140,41.4,4.90228121187128,52.9,5.0,1537,241,82,84,0,13,336,104,0,13,39,40,67,29,50,34,72.8,8.27615116771637,3.9,3.95697813163443,0.0,0.615821885362387,15.9,4.61691288995048,0.0,0.615821885362387,1.8,1.88430111623419,3.2,1.33030043504041,2.4,1.59016541134292,391,108,18.5,4.70872804185074,122778.0,20013.0,963,103,892,111,71,37,892,111,711,118,181,63,79.7,8.75295407664041,1441,288,997800.0,99758.0,2217796.0234375,9227.18468838369,White (Non-Hispanic),719ed9,27.19090478446234,8.501655374155463,248.30458388343013,3.878301338375988,92.62720664589824,20.291479820627803,3.5923621950481635,,,98125,53033000900
6,71071,53033001000,954203,0,Census Tract 10,Washington,King County,2059,238,441,92,21.4,3.71960763207103,296,82,14.4,3.61927374206097,737,123,35.8,4.3090090282536,40.4,4.3,1513,219,110,70,4,6,218,77,0,13,14,16,138,61,62,46,73.5,6.40190514417758,5.3,3.34315377929337,0.2,0.290537091539654,10.6,3.5337578996134,0.0,0.631374453618261,0.7,0.773091456251188,6.7,2.85951579686541,3.0,2.2068144909188,370,114,18.0,5.13226858010961,118098.0,15483.0,769,81,769,81,0,13,769,81,527,79,242,56,68.5,7.30961225571397,1482,134,721400.0,52915.0,2105872.2109375,5954.91484273714,White (Non-Hispanic),719ed9,26.51772705196697,8.732394861178852,235.788696312118,3.261394681032801,100.0,31.469440832249678,3.261394681032801,,,98125,53033001000
7,71072,53033001100,1060685,0,Census Tract 11,Washington,King County,2707,332,461,133,17.0,4.44713633093544,428,131,15.8,4.43381100614596,889,187,32.8,5.61229513971024,42.9,2.5,1661,256,11,17,0,13,761,337,41,64,0,13,103,61,130,86,61.4,5.72731095622588,0.4,0.626020848137167,0.0,0.480236424085704,28.1,11.9622393954604,1.5,2.35693214345336,0.0,0.480236424085704,3.8,2.2045676915399,4.8,3.12187416509999,702,251,25.9,8.70970830082433,128646.0,8710.0,1127,130,1076,153,51,55,1076,153,746,119,330,149,69.3,5.01242053515505,1809,711,715400.0,48600.0,2340892.7109375,6413.45020886209,White (Non-Hispanic),719ed9,38.64056150720355,10.32808075482975,262.1009715415052,4.299869601290406,95.47471162377995,30.66914498141264,4.105288102030592,,,98125,53033001100
8,71074,53033001300,1180877,0,Census Tract 13,Washington,King County,4779,634,548,178,11.5,3.39981000334476,656,195,13.7,3.65145023947601,1204,264,25.2,4.39836993402933,37.0,2.7,2692,442,354,249,78,116,704,207,0,13,0,13,231,136,720,334,56.3,5.44937886513291,7.4,5.11678475486978,1.6,2.41760916632663,14.7,3.86551818094304,0.0,0.272023435865244,0.0,0.272023435865244,4.8,2.77259505265707,15.1,6.69701853128979,974,272,20.4,5.00833479226911,80804.0,7329.0,2554,224,2410,220,144,115,2410,220,1075,169,1335,213,44.6,5.70912099679608,1351,162,656600.0,38400.0,2605723.609375,6737.38056029278,White (Non-Hispanic),719ed9,43.6702238962126,16.377596348010197,291.8010615508073,8.752538412391305,94.36178543461236,55.3941908713693,8.25905151678271,,,98133,53033001300
9,71075,53033001400,2152767,213389,Census Tract 14,Washington,King County,5190,669,846,226,16.3,3.81405119695813,628,177,12.1,3.0328342974099,1474,287,28.4,4.14453333488598,38.7,2.7,3976,586,48,48,41,61,299,110,30,49,33,53,536,342,227,154,76.6,5.47443985661108,0.9,0.917139765779811,0.8,1.17091766455371,5.8,1.98510418837723,0.6,0.941178591345709,0.6,1.01790022829439,10.3,6.453725175326,4.4,2.91319105337266,491,130,9.5,2.18791881829078,109688.0,20224.0,2373,219,2248,232,125,127,2248,232,1464,240,784,150,65.1,8.29505560142481,1482,182,672800.0,47823.0,4751009.1171875,13905.5391726649,White (Non-Hispanic),719ed9,23.391136801541425,9.756366960407515,531.9603107449351,4.460859113111182,94.732406236831,34.87544483985765,4.225879176685182,,,98133,53033001400
10,71076,53033001500,1167711,526885,Census Tract 15,Washington,King County,2795,359,408,100,14.6,3.0471822714554,625,160,22.4,4.95182848254694,1033,189,37.0,4.81564271329502,48.0,2.8,2221,274,46,57,0,13,168,83,0,13,0,13,314,173,46,48,79.5,14.1519251404365,1.6,2.02837034725718,0.0,0.465116279069767,6.0,2.86747442301253,0.0,0.465116279069767,0.0,0.465116279069767,11.2,6.01907439037582,1.6,1.70429243895539,261,102,9.3,3.44663910128224,152917.0,26305.0,1156,136,1124,128,32,52,1124,128,882,124,242,83,78.5,6.4693536555554,1943,729,943400.0,56056.0,2576016.703125,6669.30230493955,White (Non-Hispanic),719ed9,20.53667262969589,9.686440994910374,288.54767209841054,4.006270407912841,97.2318339100346,21.530249110320284,3.89537018900868,,,98117,53033001500
11,71077,53033001600,2020358,320118,Census Tract 16,Washington,King County,4714,576,1108,214,23.5,3.51571649621379,673,119,14.3,1.82468307180525,1781,245,37.8,2.38751854351215,41.4,2.8,3696,429,26,32,8,14,500,195,0,13,12,23,270,169,202,140,78.4,13.2136509821046,0.6,0.675475375143756,0.2,0.296262879075112,10.6,3.92834542373076,0.0,0.27577428935087,0.3,0.48691587564772,5.7,3.51609182200498,4.3,2.92335739338656,547,147,11.6,2.77739707305865,197813.0,37518.0,1888,223,1841,239,47,55,1841,239,1477,193,364,159,80.2,1.19347118791576,1876,308,1044800.0,80939.0,4457612.4765625,10501.3380783658,White (Non-Hispanic),719ed9,21.595248196860418,9.442327139642202,499.24133429024863,3.7817381501155034,97.51059322033898,19.771863117870723,3.6875953042175,,,98117,53033001600
12,71078,53033001701,892768,0,Census Tract 17.01,Washington,King County,4244,621,507,282,11.9,6.41062366751484,198,87,4.7,1.93294560557628,705,295,16.6,6.5121419146471,32.3,2.6,2520,461,325,235,12,19,535,278,23,37,57,68,300,284,472,272,59.4,6.51941390351315,7.7,5.42266665624171,0.3,0.445774986800753,12.6,6.28535009000109,0.5,0.868205088963749,1.3,1.59016410122106,7.1,6.61137932026096,11.1,6.19900041816363,466,200,11.0,4.43019185888329,94412.0,26327.0,2211,199,2142,217,69,93,2142,217,723,159,1419,235,33.8,6.58845052438493,1758,164,557700.0,70915.0,1969527.5078125,7773.67987111571,White (Non-Hispanic),719ed9,40.62205466540999,19.237762393662493,220.6077772016824,10.022312123559797,96.87924016282226,66.24649859943978,9.709539832051146,,,98103,53033001701
13,71079,53033001702,1280220,0,Census Tract 17.02,Washington,King County,5250,636,734,218,14.0,3.79126274894412,829,195,15.8,3.18382143726846,1563,292,29.8,4.23405839143898,36.8,1.5,3629,543,233,188,24,32,465,184,0,18,23,36,333,214,543,292,69.1,6.07068638743391,4.4,3.54036147608185,0.5,0.607002780211437,8.9,3.33647580608225,0.0,0.342857142857143,0.4,0.683657394383731,6.3,4.00311163764208,10.3,5.41893602437714,1006,307,19.2,5.36713008486064,96300.0,18850.0,2530,288,2276,223,254,209,2276,223,1109,190,1167,193,48.7,6.84811514012782,1598,194,713600.0,46514.0,2824305.6328125,7912.79814805325,White (Non-Hispanic),719ed9,30.876190476190477,16.59558217931262,316.34925146190034,7.997490078792557,89.96047430830039,51.27416520210897,7.194580007641052,,,98117,53033001702
14,71080,53033001800,946085,0,Census Tract 18,Washington,King County,5027,638,677,187,13.5,3.30399784356768,223,114,4.4,2.19675685817124,900,219,17.9,3.71698923070886,30.5,0.7,3336,356,41,60,0,18,994,584,38,38,6,18,321,123,291,163,66.4,11.0039023525171,0.8,1.18905783303567,0.0,0.358066441217426,19.8,11.3429817958635,0.8,0.749805417013268,0.1,0.357745881352162,6.4,2.30867807078402,5.8,3.15816339633702,1263,590,25.1,11.2951689029307,102397.0,23364.0,2484,268,2318,239,166,150,2318,239,915,169,1403,290,39.5,6.04901399853267,1710,170,710200.0,47827.0,2086963.71875,6311.95209490168,White (Non-Hispanic),719ed9,33.6383528943704,21.502874726271337,233.7826948253675,10.62525180426855,93.31723027375202,60.526315789473685,9.915190693355273,,,98103,53033001800
15,71081,53033001900,1667272,0,Census Tract 19,Washington,King County,4958,388,747,145,15.1,2.6763565305381,754,210,15.2,4.06494125756897,1501,255,30.3,4.56502883310635,35.7,1.3,3477,382,178,130,23,24,765,162,0,13,8,13,307,104,200,92,70.1,5.40770517111554,3.6,2.60692898721752,0.5,0.482702922105592,15.4,3.03614852622588,0.0,0.262202501008471,0.2,0.261898270659007,6.2,2.04088241626223,4.0,1.8285371899434,753,173,15.2,3.28064922330543,124226.0,22667.0,2295,153,2261,153,34,40,2261,153,1233,138,1028,142,54.5,4.86156818321096,1859,98,696200.0,80336.0,3678179.0625,8580.26154768741,White (Non-Hispanic),719ed9,29.870915691811213,12.03421765750209,411.9918835695314,5.570498088738866,98.51851851851852,45.46660769570987,5.48797219112792,,,98115,53033001900
16,71082,53033002000,1103313,28680,Census Tract 20,Washington,King County,4215,553,753,159,17.9,2.95572324633719,635,324,15.1,7.42837273907292,1388,361,32.9,7.39511749946507,36.8,4.5,3181,566,70,50,6,9,398,166,0,13,0,13,376,167,184,96,75.5,9.07088992254826,1.7,1.16605763794321,0.1,0.212704816650086,9.4,3.7383980674199,0.0,0.308422301304864,0.0,0.308422301304864,8.9,3.78523862976538,4.4,2.20439437357676,586,303,13.9,6.95335355799357,128393.0,23049.0,1602,130,1516,122,86,73,1516,122,988,116,528,135,65.2,5.57154858208214,1775,295,730800.0,63376.0,2497199.3046875,7023.23499165245,White (Non-Hispanic),719ed9,24.53143534994069,15.46025454283207,272.6345797426877,5.875997100265,94.63171036204744,34.82849604221636,5.560556556805081,,,98115,53033002000
17,71083,53033002100,1365468,0,Census Tract 21,Washington,King County,4611,537,883,192,19.1,3.51634954683851,571,161,12.4,3.1798951003488,1454,251,31.5,4.01812348443189,38.3,4.6,3494,546,77,62,0,13,526,205,0,13,0,13,256,152,258,147,75.8,7.89540022811575,1.7,1.33047192068719,0.0,0.28193450444589,11.4,4.24275395352034,0.0,0.28193450444589,0.0,0.28193450444589,5.6,3.23243132735146,5.6,3.12072101225324,647,184,14.0,3.64051505601,132545.0,13697.0,1940,214,1829,234,111,85,1829,234,1232,217,597,127,67.4,8.15455290672381,1770,207,851800.0,59802.0,3012234.1640625,7307.03669000961,White (Non-Hispanic),719ed9,24.224680112773804,13.66568455920318,337.4144910212137,5.749604867676029,94.27835051546391,32.640787315472934,5.420632630401782,,,98115,53033002100
18,71084,53033002200,2804076,1154953,Census Tract 22,Washington,King County,5949,634,1305,308,21.9,4.61946268499663,1130,236,19.0,3.41169005565021,2435,388,40.9,4.84866191469459,42.8,2.2,4160,647,33,40,12,22,916,286,0,18,0,18,430,203,398,244,69.9,7.92115234713016,0.6,0.669778001208032,0.2,0.369184701212594,15.4,4.51880696505718,0.0,0.302571860816944,0.0,0.302571860816944,7.2,3.32425374551611,6.7,4.03908264986501,975,239,16.4,3.61792401325207,146786.0,34130.0,2443,214,2338,192,105,109,2338,192,1898,193,440,153,81.2,4.86819308424654,1858,197,929800.0,34478.0,6185396.84375,12723.5366991459,White (Non-Hispanic),719ed9,30.072281055639603,8.585626372772046,692.9022696429362,3.525749744273341,95.70200573065902,18.81950384944397,3.374213222313169,,,98115,53033002200
19,71085,53033002400,962528,0,Census Tract 24,Washington,King County,3179,384,646,134,20.3,3.42672952554148,450,101,14.2,2.67774396054002,1096,168,34.5,3.253453741366,44.4,6.0,2563,386,6,11,0,13,321,174,15,29,5,10,93,54,176,127,80.6,7.2519858443028,0.2,0.345268891202324,0.0,0.408933626926707,10.1,5.33578822519375,0.5,0.910454297374663,0.2,0.313990083081887,2.9,1.66148444581742,5.5,3.93859575347497,305,126,9.6,3.79029570818968,154779.0,19670.0,1409,233,1363,242,46,46,1363,242,988,225,375,97,72.5,10.3375922119499,1456,208,873000.0,26700.0,2122640.2109375,5951.22278432316,White (Non-Hispanic),719ed9,19.377162629757784,13.365799817573471,237.84584861283216,5.924005015086826,96.73527324343506,27.51283932501834,5.730602438299038,,,98115,53033002400
20,71086,53033002500,984334,0,Census Tract 25,Washington,King County,3466,467,669,217,19.3,5.6951167878621,423,87,12.2,1.89647896187188,1092,234,31.5,5.24972508128752,37.4,2.2,2740,478,18,28,13,21,392,138,0,13,0,13,182,91,121,79,79.1,8.76017104324118,0.5,0.804811521964563,0.4,0.603774481861304,11.3,3.67837774042089,0.0,0.375072129255626,0.0,0.375072129255626,5.3,2.52838068795997,3.5,2.23022065504152,490,141,14.1,3.59457721917319,150052.0,18111.0,1325,123,1299,129,26,40,1299,129,873,144,426,75,67.2,8.85127371036428,2166,150,852700.0,24322.0,2170503.765625,7446.52054457622,White (Non-Hispanic),719ed9,20.9463358338142,14.249639207868606,243.2342285611053,5.44742410572011,98.0377358490566,32.79445727482679,5.340531255343715,,,98115,53033002500
21,71087,53033002600,1216627,28175,Census Tract 26,Washington,King County,5219,678,1065,213,20.4,3.10304601928611,512,131,9.8,2.16244271138455,1577,250,30.2,2.74535026628984,37.4,4.9,4096,663,25,31,0,18,629,216,0,18,12,21,278,121,179,162,78.5,7.57823736783297,0.5,0.590714766097698,0.0,0.344893657788848,12.1,3.83114221261936,0.0,0.344893657788848,0.2,0.401265710989249,5.3,2.21277393045222,3.4,3.07189794205127,460,194,8.8,3.53644040434976,165147.0,43104.0,2107,228,1874,202,233,175,1874,202,1178,148,696,177,62.9,4.0571431715336,2063,283,909600.0,62022.0,2744712.65625,7215.59949733666,White (Non-Hispanic),719ed9,21.517532094270933,17.359916941268935,300.63507893825863,7.008496837565367,88.94162316089226,37.13980789754536,6.23347084651044,,,98115,53033002600
22,71088,53033002700,1584847,0,Census Tract 27,Washington,King County,5966,748,1246,304,20.9,4.37126779283613,789,204,13.2,2.99045519801542,2035,366,34.1,4.39840236300318,37.6,1.5,4569,685,66,75,0,18,547,155,0,18,36,51,381,160,367,279,76.6,6.29555609828616,1.1,1.2494487110249,0.0,0.301709688233322,9.2,2.32990580366827,0.0,0.301709688233322,0.6,0.851489744910833,6.4,2.55955118298679,6.2,4.61246255864184,919,273,15.4,4.14839766704302,164813.0,22402.0,2403,221,2376,224,27,30,2376,224,1642,226,734,218,69.1,6.93008706482734,2107,510,936700.0,43799.0,3495056.640625,9930.51165200736,White (Non-Hispanic),719ed9,23.41602413677506,15.233991303916367,391.6242225021,6.135984093749754,98.87640449438202,30.892255892255893,6.067040452246949,,,98103,53033002700
23,71089,53033002800,988287,0,Census Tract 28,Washington,King County,4805,603,806,248,16.8,4.71249593384316,521,187,10.8,3.64614760509729,1327,311,27.6,5.46631715269306,35.6,1.9,3349,469,169,144,0,13,276,84,0,13,15,24,600,267,396,351,69.7,4.33189685754161,3.5,2.96419615420912,0.0,0.270551508844953,5.7,1.59264487228992,0.0,0.270551508844953,0.3,0.497940968765989,12.5,5.33117360672769,8.2,7.23130380600267,422,212,8.8,4.27219159728245,128654.0,22304.0,2373,258,2226,288,147,120,2226,288,1281,227,945,241,57.5,6.96832378899503,1531,198,804500.0,63431.0,2179318.5,5977.28353794195,White (Non-Hispanic),719ed9,30.301768990634752,19.6756054765788,244.21103613404503,9.717005576674609,93.80530973451329,42.45283018867924,9.115067178119544,,,98103,53033002800
24,71090,53033002900,986209,0,Census Tract 29,Washington,King County,4764,543,1010,226,21.2,4.08233756649201,476,131,10.0,2.50287547387082,1486,261,31.2,4.16831490092475,41.3,2.4,4099,581,1,2,0,13,206,158,0,13,49,69,246,163,163,103,86.0,7.2496271552592,0.0,0.041913297797797,0.0,0.272879932829555,4.3,3.27971514210606,0.0,0.272879932829555,1.0,1.44361034692081,5.2,3.37049268394022,3.4,2.12658624527651,410,211,8.6,4.31905793358032,136410.0,34692.0,2169,258,2095,268,74,62,2095,268,1454,284,641,116,69.4,10.244157931563,1596,337,839000.0,39084.0,2174733.7265625,6051.9588902212,White (Non-Hispanic),719ed9,13.95885810243493,19.548821797725672,243.69755115135624,8.900376674909106,96.58828953434762,30.596658711217184,8.59672159240875,,,98117,53033002900
25,71091,53033003000,1493249,0,Census Tract 30,Washington,King County,6343,609,1370,256,21.6,3.46245169794852,556,179,8.8,2.69359452922551,1926,312,30.4,3.96177537892417,38.9,2.6,5034,509,85,121,0,18,497,228,0,18,0,18,290,138,437,298,79.4,2.51662941507194,1.3,1.90327091479261,0.0,0.283777392401072,7.8,3.51490977527476,0.0,0.283777392401072,0.0,0.283777392401072,4.6,2.13088355637877,6.9,4.65129349787403,934,380,14.7,5.82165334785739,127688.0,27974.0,2708,227,2641,249,67,83,2641,249,1798,219,843,194,68.1,5.24993103423758,1841,145,822700.0,34024.0,3292841.3203125,7270.2529608109,White (Non-Hispanic),719ed9,20.63692259183352,17.19017410176248,368.9898637704701,7.338954984640201,97.5258493353028,31.91972737599394,7.157378181105897,,,98117,53033003000
26,71092,53033003100,2236733,472744,Census Tract 31,Washington,King County,6866,813,1641,341,23.9,4.08130497778879,1017,250,14.8,3.19087403633724,2658,423,38.7,4.11618181922604,41.2,2.6,5644,763,23,38,67,108,309,116,0,18,0,18,607,372,216,147,82.2,5.36202678002104,0.3,0.552028576370029,1.0,1.56871860480202,4.5,1.60324071697964,0.0,0.262161374890766,0.0,0.262161374890766,8.8,5.31591127731561,3.1,2.10832919241691,739,402,10.8,5.71454587390113,165651.0,12630.0,2736,238,2697,247,39,58,2697,247,2063,252,634,147,76.5,6.18296693664218,1722,418,843600.0,41170.0,4932479.0234375,11447.1270790442,White (Non-Hispanic),719ed9,17.797844450917566,12.42245551713051,552.7087612052076,4.950165787193282,98.57456140350878,23.507601038190582,4.879604213472325,,,98117,53033003100
27,71095,53033003400,787161,0,Census Tract 34,Washington,King County,3652,421,784,186,21.5,4.45141860088673,498,113,13.6,2.66512448374782,1282,218,35.1,4.38823095752637,39.4,2.2,2965,378,20,22,17,29,266,115,0,13,19,29,219,165,146,76,81.2,4.41989195979089,0.5,0.59909240083274,0.5,0.792270174423972,7.3,3.03494991357662,0.0,0.355969331872946,0.5,0.791817282623992,6.0,4.46487241320127,4.0,2.02937897274838,466,296,12.8,7.97054845420624,139360.0,18730.0,1577,124,1524,136,53,51,1524,136,1090,144,434,117,71.5,6.96728068847908,1455,258,874400.0,47846.0,1735086.8125,5717.33276950394,White (Non-Hispanic),719ed9,18.81161007667032,18.775218353811383,194.511719181079,8.107480652782188,96.63918833227648,28.47769028871391,7.835003497045057,,,98107,53033003400
28,71096,53033003500,1284745,0,Census Tract 35,Washington,King County,4253,332,723,129,17.0,2.72744741172859,779,180,18.3,3.98346606550169,1502,221,35.3,4.40471342364584,39.5,2.0,3631,326,33,35,8,12,176,81,13,20,0,13,264,103,128,86,85.4,3.7865762860995,0.8,0.820716429662693,0.2,0.281771430840837,4.1,1.87694120287928,0.3,0.469650535332847,0.0,0.305666588290618,6.2,2.37284833288878,3.0,2.0084072786781,351,122,8.3,2.79528132999591,113520.0,27118.0,1986,195,1853,166,133,111,1853,166,1007,127,846,165,54.3,4.82416094919798,1730,98,928600.0,44252.0,2831698.6171875,7530.53931996698,White (Non-Hispanic),719ed9,14.624970608981895,13.396650980908175,317.4674033130393,6.255760368700598,93.3031218529708,45.65569347004857,5.836819719638573,,,98103,53033003500
29,71098,53033003800,624606,0,Census Tract 38,Washington,King County,2481,315,520,110,21.0,3.54629873964579,230,64,9.3,2.29542574817804,750,127,30.2,3.38703812894321,30.8,1.8,1614,183,55,52,3,5,362,183,0,13,54,79,204,164,189,151,65.1,11.0737395769293,2.2,2.07694433980329,0.1,0.200946021980924,14.6,7.13963299865421,0.0,0.523982265215639,2.2,3.17218581708587,8.2,6.52727926894574,7.6,6.00891169304342,289,115,11.6,4.39295221352232,130650.0,31250.0,957,105,941,111,16,27,941,111,554,97,387,94,58.9,7.61772752639339,2058,238,910700.0,46067.0,1377049.71875,4703.65391970596,White (Non-Hispanic),719ed9,34.945586457073766,16.074534640996422,154.3435038966832,6.20045532101313,98.32810867293624,41.12646121147715,6.096790446262649,,,98115,53033003800
30,71099,53033003900,973808,0,Census Tract 39,Washington,King County,3137,460,843,211,26.9,5.45100748733735,391,86,12.5,2.04332466256398,1234,228,39.3,4.42181528652658,39.6,3.5,2192,251,0,13,0,13,654,396,0,13,14,20,249,99,28,31,69.9,13.0003141397842,0.0,0.414408670704495,0.0,0.414408670704495,20.8,12.2477619686793,0.0,0.414408670704495,0.4,0.63418423068247,7.9,2.93340186168914,0.9,0.979499390519737,540,239,17.2,7.18844282867599,161429.0,34086.0,1167,136,1142,142,25,29,1142,142,856,147,286,71,75.0,8.87830815047736,2128,566,1019100.0,92094.0,2146923.6015625,5972.72911684372,White (Non-Hispanic),719ed9,30.12432260121135,13.036439007554426,240.63319731578187,4.849704916103288,97.85775492716368,25.04378283712785,4.745812351490964,,,98115,53033003900
31,71100,53033004000,2574586,3232248,Census Tract 40,Washington,King County,3259,398,801,225,24.6,6.21733737788041,479,111,14.7,2.89459937884359,1280,251,39.3,6.02582268362552,41.7,5.5,2599,402,149,120,0,13,251,159,52,76,0,13,165,82,43,52,79.7,7.56988417696844,4.6,3.63953235082906,0.0,0.398895366676895,7.7,4.78727504907075,1.6,2.323848452174,0.0,0.398895366676895,5.1,2.43895725091801,1.3,1.58742450996189,445,213,13.7,6.31944029305676,125707.0,44226.0,1442,134,1389,143,53,56,1389,143,1008,145,381,86,72.6,7.29087735761263,1375,320,926500.0,197071.0,5676468.78125,12388.0081771647,White (Non-Hispanic),719ed9,20.251610923596196,5.1226508186564175,636.1940556500354,2.2666040136552787,96.3245492371706,27.429805615550755,2.183296099145064,,,98115,53033004000
32,71103,53033004301,979236,0,Census Tract 43.01,Washington,King County,3681,461,786,200,21.4,4.729644564536,381,92,10.4,2.13688980725852,1167,220,31.7,4.46717851601555,29.6,4.4,2344,292,109,87,160,180,642,236,11,21,0,13,140,79,275,148,63.7,11.2483814386288,3.0,2.33421255388913,4.3,4.85958114293736,17.4,6.02775187153154,0.3,0.569268270345416,0.0,0.353164900842162,3.8,2.0926313857688,7.5,3.91026904133808,626,216,17.0,5.46780864128239,110893.0,36291.0,1522,145,1340,101,182,117,1340,101,704,76,636,102,52.5,4.06038137296666,1336,162,924300.0,37150.0,2158066.953125,7782.41554750586,White (Non-Hispanic),719ed9,36.32165172507471,15.212347678040963,241.9744853263857,6.289919360493982,88.04204993429697,47.46268656716418,5.537773944193124,,,98105,53033004301
33,71104,53033004302,331137,0,Census Tract 43.02,Washington,King County,4445,794,160,90,3.6,1.91994211533868,264,84,5.9,1.56386217560907,424,123,9.5,2.18034026590873,21.8,0.4,2449,631,126,80,31,38,826,213,3,5,25,39,649,234,336,132,55.1,10.2304209007031,2.8,1.72707953569312,0.7,0.84576757569026,18.6,3.45601351041849,0.1,0.111838020144827,0.6,0.871619450458753,14.6,4.57287558923237,7.6,2.64490128411367,872,202,19.6,2.89347292341054,39507.0,8605.0,1807,190,1479,180,328,146,1479,180,75,58,1404,175,5.1,3.87270120818677,1339,102,908300.0,367080.0,729637.953125,3615.54399423468,White (Non-Hispanic),719ed9,44.90438695163105,54.322763078628064,81.82573470289427,22.08351695907332,81.84836745987825,94.9290060851927,18.074998108726863,,,98105,53033004302
34,71106,53033004500,670997,0,Census Tract 45,Washington,King County,3474,662,522,138,15.0,2.75338518977746,239,70,6.9,1.53017230561989,761,155,21.9,1.5754926107707,29.1,3.4,2516,557,43,42,0,13,502,331,0,13,19,19,180,85,214,108,72.4,8.16108996075212,1.2,1.1857495160192,0.0,0.374208405296488,14.5,9.12134509003517,0.0,0.374208405296488,0.5,0.536898135706819,5.2,2.23868562872782,6.2,2.87867471992202,437,176,12.6,4.46324142194907,124327.0,33074.0,1060,111,1005,122,55,54,1005,122,589,103,416,101,58.6,7.37707366546419,1925,342,837300.0,47208.0,1478712.453125,4985.35577464487,White (Non-Hispanic),719ed9,27.57628094415659,20.952074616454823,165.80696964832666,6.392976135130142,94.81132075471696,41.39303482587064,6.061265109250747,,,98105,53033004500
35,71107,53033004600,1552358,1033232,Census Tract 46,Washington,King County,3490,519,602,169,17.2,4.10717699817656,512,133,14.7,3.12461872189521,1114,215,31.9,3.92671098188549,36.0,3.9,3089,496,0,13,7,12,161,67,0,13,0,13,105,52,128,71,88.5,5.36038096504065,0.0,0.372492836676218,0.2,0.342543369577168,4.6,1.79300982702898,0.0,0.372492836676218,0.0,0.372492836676218,3.0,1.42121032880957,3.7,1.95990851275012,284,87,8.1,2.1794038367444,137721.0,21844.0,1461,140,1363,155,98,68,1363,155,875,122,488,139,64.2,5.17894041316044,1876,174,954900.0,52700.0,5699197.3828125,11547.461496184,White (Non-Hispanic),719ed9,11.48997134670487,9.098113266511806,383.5960157636131,3.808694407556948,93.29226557152636,35.803374908290536,3.5532173015059003,,,98103,53033004600
36,71109,53033004800,1278329,26886,Census Tract 48,Washington,King County,5039,605,775,198,15.4,3.46842016075507,435,149,8.6,2.76933275698946,1210,248,24.0,3.98877015687167,34.8,3.5,3747,557,59,69,34,40,760,259,0,18,0,18,276,151,163,135,74.4,6.51753678126262,1.2,1.3620840935207,0.7,0.789663713078521,15.1,4.81035523419405,0.0,0.357213732883509,0.0,0.357213732883509,5.5,2.92357721935626,3.2,2.65080283022896,679,355,13.5,6.8567698952564,128160.0,30667.0,2542,400,2340,419,202,139,2340,419,1258,199,1082,405,53.8,12.8448369974089,1823,148,872500.0,37092.0,2816293.5390625,8505.35597409853,White (Non-Hispanic),719ed9,25.640007938082952,15.95216060378292,315.881975185546,8.047309437351892,92.05350118017309,46.23931623931624,7.407830087884903,,,98107,53033004800
37,71111,53033005000,757380,0,Census Tract 50,Washington,King County,4357,544,553,170,12.7,3.5654582195515,322,113,7.4,2.42382660381761,875,204,20.1,3.95410697622853,31.3,1.1,3127,464,183,190,0,13,284,140,33,41,0,13,205,112,525,331,71.8,5.75454067797979,4.2,4.32915172253896,0.0,0.298370438375029,6.5,3.10844631305238,0.8,0.936250700084221,0.0,0.298370438375029,4.7,2.50254934086099,12.0,7.44651152162808,354,167,8.1,3.69623144987033,109891.0,33966.0,2575,340,2328,313,247,163,2328,313,492,131,1836,324,21.1,4.8570386924174,1695,142,920100.0,54609.0,1668600.21875,5230.56691618298,White (Non-Hispanic),719ed9,28.23043378471425,23.28045820116252,187.1526738156052,13.75882025889224,90.40776699029126,78.8659793814433,12.439042160272283,,,98103,53033005000
38,71112,53033005100,881731,0,Census Tract 51,Washington,King County,3831,439,758,159,19.8,3.47631491473398,371,92,9.7,2.12967980254512,1129,184,29.5,3.41522805199956,35.8,1.6,2868,390,92,110,6,10,234,102,8,13,0,13,224,104,399,184,74.9,5.48099042501976,2.4,2.85809556510982,0.2,0.26041074974932,6.1,2.56884192103121,0.2,0.33849221452445,0.0,0.339336987731663,5.8,2.63071208447816,10.4,4.65227827581317,479,167,12.5,4.11698739425727,145278.0,24584.0,1719,103,1604,132,115,72,1604,132,1015,119,589,86,63.3,5.28417979122467,1475,135,994700.0,61779.0,1942380.359375,6094.22795718217,White (Non-Hispanic),719ed9,25.137039937353173,17.583034909982874,217.8804751064293,7.8896468311826045,93.31006399069226,36.720698254364095,7.361834506816113,,,98103,53033005100
39,71117,53033005600,3022785,1546484,Census Tract 56,Washington,King County,7076,744,1762,335,24.9,3.94445664201369,1476,287,20.9,3.41183183908565,3238,441,45.8,3.96133069401845,46.4,1.8,5734,635,61,68,0,18,531,222,92,154,109,131,318,155,231,137,81.0,2.81728117861561,0.9,0.956710687017885,0.0,0.254381006218202,7.5,3.03652768192795,1.3,2.17207312845479,1.5,1.84422991912053,4.5,2.13893066505678,3.3,1.90545242100278,823,251,11.6,3.32973177898196,178297.0,20679.0,2861,248,2774,217,87,119,2774,217,2482,209,292,136,89.5,2.78855285912791,2320,517,1157000.0,66117.0,6654997.890625,13218.5718708349,White (Non-Hispanic),719ed9,18.96551724137931,9.473236119969451,746.9464405182395,3.830261240705569,96.95910520796924,10.526315789473683,3.71378702611578,,,98199,53033005600
40,71118,53033005700,5085640,2365806,Census Tract 57,Washington,King County,6597,723,1528,316,23.2,4.06213082409343,938,237,14.2,3.23698811562896,2466,395,37.4,4.36665973429929,39.6,4.8,4857,528,58,74,0,18,717,409,0,18,16,26,635,389,314,134,73.6,11.3650824328521,0.9,1.11757594264981,0.0,0.272851296043656,10.9,6.08428657256332,0.0,0.272851296043656,0.2,0.393221175095852,9.6,5.80148858567185,4.8,1.96310135414692,770,389,11.7,5.75619570701377,155802.0,30602.0,3206,492,2989,501,217,128,2989,501,2088,437,901,269,69.9,8.75522115254291,1648,146,890600.0,44076.0,11202968.0859375,20233.2655432543,White (Non-Hispanic),719ed9,26.3756252842201,5.249508777375571,1256.6890122046984,2.5511482704662845,93.23144104803494,30.14386082301773,2.378472295827737,,,98199,53033005700
41,71119,53033005801,1822365,260223,Census Tract 58.01,Washington,King County,6288,763,715,203,11.4,2.91866881984146,585,193,9.3,2.85419409533664,1300,280,20.7,3.67901444543738,35.1,2.8,4545,733,138,116,0,18,965,407,0,18,0,18,91,63,549,219,72.3,7.67878213486605,2.2,1.82546127077841,0.0,0.286259541984733,15.3,6.19898007959128,0.0,0.286259541984733,0.0,0.286259541984733,1.4,0.986398881627125,8.7,3.31778184873175,1272,421,20.2,6.22910264067031,124392.0,15384.0,3350,360,3153,374,197,147,3153,374,1005,166,2148,334,31.9,3.66381769390787,2073,211,691200.0,98960.0,4013929.984375,10280.4489318774,White (Non-Hispanic),719ed9,27.719465648854964,13.963521678725568,450.3161984974192,7.439217179346478,94.11940298507464,68.1255946717412,7.001746795964014,,,98199,53033005801
42,71122,53033006000,1340653,160754,Census Tract 60,Washington,King County,6180,711,715,199,11.6,2.93207903406408,666,159,10.8,2.25436638443987,1381,255,22.3,3.22739476224144,35.1,2.7,4467,494,155,158,115,162,657,309,0,18,12,19,398,173,376,387,72.3,11.5347503731551,2.5,2.54029852755305,1.9,2.61260232200969,10.6,4.84809793372622,0.0,0.29126213592233,0.2,0.306630671688944,6.4,2.69951889082202,6.1,6.22289208471154,832,315,13.5,4.85605707578306,106682.0,25471.0,3344,486,3076,470,268,144,3076,470,1221,197,1855,480,39.7,2.0568627304562,1736,199,1089400.0,50301.0,2951711.7890625,8315.48615395443,White (Non-Hispanic),719ed9,27.71844660194175,18.65476949697761,331.28257098010585,10.094101811956818,91.98564593301435,60.30559167750326,9.285124752864586,,,98109,53033006000
43,71123,53033006100,1227451,652743,Census Tract 61,Washington,King County,5658,673,608,200,10.7,3.29563170152004,677,159,12.0,2.42311861667166,1285,256,22.7,3.62960463917922,36.7,2.9,4392,655,102,79,0,18,529,247,0,18,22,36,342,139,271,205,77.6,6.98314577979749,1.8,1.37968897552722,0.0,0.31813361611877,9.3,4.22147126424018,0.0,0.31813361611877,0.4,0.634584058356413,6.0,2.34913575880435,4.8,3.57811651918703,668,214,11.8,3.51188608036007,128904.0,19195.0,3328,223,3065,259,263,148,3065,259,1409,241,1656,247,46.0,6.83636757548876,1662,131,966300.0,102132.0,2638590.21875,9718.45374292564,White (Non-Hispanic),719ed9,22.375397667020145,18.654197713748875,303.30974758725927,10.97228172346346,92.09735576923076,54.02936378466558,10.105181334860427,,,98102,53033006100
44,71124,53033006200,2437426,239356,Census Tract 62,Washington,King County,4266,479,719,161,16.9,3.26526300364736,720,147,16.9,2.87794733010301,1439,218,33.7,3.43053740217355,44.0,1.6,3290,447,103,118,0,13,440,237,0,13,0,13,291,104,142,95,77.1,5.89972899074148,2.4,2.75273985150684,0.0,0.304735114861697,10.3,5.43350708928654,0.0,0.304735114861697,0.0,0.304735114861697,6.8,2.31443746294718,3.3,2.19532241303136,398,104,9.3,2.20133860371249,215781.0,56753.0,1650,143,1632,147,18,20,1632,147,1483,149,149,51,90.9,4.04487838795874,3134,208,1159900.0,72002.0,5365357.109375,15678.3499312306,White (Non-Hispanic),719ed9,22.878574777308955,7.082836360143068,602.3010815279982,2.7394936695349417,98.9090909090909,9.129901960784313,2.709608284049106,,,98112,53033006200
45,71125,53033006300,2610569,3533560,Census Tract 63,Washington,King County,5724,739,1340,456,23.4,7.37086276768686,1016,192,17.7,2.44946534209252,2356,495,41.2,6.82246047824402,41.9,4.7,5044,788,74,60,0,18,170,88,0,18,40,61,271,167,125,106,88.1,7.75161426756767,1.3,1.03484433034663,0.0,0.314465408805031,3.0,1.48880256593605,0.0,0.314465408805031,0.7,1.06186245795408,4.7,2.85279191458612,2.2,1.83026382376232,621,343,10.8,5.82631365156798,139000.0,47610.0,2900,359,2648,378,252,163,2648,378,1604,340,1044,236,60.6,9.4917699995839,1797,179,1916700.0,314322.0,5745661.015625,12755.8551530081,White (Non-Hispanic),719ed9,11.87980433263452,8.873240340254238,645.0856485913685,4.495527076648723,91.3103448275862,39.42598187311178,4.104881275505455,,,98112,53033006300
46,71126,53033006400,903649,0,Census Tract 64,Washington,King County,3632,480,722,155,19.9,3.36312551006134,629,213,17.3,5.39947945200826,1351,263,37.2,5.31681706928574,39.2,5.6,2879,446,34,33,21,25,274,132,0,13,0,13,301,129,123,73,79.3,6.40683143741721,0.9,0.900128055448646,0.6,0.684071400151439,7.5,3.49493202514105,0.0,0.357929515418502,0.0,0.357929515418502,8.3,3.37867224441731,3.4,1.95944704677421,337,104,9.3,2.58758078827303,167167.0,27277.0,1466,234,1460,231,6,10,1460,231,1186,232,274,80,81.2,9.34429557165962,2255,440,1221600.0,353753.0,1988395.6875,5959.94956795687,White (Non-Hispanic),719ed9,20.732378854625548,16.265366891521513,223.2965308574267,6.565260975487483,99.59072305593452,18.767123287671232,6.538390875997084,,,98112,53033006400
47,71127,53033006500,1147619,0,Census Tract 65,Washington,King County,4815,649,410,139,8.5,2.64885304645537,597,157,12.4,2.7998060971303,1007,210,20.9,3.32795541537342,37.8,2.9,3405,490,20,29,16,24,560,275,0,13,38,48,430,175,346,209,70.7,3.5649637832461,0.4,0.599676730710023,0.3,0.496425958780351,11.6,5.49197025925901,0.0,0.269989615784008,0.8,0.991193087109974,8.9,3.42935909021753,7.2,4.2311597047202,603,293,12.5,5.8463452730494,121546.0,36949.0,2876,332,2665,352,211,144,2665,352,1099,217,1566,358,41.2,6.05256246878284,1769,75,1068300.0,110991.0,2525454.546875,8105.94590484081,White (Non-Hispanic),719ed9,29.28348909657321,16.979166146478608,283.58283077397215,10.14165770244496,92.663421418637,58.76172607879925,9.39760701565223,,,98102,53033006500
48,71128,53033006600,1117109,831139,Census Tract 66,Washington,King County,4334,493,242,104,5.6,2.31404351781418,207,101,4.8,2.26619494185367,449,145,10.4,3.13121851581281,30.3,0.7,3171,505,91,67,88,118,445,258,0,13,0,13,401,215,138,107,73.2,8.15491649628321,2.1,1.52735420613326,2.0,2.71284364888781,10.3,5.83722893242788,0.0,0.299953853253346,0.0,0.299953853253346,9.3,4.84784271506918,3.2,2.44213765116153,788,340,18.2,7.56740947581656,132326.0,15057.0,2486,209,2351,208,135,115,2351,208,469,130,1882,231,19.9,5.24032704233667,1898,109,915700.0,196217.0,2442363.0546875,10979.6125939931,White (Non-Hispanic),719ed9,26.834333179510843,15.700415746969428,276.0436455854088,9.005822230495154,94.56958970233306,80.05104210974054,8.516769132700768,,,98102,53033006600
49,71130,53033006800,718106,0,Census Tract 68,Washington,King County,3307,374,674,146,20.4,3.76540966941572,427,139,12.9,3.94139149154216,1101,202,33.3,4.80977013470809,39.4,2.2,2521,348,101,134,0,13,367,169,0,13,26,42,170,100,122,60,76.2,6.03393565521827,3.1,4.03726266454014,0.0,0.393105533716359,11.1,4.95385617578692,0.0,0.393105533716359,0.8,1.26691694902161,5.1,2.96747580821149,3.7,1.76571068248066,522,187,15.8,5.36549797544247,148164.0,42160.0,1592,189,1537,186,55,55,1537,186,631,114,906,167,41.1,5.5072747107919,1969,202,1358300.0,157413.0,1580574.4375,5098.73689164573,White (Non-Hispanic),719ed9,23.767765346235254,18.63646061845542,177.44785706386358,8.971649623399163,96.54522613065326,58.94599869876382,8.661699416560623,,,98109,53033006800
50,71131,53033006900,905121,0,Census Tract 69,Washington,King County,4898,679,958,320,19.6,5.94406454019069,632,165,12.9,2.85458685337727,1590,360,32.5,5.81119873421808,37.1,2.9,3814,682,40,40,0,13,361,177,0,13,42,60,300,182,341,170,77.9,8.79502079024837,0.8,0.808774620748067,0.0,0.265414454879543,7.4,3.46626939257938,0.0,0.265414454879543,0.9,1.21920847753682,6.1,3.61749005127361,7.0,3.33391721632292,661,214,13.5,3.94832937404014,150139.0,38347.0,2248,175,2142,191,106,96,2142,191,1239,204,903,161,57.8,8.00624098740831,1961,234,1125700.0,179660.0,1992077.6015625,7086.70461247725,White (Non-Hispanic),719ed9,22.13148223764802,21.899285020361727,223.6602699789464,10.050958090194603,95.2846975088968,42.15686274509804,9.577025012987916,,,98119,53033006900
51,71139,53033007600,571882,0,Census Tract 76,Washington,King County,4723,660,571,321,12.1,6.58320303360133,427,146,9.0,2.82129717911071,998,353,21.1,6.86603295062199,33.0,2.4,3483,675,97,68,0,13,523,215,0,13,2,3,243,147,375,240,73.7,9.90226598345357,2.1,1.41086813838803,0.0,0.275248782553462,11.1,4.2811121306917,0.0,0.275248782553462,0.0,0.0632427088012704,5.1,3.02824786224705,7.9,4.95890576655412,550,163,11.6,3.04345404248853,120103.0,23349.0,2259,185,2219,191,40,63,2219,191,862,206,1357,175,38.8,8.66039170703834,1586,141,841000.0,139646.0,1258048.34375,4478.65699077956,White (Non-Hispanic),719ed9,26.254499258945582,33.42175987877716,141.3151197642081,15.985550617437562,98.22930500221338,61.15367282559711,15.702495272285946,,,98112,53033007600
52,71140,53033007700,1058322,0,Census Tract 77,Washington,King County,5759,652,828,234,14.4,3.72291769153659,607,196,10.5,3.18731900895733,1435,305,24.9,4.48219928017283,34.9,2.1,3372,529,677,265,13,21,420,150,0,18,55,69,757,284,465,226,58.6,6.35872937382915,11.8,4.4048238306364,0.2,0.36374998445771,7.3,2.47028749309708,0.0,0.312554262892863,1.0,1.19323604446058,13.1,4.70151085854214,8.1,3.81633899437542,885,248,15.4,3.93921051720248,126815.0,20294.0,2596,228,2537,201,59,98,2537,201,1465,229,1072,231,57.7,7.78108463358791,1771,281,895100.0,39475.0,2327908.15625,6893.67074376381,White (Non-Hispanic),719ed9,41.448168084736935,22.0215077609661,261.51706152509826,9.926694590635178,97.72727272727272,42.25463145447379,9.701087895393467,,,98112,53033007700
53,71141,53033007800,2097740,3632914,Census Tract 78,Washington,King County,5898,627,1034,246,17.5,3.73135813079335,1049,228,17.8,3.3717716407308,2083,335,35.3,4.26206650492692,40.6,3.8,4541,612,348,165,0,18,279,140,0,18,0,18,467,176,263,139,77.0,6.37795092412688,5.9,2.72633401597025,0.0,0.305188199389624,4.7,2.31980590147338,0.0,0.305188199389624,0.0,0.305188199389624,7.9,2.86288529207449,4.5,2.30856423205813,616,227,10.4,3.68513423201523,169159.0,21695.0,2279,152,2231,145,48,77,2231,145,1765,212,466,156,79.1,7.99117855275681,2381,284,1142900.0,132692.0,4613213.515625,12763.7125835401,White (Non-Hispanic),719ed9,23.0077992539844,11.378130359012438,518.3628429189412,4.396534263850347,97.89381307591049,20.88749439713133,4.303935034072016,,,98122,53033007800
54,71144,53033008002,234314,0,Census Tract 80.02,Washington,King County,4018,533,88,58,2.2,1.41396504909953,541,153,13.5,3.36298925530237,629,164,15.7,3.51388040207395,36.7,3.6,2103,333,490,266,18,28,1054,414,0,13,31,46,173,114,149,89,52.3,4.52558640455463,12.2,6.41951315538107,0.4,0.694325633925359,26.2,9.69825815457629,0.0,0.323544051767048,0.8,1.14026433222967,4.3,2.77914928864182,3.7,2.15971850279168,1307,463,32.5,10.6847312717583,102365.0,22504.0,3395,418,2744,415,651,206,2744,415,519,109,2225,396,18.9,2.75618091583283,1863,317,1042200.0,135608.0,515263.7734375,3615.14237179905,White (Non-Hispanic),719ed9,47.660527625684416,69.39520944204313,57.90025035309847,58.63532505120369,80.82474226804123,81.08600583090379,47.3918503506636,,,98121,53033008002
55,71146,53033008200,375785,0,Census Tract 82,Washington,King County,4223,485,159,89,3.8,2.06266925455028,586,176,13.9,3.850917330443,745,197,17.6,4.20197419015519,31.9,1.8,2416,328,225,151,0,13,1103,424,0,13,0,13,266,133,213,133,57.2,4.14186533403567,5.3,3.52291063905389,0.0,0.307838029836609,26.1,9.58168297383574,0.0,0.307838029836609,0.0,0.307838029836609,6.3,3.06521308655199,5.0,3.09568966311373,1439,364,34.1,7.67984649736474,116250.0,19366.0,3493,250,2856,278,637,238,2856,278,415,152,2441,267,14.5,5.13073962517772,2155,113,489000.0,135047.0,826310.7421875,4114.9274837976,White (Non-Hispanic),719ed9,42.789486147288656,45.47779893235462,92.85849577464047,37.616375010825166,81.76352705410822,85.46918767507002,30.75647495875084,,,98101,53033008200
56,71147,53033008300,237955,0,Census Tract 83,Washington,King County,3377,482,143,83,4.2,2.38233101241495,450,163,13.3,4.43625022059229,593,183,17.6,4.80457598523351,32.6,1.8,1935,343,245,156,9,21,904,268,0,13,0,13,149,149,135,105,57.3,6.02312574288486,7.3,4.50193010481521,0.3,0.620689205697628,26.8,6.95573499695921,0.0,0.384957062481492,0.0,0.384957062481492,4.4,4.36702643104768,4.0,3.05646632017781,962,298,28.5,7.83187384323201,102962.0,38287.0,2361,269,2055,260,306,212,2055,260,406,107,1649,236,19.8,4.56757570643863,1733,160,539700.0,96017.0,523276.3125,3902.82891218772,White (Non-Hispanic),719ed9,42.70062185371632,57.4320108358494,58.79996104702043,40.15308782453078,87.03939008894537,80.2433090024331,34.94900274435017,,,98101,53033008300
57,71149,53033008500,450978,0,Census Tract 85,Washington,King County,4441,491,139,83,3.1,1.83663276555309,747,155,16.8,2.95348667503915,886,176,20.0,3.29251581785792,34.5,1.9,2248,320,568,158,44,47,740,172,38,44,11,21,235,95,557,287,50.6,4.53868594392021,12.8,3.26466950266126,1.0,1.05263604181951,16.7,3.40678847164003,0.9,0.986240970325725,0.2,0.472072835538437,5.3,2.05760077552022,12.5,6.31198414158948,932,246,21.0,5.0299283941258,72520.0,8874.0,2307,217,1920,186,387,127,1920,186,196,88,1724,182,10.2,4.47537231601387,1432,74,648100.0,532914.0,991451.09375,4079.42288879833,White (Non-Hispanic),719ed9,49.38077009682504,39.85136607967143,111.4390907233014,20.701891813961268,83.22496749024707,89.79166666666667,17.229142732035385,,,98104,53033008500
58,71150,53033008600,711350,0,Census Tract 86,Washington,King County,7003,756,350,163,5.0,2.26417746568541,123,111,1.8,1.57365319540493,473,197,6.8,2.71694043963779,25.8,1.9,3093,437,687,328,3,6,1527,358,19,27,22,25,730,239,922,416,44.2,4.02571093954433,9.8,4.56240683648261,0.0,0.0855526648265857,21.8,4.53790167001059,0.3,0.384434928795975,0.3,0.355375317936531,10.4,3.22195811791736,13.2,5.76777397392881,1510,467,21.6,6.24912472311436,66607.0,16995.0,3259,310,2931,330,328,178,2931,330,452,149,2479,347,15.4,4.77788630759714,1635,132,683300.0,127139.0,1563986.5234375,5263.978122978,White (Non-Hispanic),719ed9,55.83321433671284,39.83993185642324,175.77841310667137,18.540388107965637,89.93556305615219,84.57864210167179,16.674402437694773,,,98122,53033008600
59,71151,53033008700,732385,0,Census Tract 87,Washington,King County,4665,654,577,167,12.4,3.13186101353518,347,102,7.4,1.92179987858702,924,196,19.8,3.15308163399749,31.2,2.0,2414,329,814,417,6,14,548,135,0,13,32,45,372,169,479,225,51.7,10.1176487858439,17.4,8.59767232888859,0.1,0.299565008622473,11.7,2.37959581574145,0.0,0.278670953912111,0.7,0.959824697012453,8.0,3.44591556791165,10.3,4.60332953259337,574,154,12.3,2.81463949569378,144531.0,26548.0,2038,197,1841,202,197,104,1841,202,867,112,974,190,47.1,3.21090439591781,1751,121,798800.0,66856.0,1610158.8828125,5167.69134507184,White (Non-Hispanic),719ed9,48.2529474812433,25.77685945301398,180.9762748058333,11.261144601338154,90.33366045142296,52.90602933188484,10.172604127116555,,,98122,53033008700
60,71152,53033008800,948581,0,Census Tract 88,Washington,King County,4353,628,924,271,21.2,5.42033450051323,345,146,7.9,3.15309239193838,1269,308,29.2,5.6899438651779,34.6,1.9,2774,321,478,230,0,13,300,160,0,13,158,195,217,104,426,501,63.7,11.7856990122585,11.0,5.04062740348171,0.0,0.298644612910636,6.9,3.53859537226875,0.0,0.298644612910636,3.6,4.44895818404197,5.0,2.27834155823586,9.8,11.4223782872454,566,293,13.0,6.46431779379253,143583.0,25631.0,1784,152,1650,155,134,88,1650,155,962,136,688,138,58.3,6.15959101763408,2001,259,889600.0,55010.0,2085581.8203125,5969.25322363066,White (Non-Hispanic),719ed9,36.27383413737652,18.570861114345394,234.3994698575096,7.610938715366916,92.48878923766816,41.6969696969697,7.039265067463796,,,98122,53033008800
61,71153,53033008900,1270033,1798066,Census Tract 89,Washington,King County,6004,857,1075,341,17.9,5.07205185815844,919,332,15.3,5.07972162041554,1994,476,33.2,6.35464845222676,39.4,3.8,3185,760,959,386,4,8,754,295,0,18,0,18,294,181,808,454,53.0,10.1437665968779,16.0,6.01121044542601,0.1,0.13290472689913,12.6,4.57473315060152,0.0,0.299800133244504,0.0,0.299800133244504,4.9,2.93251147887239,13.5,7.31356422600828,1687,500,28.1,7.29840035287918,118149.0,17764.0,2653,292,2543,306,110,100,2543,306,1772,337,771,185,69.7,10.2621846734542,1832,152,749600.0,83351.0,2791209.4375,8432.35912000768,White (Non-Hispanic),719ed9,46.95203197868088,19.131255613113314,313.8319889408943,8.453567811723788,95.85375047116472,30.31852143138026,8.10306179616042,,,98144,53033008900
62,71154,53033009000,855872,0,Census Tract 90,Washington,King County,3800,401,486,159,12.8,3.96057158551335,707,163,18.6,3.81377259258942,1193,228,31.4,5.00242178570997,34.0,1.8,1343,222,841,307,39,50,706,214,19,22,0,13,416,179,436,207,35.3,4.49676087411007,22.1,7.73401567998002,1.0,1.31132464670162,18.6,5.27928547051484,0.5,0.5765380339324,0.0,0.342105263157895,10.9,4.56667156805566,11.5,5.3111058269234,1229,276,32.3,6.41134004921687,64865.0,17928.0,2205,180,2080,178,125,82,2080,178,463,95,1617,202,22.3,4.15109862070299,1408,227,596200.0,69849.0,1881079.546875,6470.35653151064,White (Non-Hispanic),719ed9,64.65789473684211,17.96770358782588,211.4905770470697,10.42599642398844,94.33106575963718,77.74038461538461,9.834953542809956,,,98144,53033009000
63,71155,53033009100,410621,0,Census Tract 91,Washington,King County,2707,344,167,76,6.2,2.6958583936435,917,281,33.9,9.44582022925791,1084,291,40.0,9.4691671325833,45.6,8.5,629,170,155,116,26,40,1607,313,0,13,38,44,195,91,57,52,23.2,5.54252796145894,5.7,4.22295761123661,1.0,1.47260099918047,59.4,8.7625997643411,0.0,0.480236424085704,1.4,1.61559697172719,7.2,3.23461670452998,2.1,1.90221772608739,1465,348,54.1,10.8612988806762,41619.0,14251.0,1943,239,1773,251,170,88,1773,251,89,57,1684,253,5.0,3.13536544923565,851,205,469400.0,100225.0,902489.9453125,4792.07576399448,Asian,14915a,76.76394532693018,26.67871427773201,101.4666588434308,19.149147337138267,91.25064333504888,94.98025944726452,17.473720138315052,,,98104,53033009100
64,71156,53033009200,338451,154864,Census Tract 92,Washington,King County,2725,450,89,56,3.3,1.9830069810653,422,123,15.5,3.71940182089973,511,135,18.8,3.86701199630596,40.0,8.3,1354,394,312,193,22,34,684,199,0,13,9,14,131,63,213,96,49.7,11.9048881220483,11.4,6.82552896022782,0.8,1.24056298924403,25.1,6.012344831307,0.0,0.477064220183486,0.3,0.510858238741553,4.8,2.17135233723107,7.8,3.27794306521835,853,199,31.3,5.15838376065308,36875.0,13352.0,2212,302,1891,308,321,147,1891,308,108,43,1783,301,5.7,2.07495098653111,1082,152,484000.0,84117.0,743937.96875,5555.49792051489,White (Non-Hispanic),719ed9,50.31192660550459,32.58280741093923,83.63306346294515,26.448869722200943,85.4882459312839,94.28873611845584,22.61067479416003,,,98104,53033009200
65,71157,53033009300,9444110,639051,Census Tract 93,Washington,King County,2984,407,158,81,5.3,2.61664334625903,484,139,16.2,4.09931502310381,642,161,21.5,4.52764837114723,38.5,2.6,1636,304,279,184,7,16,569,154,0,13,0,13,210,92,283,142,54.8,6.9187769379358,9.3,6.03290661971694,0.2,0.535237540714856,19.1,4.45760349011434,0.0,0.435656836461126,0.0,0.435656836461126,7.0,2.92988069393671,9.5,4.57952827445381,592,186,19.8,5.61526565986401,111875.0,19951.0,1777,212,1558,204,219,136,1558,204,576,101,982,179,37.0,4.31179795982145,1897,101,606300.0,91225.0,20739319.9765625,25397.6886374856,White (Non-Hispanic),719ed9,45.17426273458445,1.278661468835218,2333.690404167915,0.761454902855289,87.67585818795723,63.02952503209242,0.6676121207926508,,,98134,53033009300
66,71158,53033009400,1686311,0,Census Tract 94,Washington,King County,6618,783,645,210,9.7,2.95623490071784,1190,485,18.0,7.01291143174632,1835,529,27.7,7.28915469277769,36.0,2.2,2560,517,1025,595,42,47,1652,401,125,135,8,18,339,182,867,363,38.7,6.33103505510502,15.5,8.80190798895491,0.6,0.706203890503297,25.0,5.29073586502256,1.9,2.02761374918622,0.1,0.27160920535769,5.1,2.68246525005886,13.1,5.26148466113916,2079,521,31.4,6.9398542988319,80288.0,28208.0,3275,367,3103,383,172,132,3103,383,1287,211,1816,388,41.5,4.47555912783928,1430,296,646200.0,50103.0,3704857.640625,8528.85507062232,White (Non-Hispanic),719ed9,61.31761861589604,15.882061970444774,416.6965229272849,7.859436831853526,94.74809160305342,58.52400902352562,7.446666408928699,,,98144,53033009400
67,71159,53033009500,2597717,2916270,Census Tract 95,Washington,King County,6938,851,1508,431,21.7,5.6110039856498,1047,297,15.1,3.85989549669011,2555,523,36.8,6.0349758940598,41.6,4.1,3727,500,1053,595,0,18,1258,319,0,18,85,94,481,222,334,236,53.7,2.91911927442156,15.2,8.37146713865844,0.0,0.259440761026232,18.1,4.02418287162772,0.0,0.259440761026232,1.2,1.34649784990551,6.9,3.08470440460447,4.8,3.34991303966992,1064,270,15.3,3.40679519816463,131412.0,19068.0,2969,246,2876,259,93,89,2876,259,1652,218,1224,257,57.4,5.54051759235631,1595,325,914600.0,42610.0,5705952.796875,13041.5528082479,White (Non-Hispanic),719ed9,46.28134909195734,10.808371296261551,641.9098502287524,4.625260071865171,96.86763219939374,42.55910987482615,4.480379914679768,,,98144,53033009500
68,71160,53033009600,1906922,1385222,Census Tract 96,Washington,King County,5640,832,742,225,13.2,3.48547071945193,986,211,17.5,2.71019064947164,1728,308,30.6,3.06509808031376,42.9,8.6,4664,906,21,31,43,49,428,173,1,3,0,18,309,165,174,126,82.7,10.4513835404869,0.4,0.546894048120826,0.8,0.861483756219036,7.6,2.85580152760244,0.0,0.053127143465604,0.0,0.319148936170213,5.5,2.81167840475798,3.1,2.18719522131626,533,206,9.5,3.3759630089754,142930.0,31869.0,3171,367,2847,376,324,176,2847,376,1759,207,1088,380,61.8,10.9291719673328,1299,295,830600.0,68012.0,4189356.6484375,9570.04149126229,White (Non-Hispanic),719ed9,17.30496453900709,11.96916823149325,471.21068823813874,6.729473840791683,89.78240302743615,38.21566561292589,6.041883325365475,,,98116,53033009600
69,71161,53033009701,1861358,1607123,Census Tract 97.01,Washington,King County,6154,936,1019,269,16.6,3.57270635304468,1166,255,18.9,2.97744914760597,2185,371,35.5,2.67983557277644,44.0,3.0,4437,894,612,524,20,24,386,226,0,18,0,18,421,223,278,126,72.1,9.52803294554774,9.9,8.37936546142462,0.3,0.386845017508126,6.3,3.54633145266622,0.0,0.292492687682808,0.0,0.292492687682808,6.8,3.47106077307573,4.5,1.92872271137267,1059,608,17.2,9.52675996559555,113750.0,26291.0,3010,271,2791,249,219,162,2791,249,1625,186,1166,240,58.2,4.17505717821882,1693,116,853300.0,77250.0,4086958.71875,13068.1666051742,White (Non-Hispanic),719ed9,27.900552486187845,13.379669264831984,459.9515786369686,6.54416712498282,92.72425249169434,41.77714080974561,6.0680300484475245,,,98116,53033009701
70,71162,53033009702,2220441,0,Census Tract 97.02,Washington,King County,5665,620,1333,224,23.5,3.00049115939303,739,158,13.0,2.39593615754409,2072,274,36.6,2.71479516684783,41.2,4.7,4857,654,55,92,0,18,147,72,19,30,0,18,320,148,267,160,85.7,6.72525487928685,1.0,1.62052724129033,0.0,0.317740511915269,2.6,1.23882683333687,0.3,0.528293834453859,0.0,0.317740511915269,5.6,2.53833318374283,4.7,2.77685679787139,194,89,3.4,1.52568932252064,145461.0,25957.0,2302,196,2215,226,87,98,2215,226,1745,209,470,140,78.8,4.94164402394198,2199,172,822400.0,41764.0,4875369.0625,12770.5974280538,White (Non-Hispanic),719ed9,14.263018534863194,10.3247245177402,548.6829203303444,4.195501472169099,96.22067767158993,21.21896162528217,4.036939948242639,,,98116,53033009702
71,71164,53033009900,6565170,2370735,Census Tract 99,Washington,King County,5642,746,657,188,11.6,2.95508679891673,529,204,9.4,3.39656151016056,1186,277,21.0,4.04709126780246,38.1,3.0,3725,574,323,149,0,18,521,292,0,18,13,21,470,277,590,373,66.0,5.22461355823119,5.7,2.53009840179431,0.0,0.319035802906771,9.2,5.02938184636732,0.0,0.319035802906771,0.2,0.37095948665677,8.3,4.78445525263983,10.5,6.46492228644594,1113,505,19.7,8.56224019422207,86663.0,16197.0,3251,342,2981,359,270,164,2981,359,1546,303,1435,230,51.9,8.01909854934057,1715,101,567300.0,96861.0,14440241.9765625,30592.373833432,White (Non-Hispanic),719ed9,33.97731300957108,3.477802392806336,1622.2888372468203,2.003958805213293,91.69486311904028,48.138208654813816,1.837527283402284,,,98126,53033009900
72,71165,53033010001,2327512,0,Census Tract 100.01,Washington,King County,4032,531,787,166,19.5,3.21596316012362,534,128,13.2,2.65252585369183,1321,210,32.8,2.91712400205508,35.3,4.7,1186,209,1080,365,134,209,1083,240,70,98,0,13,155,93,324,201,29.4,3.44421369807055,26.8,8.33698698494217,3.3,5.1650204446815,26.9,4.78725070996313,1.7,2.41977772262095,0.0,0.322420634920635,3.8,2.25029977770536,8.0,4.87149527489018,1334,286,33.1,5.59722269270358,61326.0,17681.0,1762,153,1627,175,135,92,1627,175,671,132,956,155,41.2,6.79298972823686,989,194,623200.0,58331.0,5109701.4375,11577.9809665634,White (Non-Hispanic),719ed9,70.58531746031747,7.0104579890958645,575.1407406294157,3.063597960512628,92.33825198637912,58.75845113706208,2.828872804627721,,,98108,53033010001
73,71166,53033010002,948077,0,Census Tract 100.02,Washington,King County,4928,518,726,191,14.7,3.55301448153826,747,188,15.2,3.46626474738902,1473,268,29.9,4.43889121664497,37.1,4.1,2090,454,535,231,0,13,1291,212,0,13,123,152,348,130,541,273,42.4,8.06225024915999,10.9,4.54647517012246,0.0,0.263798701298701,26.2,3.30514204250798,0.0,0.263798701298701,2.5,3.07323738801027,7.1,2.53140203687006,11.0,5.41825522078337,1318,292,26.7,5.21595526497759,81887.0,9529.0,2090,167,1975,178,115,82,1975,178,990,112,985,181,50.1,3.42768090513877,1575,161,704800.0,36119.0,2082027.296875,6203.87394360689,White (Non-Hispanic),719ed9,57.58928571428571,21.03511471071108,234.2749287452501,8.921142399631929,94.4976076555024,49.87341772151899,8.430266143192853,,,98144,53033010002
74,71168,53033010200,2795533,2076618,Census Tract 102,Washington,King County,5067,508,976,208,19.3,3.62238893467544,876,176,17.3,3.01009509363937,1852,272,36.6,3.92279553361215,45.3,4.4,2780,248,590,203,0,18,969,269,0,18,40,64,254,135,434,264,54.9,7.36284103798135,11.6,3.83246348330301,0.0,0.355239786856128,19.1,4.95055985934248,0.0,0.355239786856128,0.8,1.26059274129532,5.0,2.61646908267963,8.6,5.1389310464522,779,209,15.4,3.82591784369204,146250.0,15873.0,2065,125,1935,153,130,82,1935,153,1636,160,299,75,84.5,4.86625034640406,2095,411,835700.0,40001.0,6133728.484375,14776.1123916044,White (Non-Hispanic),719ed9,45.13518847444247,7.335066870003113,690.7912483690621,2.9893256535536668,93.7046004842615,15.45219638242894,2.8011356608360023,,,98118,53033010200
75,71170,53033010401,1629874,0,Census Tract 104.01,Washington,King County,4504,549,937,230,20.8,4.43246998198799,629,144,14.0,2.70631229915566,1566,271,34.8,4.27101851928207,38.2,4.4,1020,353,707,195,0,13,1922,270,0,13,0,13,272,154,583,265,22.6,7.33526543791896,15.7,3.88375097325844,0.0,0.288632326820604,42.7,2.98000637068548,0.0,0.288632326820604,0.0,0.288632326820604,6.0,3.3390042967074,12.9,5.6681636919777,2144,430,47.6,7.58154457558401,106071.0,33793.0,1553,127,1388,141,165,86,1388,141,965,147,423,129,69.5,7.89199591706162,1659,393,638100.0,40966.0,3576137.2578125,7832.37757837049,Asian,14915a,77.35346358792185,11.183098402998796,402.7506365134222,3.8559839742133946,89.37540244687702,30.47550432276657,3.4463011952403035,,,98108,53033010401
76,71171,53033010402,1742875,0,Census Tract 104.02,Washington,King County,4835,707,972,220,20.1,3.47310884352782,899,268,18.6,4.83029444389751,1871,347,38.7,4.41457871464395,40.3,4.6,1083,297,352,211,0,13,2582,583,2,4,21,33,262,101,533,252,22.4,5.19664311645549,7.3,4.23217694077982,0.0,0.268872802481903,53.4,9.18783502682968,0.0,0.0825086811806385,0.4,0.679561934960225,5.4,1.93282161333318,11.0,4.95645972011149,2032,480,42.0,7.79689178925905,100255.0,10652.0,1691,116,1591,147,100,68,1591,147,1171,177,420,122,73.6,8.80466116441166,1602,243,605700.0,40251.0,3824183.2109375,8546.32032692997,Asian,14915a,77.6008273009307,11.226594450149111,430.6737917245939,3.926405628790517,94.08633944411592,26.398491514770583,3.694211327856719,,,98108,53033010402
77,71174,53033010701,1457384,3664,Census Tract 107.01,Washington,King County,4154,468,837,186,20.1,3.85950939615013,286,123,6.9,2.85759694868807,1123,223,27.0,4.42067107999896,36.4,2.8,1841,273,785,286,0,13,637,177,7,14,102,115,335,195,447,215,44.3,4.27320395586966,18.9,6.5474788592477,0.0,0.312951372171401,15.3,3.89499628908947,0.2,0.336489405033042,2.5,2.75455950312889,8.1,4.60550535592648,10.8,5.03174760181979,728,186,17.5,4.01877964796823,96638.0,24880.0,1815,204,1784,208,31,37,1784,208,963,167,821,177,54.0,6.92954002890772,1305,144,588900.0,32202.0,3204460.6484375,9620.86653920136,White (Non-Hispanic),719ed9,55.68127106403467,11.534805911584924,360.12742926415007,5.039882698489802,98.29201101928376,46.02017937219731,4.953802057358572,,,98106,53033010701
78,71175,53033010702,780116,0,Census Tract 107.02,Washington,King County,4839,509,1454,291,30.0,5.11609216439921,378,127,7.8,2.49256978054793,1832,318,37.9,5.22756461833852,32.8,2.0,1778,407,1790,383,49,67,740,167,0,13,0,13,191,99,291,187,36.7,7.47024663905948,37.0,6.89240299247026,1.0,1.38048060581859,15.3,3.05332530154461,0.0,0.268650547633809,0.0,0.268650547633809,3.9,2.00330639587538,6.0,3.81231271353314,1266,332,26.2,6.28482519755403,69233.0,34738.0,1893,255,1815,253,78,58,1815,253,880,209,935,191,48.5,9.32316860551402,1083,436,582700.0,47474.0,1711251.1484375,6746.53229271149,Black or African American,dc0ab4,63.2568712543914,25.102341482540076,192.7708617686428,9.819948837869054,95.8795562599049,51.51515151515152,9.41532337069854,,,98126,53033010702
79,71176,53033010800,4140525,322633,Census Tract 108,Washington,King County,4874,589,1088,246,22.3,4.26582003812586,471,128,9.7,2.35225083107428,1559,277,32.0,4.16628371311,36.8,2.0,2436,312,478,306,1,2,1028,161,0,13,6,11,614,328,311,143,50.0,2.1208012758757,9.8,6.16533530301374,0.0,0.0409590842205942,21.1,2.10118450417987,0.0,0.266721378744358,0.1,0.225196495850834,12.6,6.55513481641864,6.4,2.83079440570917,943,291,19.3,5.49361509894493,109375.0,20440.0,1907,187,1839,199,68,60,1839,199,1383,162,456,152,75.2,3.37277601798164,2053,336,562900.0,33330.0,9084899.8828125,18554.4202784972,White (Non-Hispanic),719ed9,50.02051702913418,4.763738463788343,1023.146009599354,1.8638590993935928,96.43418982695331,24.79608482871126,1.79739742201616,,,98106,53033010800
80,71177,53033010900,5389781,414929,Census Tract 109,Washington,King County,1206,191,161,64,13.3,4.86743212730198,149,69,12.4,5.37639746517987,310,94,25.7,6.64673459147059,39.1,4.3,763,142,61,67,2,5,104,67,0,13,0,13,97,61,179,114,63.3,6.18381610641547,5.1,5.49749851705002,0.2,0.413760935621541,8.6,5.38506424234573,0.0,1.07794361525705,0.0,1.07794361525705,8.0,4.89501426824104,14.8,9.15579441977351,109,56,9.0,4.41731553956064,56902.0,36744.0,723,106,625,107,98,56,625,107,362,100,263,61,57.9,12.5568645713324,1244,257,532200.0,86839.0,11820107.8671875,19126.3564138038,White (Non-Hispanic),719ed9,36.73300165837479,0.9055115310648628,1331.843890029505,0.5428564153896317,86.44536652835409,42.08,0.4692742180062515,,,98108,53033010900
81,71178,53033011001,1080391,0,Census Tract 110.01,Washington,King County,5155,750,1009,259,19.6,4.13928058734136,854,204,16.6,3.13864749555712,1863,330,36.1,3.65154580489216,39.6,8.4,865,204,1643,670,0,18,1934,406,0,18,67,71,271,135,375,267,16.8,3.11456100648093,31.9,12.1417523404188,0.0,0.34917555771096,37.5,5.67763535075451,0.0,0.34917555771096,1.3,1.36426114570903,5.3,2.50463840276155,7.3,5.07015159009397,2667,563,51.7,7.91332506578275,47813.0,28990.0,1910,253,1826,252,84,60,1826,252,836,226,990,201,45.8,10.6425015824403,825,456,553200.0,53250.0,2369178.203125,7353.89451260583,Asian,14915a,83.22017458777886,19.3092545730866,266.97043018869726,7.154350384984561,95.6020942408377,54.21686746987952,6.8397087973726745,,,98118,53033011001
82,71179,53033011002,1719569,0,Census Tract 110.02,Washington,King County,4599,616,1220,293,26.5,5.2881112935694,672,159,14.6,2.84996831164834,1892,333,41.1,4.69727859427743,32.6,3.6,284,97,1499,453,0,13,2411,491,20,35,7,12,117,69,261,243,6.2,1.94020413926266,32.6,8.82963064284049,0.0,0.282670145683844,52.4,8.04212006597862,0.4,0.758802614947893,0.2,0.260128623626091,2.5,1.46111804358413,5.7,5.22879303736191,2257,455,49.1,7.39403700522435,52418.0,15983.0,1324,107,1296,94,28,48,1296,94,809,119,487,111,62.4,7.9882372579123,1132,143,541600.0,37123.0,3771143.9921875,10161.3902956677,Asian,14915a,93.82474450967602,10.823347412413954,424.91475370412,3.1159191072050607,97.88519637462235,37.57716049382716,3.0500235369620534,,,98108,53033011002
83,71180,53033011101,1136851,0,Census Tract 111.01,Washington,King County,5300,425,813,169,15.3,2.94187315991411,665,200,12.5,3.63697998039257,1478,262,27.9,4.40869064491073,37.9,3.7,1336,346,884,475,0,18,2139,409,184,178,27,43,515,214,215,118,25.2,6.20748174551537,16.7,8.86190206288775,0.0,0.339622641509434,40.4,7.00558338637983,3.5,3.34693253539918,0.5,0.810291661183728,9.7,3.96183931979346,4.1,2.20252313990295,1846,436,34.8,7.73777292783285,81250.0,15846.0,2204,208,2153,191,51,84,2153,191,948,172,1205,205,44.0,6.96874654528977,1587,180,534500.0,58282.0,2493081.234375,7022.80314022328,Asian,14915a,74.79245283018868,18.86644691232149,280.92200002633365,7.845594149954069,97.68602540834846,55.9684161634928,7.664049094760031,,,98118,53033011101
84,71181,53033011102,1303226,1143440,Census Tract 111.02,Washington,King County,5470,870,1205,303,22.0,4.2904221147714,769,174,14.1,2.26252146371166,1974,349,36.1,2.78623799943195,35.1,4.7,2533,655,726,238,0,18,1014,222,0,18,38,61,503,224,656,428,46.3,9.44147298921393,13.3,3.80461189059061,0.0,0.329067641681901,18.5,2.78900002481857,0.0,0.329067641681901,0.7,1.10968643803319,9.2,3.82498080930186,12.0,7.58844325099002,1108,343,20.3,5.37965532456721,113553.0,29969.0,1969,268,1892,278,77,54,1892,278,1115,264,777,162,58.9,10.9415822146318,1549,254,845600.0,58979.0,2857957.2421875,9079.72960431926,White (Non-Hispanic),719ed9,53.69287020109689,16.985775782962882,322.0341578679341,6.114258229735633,96.08938547486034,41.0676532769556,5.875153159299044,,,98118,53033011102
85,71182,53033011200,2483779,139646,Census Tract 112,Washington,King County,3812,493,860,206,22.6,4.54864240563917,428,134,11.2,3.20128969376601,1288,246,33.8,4.7487260480099,35.9,3.7,1282,310,342,169,85,96,807,322,47,44,30,44,242,158,977,343,33.6,6.87136388861938,9.0,4.27884066100558,2.2,2.50179764207889,21.2,7.99099322038425,1.2,1.1431826014231,0.8,1.14975357847085,6.3,4.06267563664048,25.6,8.36513146475552,1102,358,28.9,8.61512028635842,61935.0,10674.0,1513,160,1451,169,62,54,1451,169,575,131,876,172,39.6,7.75928333331902,1061,147,467300.0,23209.0,5444452.5546875,12045.461739539,White (Non-Hispanic),719ed9,66.36935991605456,6.210945773431739,613.755157275146,2.4651524016794912,95.90218109715796,60.37215713301172,2.3641349205796045,,,98108,53033011200
86,71183,53033011300,3419308,42220,Census Tract 113,Washington,King County,6324,720,1224,284,19.4,3.91302261361254,1122,290,17.7,4.11685263666671,2346,406,37.1,4.83507326407442,36.7,2.4,3086,471,549,332,66,74,621,330,173,280,36,40,642,277,1151,495,48.8,4.96017621433873,8.7,5.1559632846356,1.0,1.16409709246051,9.8,5.09704480829457,2.7,4.41660937141342,0.6,0.629181799836053,10.2,4.22489508919017,18.2,7.54805573471527,1263,463,20.0,6.95927433645549,85125.0,20772.0,3099,294,2811,336,288,179,2811,336,1518,276,1293,271,54.0,7.39855471018016,1221,85,498300.0,42424.0,7587682.6171875,12268.9757708759,White (Non-Hispanic),719ed9,51.20177103099304,7.484648945124896,844.929407693746,3.667762030509497,90.70667957405615,45.99786552828175,3.3269051525531443,,,98106,53033011300
87,71184,53033011401,1233155,0,Census Tract 114.01,Washington,King County,5019,730,737,201,14.7,3.38773272662081,489,152,9.7,2.67649380245713,1226,252,24.4,3.54778514310749,33.5,2.7,2472,401,595,156,16,20,1008,601,35,48,14,23,288,134,591,278,49.3,3.53777431868088,11.9,2.58606435955966,0.3,0.395778982469956,20.1,11.6127365357548,0.7,0.950972127408712,0.3,0.456459141920866,5.7,2.53605163765903,11.8,5.26751554511517,988,298,19.7,5.20148915403341,96625.0,14849.0,1867,167,1841,167,26,34,1841,167,952,156,889,112,51.7,7.05686501099173,1688,107,540200.0,60442.0,2703276.65625,7888.74382530348,White (Non-Hispanic),719ed9,50.74716078900179,16.470899752281927,304.719236683148,6.126951551605969,98.6073915372255,48.28897338403042,6.04162710578821,,,98106,53033011401
88,71185,53033011402,1186191,0,Census Tract 114.02,Washington,King County,4318,573,846,269,19.6,5.66127503939467,364,109,8.4,2.26292238178964,1210,290,28.0,5.59266868110385,34.8,3.1,1602,331,282,254,22,34,719,347,44,44,7,10,690,226,952,325,37.1,5.87561234945037,6.5,5.81816226905586,0.5,0.784493534032668,16.7,7.7263779084418,1.0,1.00997853282865,0.2,0.230587391366113,16.0,4.78510539573707,22.0,6.93473987806526,1138,275,26.4,5.32251510351267,77656.0,14175.0,2031,161,1918,184,113,77,1918,184,946,166,972,197,49.3,7.24692932021816,1175,97,484200.0,28041.0,2599426.5546875,7814.39046593015,White (Non-Hispanic),719ed9,62.899490504863365,14.731460643288369,293.1141795479238,6.929040427632857,94.43623830625307,50.67778936392075,6.543525130575982,,,98106,53033011402
89,71186,53033011500,1538373,0,Census Tract 115,Washington,King County,4334,450,775,163,17.9,3.27071380855867,540,110,12.5,2.18361729624618,1315,197,30.3,3.27664106136826,42.2,2.1,2992,331,111,68,0,13,321,127,0,13,38,47,423,150,449,269,69.0,2.63596779693801,2.6,1.54628977670558,0.0,0.299953853253346,7.4,2.82760826954884,0.0,0.299953853253346,0.9,1.08062060903917,9.8,3.30932176599367,10.4,6.11281546758137,458,193,10.6,4.3158679078829,99719.0,18840.0,2113,216,1979,247,134,98,1979,247,1436,210,543,168,72.6,5.53012313092002,1588,406,603600.0,25731.0,3372425.2421875,8979.60478069074,White (Non-Hispanic),719ed9,30.96446700507614,11.401055358278697,380.1402470037947,5.558474843572423,93.65830572645528,27.43810005053057,5.205973362721167,,,98126,53033011500
90,71188,53033011700,3515808,0,Census Tract 117,Washington,King County,5557,849,939,296,16.9,4.65919103571116,1061,243,19.1,3.25773126753931,2000,383,36.0,4.15539000619632,45.4,6.7,856,335,1051,244,45,50,2873,773,0,18,26,38,177,94,529,261,15.4,5.55007953565573,18.9,3.30607942960831,0.8,0.891219591973877,51.7,11.4502104079561,0.0,0.323915781896707,0.5,0.680075767750165,3.2,1.6200511516376,9.5,4.46592260617968,2074,429,37.3,5.20425035682325,82697.0,7704.0,1740,178,1595,186,145,85,1595,186,1055,169,540,172,66.1,7.26436086850214,1646,191,553700.0,34604.0,7704443.40625,13329.3247046914,Asian,14915a,84.59600503868994,6.396362127646441,868.775077005328,2.002819885208711,91.66666666666666,33.85579937304075,1.835918228107985,,,98118,53033011700
91,71191,53033012000,1437048,0,Census Tract 120,Washington,King County,3317,455,676,199,20.4,5.30826423943385,453,112,13.7,2.80920286574768,1129,228,34.0,5.04468844633984,41.8,3.1,2720,390,59,73,0,13,41,28,0,13,46,73,146,88,305,158,82.0,3.42282876224293,1.8,2.18721701570063,0.0,0.391920410009044,1.2,0.826932871095476,0.0,0.391920410009044,1.4,2.19254696221912,4.4,2.58338270498324,9.2,4.59331251602193,199,73,6.0,2.04112776684337,114159.0,18353.0,1555,166,1499,165,56,54,1499,165,1175,155,324,115,78.4,5.69868615752471,1780,252,582700.0,30372.0,3148242.15625,7545.59045764938,White (Non-Hispanic),719ed9,17.99819113656919,9.340970345528158,355.1022942266337,4.379019863520134,96.39871382636656,21.61440960640427,4.221318826634521,,,98146,53033012000
92,71192,53033012100,1739952,1380849,Census Tract 121,Washington,King County,2777,329,601,147,21.6,4.63107327591666,608,138,21.9,4.23871498693041,1209,202,43.5,5.12913068730356,48.0,4.4,2163,311,11,14,2,6,154,85,0,13,0,13,139,83,308,144,77.9,6.34565792781096,0.4,0.501952211954188,0.1,0.215891953315718,5.5,2.9895146484791,0.0,0.468131076701476,0.0,0.468131076701476,5.0,2.92941802860896,11.1,5.01620571146869,251,124,9.0,4.33495065527509,167813.0,31563.0,1275,136,1162,138,113,68,1162,138,1026,132,136,57,88.3,4.36863259978068,1495,292,862100.0,83859.0,3810953.8125,11501.6795833181,White (Non-Hispanic),719ed9,22.11019085343896,6.458867994636972,429.95150269456536,2.9654507357443785,91.1372549019608,11.7039586919105,2.7026303960274256,,,98146,53033012100
