,Geographic Identifier - FIPS Code,Area of Land (Square Meters),Area of Water (Square Meters),Name,State,County,Total Occupied Housing Units,Total Occupied Housing Units - Margin of Error,All Owner-Occupied Housing Units,All Owner-Occupied Housing Units - Margin of Error,Owner-Occupied Housing Units with a Householder who is not a high school graduate,Owner-Occupied Housing Units with a Householder who is not a high school graduate - Margin of Error,Owner-Occupied Housing Units with a Householder whose highest level of education is high school (including equivalency),Owner-Occupied Housing Units with a Householder whose highest level of education is high school (including equivalency) - Margin of Error,Owner-Occupied Housing Units with a Householder whose highest level of education is some college or associate's degree,Owner-Occupied Housing Units with a Householder whose highest level of education is some college or associate's degree - Margin of Error,Owner-Occupied Housing Units with a Householder who holds a bachelor's degree or higher,Owner-Occupied Housing Units with a Householder who holds a bachelor's degree or higher - Margin of Error,All Renter-Occupied Housing Units,All Renter-Occupied Housing Units - Margin of Error,Renter-Occupied Housing Units with a Householder who is not a high school graduate,Renter-Occupied Housing Units with a Householder who is not a high school graduate - Margin of Error,Renter-Occupied Housing Units with a Householder whose highest level of education is high school (including equivalency),Renter-Occupied Housing Units with a Householder whose highest level of education is high school (including equivalency) - Margin of Error,Renter-Occupied Housing Units with a Householder whose highest level of education is some college or associate's degree,Renter-Occupied Housing Units with a Householder whose highest level of education is some college or associate's degree - Margin of Error,Renter-Occupied Housing Units with a Householder who holds a bachelor's degree or higher,Renter-Occupied Housing Units with a Householder who holds a bachelor's degree or higher - Margin of Error,Overall Homeownership Rate: Percent of all Occupied Housing Units that are Owner-Occupied,Overall Homeownership Rate: Percent of all Occupied Housing Units that are Owner-Occupied - Margin of Error,Overall Renter Rate: Percent of all Occupied Housing Units that are Renter-Occupied,Overall Renter Rate: Percent of all Occupied Housing Units that are Renter-Occupied - Margin of Error,Homeownership Rate among Households with a Householder who does not hold a bachelor's degree,Homeownership Rate among Households with a Householder who does not hold a bachelor's degree - Margin of Error,Renter Rate among Households with a householder who does not hold a bachelor's degree,Renter Rate among Households with a householder who does not hold a bachelor's degree - Margin of Error,Homeownership Rate among Households with a Householder who holds a bachelor's degree or higher,Homeownership Rate among Households with a Householder who holds a bachelor's degree or higher - Margin of Error,Renter Rate among Households with a Householder who holds a bachelor's degree or higher,Renter Rate among Households with a Householder who holds a bachelor's degree or higher - Margin of Error,Households with a Householder who does not hold a bachelor's degree,Households with a Householder who does not hold a bachelor's degree - Margin of Error,Households with a Householder who does not hold a bachelor's degree that are Owner-Occupied,Households with a Householder who does not hold a bachelor's degree that are Owner-Occupied - Margin of Error,Households with a Householder who does not hold a bachelor's degree that are Renter-Occupied,Households with a Householder who does not hold a bachelor's degree that are Renter-Occupied - Margin of Error,Households with a Householder who holds a bachelor's degree or higher,Households with a Householder who holds a bachelor's degree or higher - Margin of Error,Percent Difference Home Ownership with and without Bachelor's Degree,x,y,zip,tract
0,53033000300,1211013,0,Census Tract 3,Washington,King County,1127,114,786,122,48,49,52,43,226,59,460,121,341,102,37,32,31,33,62,42,211,86,69.7,8.21071998119175,30.3,8.51736221364694,71.5,9.25878809939099,28.5,11.8014415351393,68.6,9.82563415029538,31.4,10.7778332879599,456,108,326,88,130,62,671,148,-2.9000000000000057,,,98133,53033000300
1,53033000402,1798938,0,Census Tract 4.02,Washington,King County,2546,435,1050,243,21,31,48,40,334,213,647,138,1496,430,66,77,320,152,513,388,597,187,41.2,6.43776096333635,58.8,13.5815510469608,31.0,12.4230821284413,69.0,20.5084761609143,52.0,5.38320602106455,48.0,12.0774049397022,1302,477,403,219,899,424,1244,232,21.0,,,98133,53033000402
2,53033000500,2898252,953717,Census Tract 5,Washington,King County,1263,87,1147,110,8,13,36,29,153,87,950,114,116,63,0,13,9,13,38,45,69,35,90.8,6.05972269870358,9.2,4.94783965260509,80.7,15.6719771503305,19.3,18.2914239108488,93.2,2.57378829352875,6.8,3.34247340624021,244,105,197,93,47,49,1019,119,12.5,,,98177,53033000500
3,53033000700,1294438,0,Census Tract 7,Washington,King County,2345,234,1051,204,44,39,184,141,112,70,711,163,1294,194,101,98,201,114,520,169,472,164,44.8,7.46171718373092,55.2,6.17424050794976,29.3,12.0566099174542,70.7,9.58377937496646,60.1,7.21936632323035,39.9,11.4667863034921,1162,278,340,162,822,226,1183,231,30.8,,,98125,53033000700
4,53033000800,1141931,0,Census Tract 8,Washington,King County,1144,127,893,134,0,13,34,23,100,45,759,147,251,76,10,14,1,2,62,40,178,66,78.1,7.88079365591364,21.9,6.18073695917366,64.7,13.857842150786,35.3,16.7746046429702,81.0,7.23904392763348,19.0,6.24179462922749,207,67,134,52,73,42,937,161,16.299999999999997,,,98125,53033000800
5,53033000900,1004853,1849039,Census Tract 9,Washington,King County,892,111,711,118,0,13,18,15,59,32,634,112,181,63,0,13,4,6,33,19,144,58,79.7,8.75295407664041,20.3,6.59597854266744,67.5,20.0061542604825,32.5,16.705547632617,81.5,5.74981595184553,18.5,6.82580428479425,114,45,77,38,37,24,778,126,14.0,,,98125,53033000900
6,53033001000,954203,0,Census Tract 10,Washington,King County,769,81,527,79,11,12,24,16,68,29,424,74,242,56,0,13,41,27,108,45,93,35,68.5,7.30961225571397,31.5,6.48404205231914,40.9,9.04178707437801,59.1,15.0529211195864,82.0,5.97269563186179,18.0,6.13925168947381,252,65,103,35,149,54,517,82,41.1,,,98125,53033001000
7,53033001100,1060685,0,Census Tract 11,Washington,King County,1076,153,746,119,0,13,76,59,45,30,625,119,330,149,24,38,28,44,76,56,202,119,69.3,5.01242053515505,30.7,13.142971974138,48.6,17.4388848811532,51.4,24.2551723704453,75.6,21.0416733113033,24.4,13.506776830214,249,105,121,67,128,81,827,168,26.999999999999996,,,98125,53033001100
8,53033001300,1180877,0,Census Tract 13,Washington,King County,2410,220,1075,169,27,31,52,57,214,138,782,172,1335,213,124,100,230,113,389,129,592,184,44.6,5.70912099679608,55.4,7.2486409006512,28.3,12.9878650718545,71.7,8.33373973578535,56.9,6.90978047974485,43.1,10.8115136495665,1036,250,293,152,743,199,1374,252,28.6,,,98133,53033001300
9,53033001400,2152767,213389,Census Tract 14,Washington,King County,2248,232,1464,240,0,18,154,112,205,99,1105,211,784,150,22,35,17,27,122,80,623,151,65.1,8.29505560142481,34.9,5.61862939486285,69.0,17.240125282338,31.0,14.0155086363661,63.9,7.56539018623199,36.1,6.86723304342428,520,176,359,151,161,91,1728,259,-5.100000000000001,,,98133,53033001400
10,53033001500,1167711,526885,Census Tract 15,Washington,King County,1124,128,882,124,0,13,62,68,184,86,636,99,242,83,0,13,11,17,109,66,122,60,78.5,6.4693536555554,21.5,6.96541210342311,67.2,18.2575234135849,32.8,14.8254801860767,83.9,2.38894512199218,16.1,7.52259379642507,366,130,246,110,120,69,758,116,16.700000000000003,,,98117,53033001500
11,53033001600,2020358,320118,Census Tract 16,Washington,King County,1841,239,1477,193,8,12,61,37,207,72,1201,193,364,159,0,13,32,30,82,53,250,154,80.2,1.19347118791576,19.8,8.24636823952446,70.8,9.63062545730434,29.2,13.8971682818053,82.8,19.3763750755576,17.2,10.2000749445468,390,103,276,82,114,62,1451,247,12.0,,,98117,53033001600
12,53033001701,892768,0,Census Tract 17.01,Washington,King County,2142,217,723,159,49,48,30,33,155,88,489,140,1419,235,28,32,192,122,303,142,896,229,33.8,6.58845052438493,66.2,8.67889503137816,30.9,10.8423367412742,69.1,15.4186548661027,35.3,7.44999173988498,64.7,10.8016954471518,757,217,234,106,523,190,1385,268,4.399999999999999,,,98103,53033001701
13,53033001702,1280220,0,Census Tract 17.02,Washington,King County,2276,223,1109,190,98,77,68,62,205,94,738,182,1167,193,13,20,229,145,334,146,591,163,48.7,6.84811514012782,51.3,6.83142657602451,39.2,10.0491436288022,60.8,14.9692257694921,55.5,9.14315016338043,44.5,9.15251005054016,947,248,371,136,576,207,1329,244,16.299999999999997,,,98117,53033001702
14,53033001800,946085,0,Census Tract 18,Washington,King County,2318,239,915,169,23,37,41,38,117,74,734,172,1403,290,32,41,59,70,427,147,885,225,39.5,6.04901399853267,60.5,10.8431652820098,25.9,10.9279956344821,74.1,12.9467152934668,45.3,7.07555088093414,54.7,10.0915481603136,699,191,181,91,518,168,1619,283,19.4,,,98103,53033001800
15,53033001900,1667272,0,Census Tract 19,Washington,King County,2261,153,1233,138,0,13,75,49,194,97,964,148,1028,142,19,20,30,35,228,86,751,130,54.5,4.86156818321096,45.5,5.47517153908804,49.3,15.0781116420788,50.7,11.0097366765343,56.2,5.72560485511438,43.8,5.67071379820979,546,145,269,109,277,95,1715,197,6.900000000000006,,,98115,53033001900
16,53033002000,1103313,28680,Census Tract 20,Washington,King County,1516,122,988,116,0,13,53,37,220,89,715,126,528,135,0,13,39,37,167,72,322,119,65.2,5.57154858208214,34.8,8.45242301603628,57.0,13.4810634356981,43.0,12.7688363962475,68.9,3.91459862777661,31.1,10.2396686525298,479,127,273,97,206,82,1037,173,11.900000000000006,,,98115,53033002000
17,53033002100,1365468,0,Census Tract 21,Washington,King County,1829,234,1232,217,9,15,121,141,164,97,938,164,597,127,24,39,44,70,175,71,354,90,67.4,8.15455290672381,32.6,5.54757628951571,54.7,24.5311341577273,45.3,10.3575851198712,72.6,7.12089655173757,27.4,5.72691926606025,537,202,294,172,243,107,1292,187,17.89999999999999,,,98115,53033002100
18,53033002200,2804076,1154953,Census Tract 22,Washington,King County,2338,192,1898,193,0,18,52,64,272,108,1574,214,440,153,0,18,0,18,45,41,395,152,81.2,4.86819308424654,18.8,6.35894075969543,87.8,11.7164258442849,12.2,12.2069368828466,79.9,2.23160503961095,20.1,7.24345162300173,369,136,324,127,45,48,1969,262,-7.899999999999991,,,98115,53033002200
19,53033002400,962528,0,Census Tract 24,Washington,King County,1363,242,988,225,24,33,24,22,97,60,843,225,375,97,0,13,0,13,40,40,335,100,72.5,10.3375922119499,27.5,5.17538456717908,78.4,15.7535726126616,21.6,21.663040501458,71.6,11.8948711008701,28.4,6.06586280259102,185,84,145,72,40,44,1178,246,-6.800000000000011,,,98115,53033002400
20,53033002500,984334,0,Census Tract 25,Washington,King County,1299,129,873,144,10,16,34,26,85,63,744,127,426,75,0,13,29,30,68,51,329,83,67.2,8.85127371036428,32.8,4.76749779464075,57.1,20.1901904683868,42.9,20.4102655633606,69.3,6.60386060403914,30.7,6.40071778177232,226,93,129,70,97,61,1073,152,12.199999999999996,,,98115,53033002500
21,53033002600,1216627,28175,Census Tract 26,Washington,King County,1874,202,1178,148,0,18,17,26,129,69,1032,165,696,177,0,18,17,27,97,66,582,163,62.9,4.0571431715336,37.1,8.55465231339056,56.2,18.1748709477096,43.8,22.1476207241967,63.9,4.47627863545842,36.1,8.66753607957975,260,106,146,76,114,74,1614,232,7.699999999999996,,,98115,53033002600
22,53033002700,1584847,0,Census Tract 27,Washington,King County,2376,224,1642,226,29,32,26,34,184,84,1403,218,734,218,0,18,0,18,244,138,490,167,69.1,6.93008706482734,30.9,8.70057979112797,49.5,9.5772460444069,50.5,22.8913236346223,74.1,4.08601557572251,25.9,7.98041792379803,483,170,239,96,244,140,1893,275,24.599999999999994,,,98103,53033002700
23,53033002800,988287,0,Census Tract 28,Washington,King County,2226,288,1281,227,13,21,95,134,265,136,908,175,945,241,0,13,132,102,256,201,557,164,57.5,6.96832378899503,42.5,9.32990113395997,49.0,16.5253147102678,51.0,22.1059161561578,62.0,6.29253198349632,38.0,9.30172660027452,761,296,373,192,388,226,1465,240,13.0,,,98103,53033002800
24,53033002900,986209,0,Census Tract 29,Washington,King County,2095,268,1454,284,0,13,46,44,301,199,1107,217,641,116,0,13,19,22,191,97,431,106,69.4,10.244157931563,30.6,3.91645441825771,62.3,26.288457689139,37.7,9.17341285267313,72.0,8.41472960500353,28.0,5.29695628342714,557,228,347,204,210,100,1538,242,9.700000000000005,,,98117,53033002900
25,53033003000,1493249,0,Census Tract 30,Washington,King County,2641,249,1798,219,0,18,94,69,280,110,1424,252,843,194,34,52,15,23,216,165,578,164,68.1,5.24993103423758,31.9,6.70092752134581,58.5,4.64500734947534,41.5,23.4489144212329,71.1,6.63905284440698,28.9,6.94719282952662,639,218,374,131,265,175,2002,301,12.599999999999994,,,98117,53033003000
26,53033003100,2236733,472744,Census Tract 31,Washington,King County,2697,247,2063,252,0,18,96,69,380,126,1587,237,634,147,0,18,156,109,105,67,373,146,76.5,6.18296693664218,23.5,5.00729149081688,64.6,9.90188241299269,35.4,14.8145127232044,81.0,3.78421738405295,19.0,6.94272287518545,737,194,476,145,261,129,1960,278,16.400000000000006,,,98117,53033003100
27,53033003400,787161,0,Census Tract 34,Washington,King County,1524,136,1090,144,0,13,26,38,124,67,940,152,434,117,18,20,51,49,77,54,288,93,71.5,6.96728068847908,28.5,7.24434813362478,50.7,18.6054218967952,49.3,18.1475361604674,76.5,5.48622347047381,23.5,6.76742800901502,296,109,150,78,146,76,1228,178,25.8,,,98107,53033003400
28,53033003500,1284745,0,Census Tract 35,Washington,King County,1853,166,1007,127,0,13,34,25,99,47,874,128,846,165,12,18,34,26,194,69,606,165,54.3,4.82416094919798,45.7,7.9095713304933,35.7,11.6909206443825,64.3,12.3378536764402,59.1,2.29209440887269,40.9,9.5319549372203,373,94,133,55,240,76,1480,209,23.4,,,98103,53033003500
29,53033003800,624606,0,Census Tract 38,Washington,King County,941,111,554,97,0,13,6,9,44,27,504,96,387,94,0,13,0,13,82,47,305,80,58.9,7.61772752639339,41.1,8.73228685238859,37.9,16.2754572962673,62.1,25.7649993435298,62.3,6.93937990764343,37.7,7.99087883157268,132,59,50,31,82,50,809,125,24.4,,,98115,53033003800
30,53033003900,973808,0,Census Tract 39,Washington,King County,1142,142,856,147,0,13,18,18,52,27,786,154,286,71,12,18,27,30,53,36,194,55,75.0,8.87830815047736,25.0,5.38107416190168,43.2,14.2143557630422,56.8,22.2559204948229,80.2,8.17258671030619,19.8,4.53020302708781,162,61,70,35,92,50,980,164,37.0,,,98115,53033003900
31,53033004000,2574586,3232248,Census Tract 40,Washington,King County,1389,143,1008,145,0,13,17,20,166,102,825,150,381,86,28,30,38,37,48,48,267,77,72.6,7.29087735761263,27.4,5.50999585034589,61.6,24.0284432061879,38.4,16.2244114856197,75.5,7.2095729038087,24.5,5.94994282330183,297,125,183,105,114,68,1092,169,13.9,,,98115,53033004000
32,53033004301,979236,0,Census Tract 43.01,Washington,King County,1340,101,704,76,0,13,36,38,92,55,576,60,636,102,6,11,36,36,202,72,392,100,52.5,4.06038137296666,47.5,6.71891080636859,34.4,15.4276524848199,65.6,11.1713286373477,59.5,9.49453869540709,40.5,9.09743375993686,372,106,128,68,244,81,968,117,25.1,,,98105,53033004301
33,53033004302,331137,0,Census Tract 43.02,Washington,King County,1479,180,75,58,0,13,0,13,0,13,75,58,1404,175,21,26,79,44,564,141,740,135,5.1,3.87270120818677,94.9,2.55475000217297,0.0,3.46385542168675,100.0,32.1612847429758,9.2,6.92029308500796,90.8,2.48483799570944,664,152,0,23,664,150,815,147,9.2,,,98105,53033004302
34,53033004500,670997,0,Census Tract 45,Washington,King County,1005,122,589,103,12,15,38,32,50,34,489,106,416,101,8,14,8,12,96,61,304,97,58.6,7.37707366546419,41.4,8.70336845963002,47.2,14.7439105336183,52.8,22.6697030882249,61.7,7.29995771016978,38.3,10.0579824808754,212,80,100,49,112,64,793,144,14.5,,,98105,53033004500
35,53033004600,1552358,1033232,Census Tract 46,Washington,King County,1363,155,875,122,22,35,26,22,69,40,758,119,488,139,17,28,8,12,69,40,394,136,64.2,5.17894041316044,35.8,9.35005707594451,55.5,18.886340107316,44.5,17.4369460035113,65.8,14.6144918696181,34.2,10.5116585838469,211,76,117,58,94,50,1152,181,10.299999999999995,,,98103,53033004600
36,53033004800,1278329,26886,Census Tract 48,Washington,King County,2340,419,1258,199,15,25,41,36,168,97,1034,189,1082,405,0,18,32,38,175,100,875,398,53.8,12.8448369974089,46.2,15.1988279021763,52.0,16.3985863864793,48.0,18.4664930786151,54.2,15.9556975616113,45.8,17.959624309786,431,152,224,106,207,108,1909,441,2.200000000000003,,,98107,53033004800
37,53033005000,757380,0,Census Tract 50,Washington,King County,2328,313,492,131,0,13,0,13,32,38,460,135,1836,324,66,65,174,170,385,193,1211,313,21.1,4.8570386924174,78.9,9.01456422330005,4.9,6.07368523567582,95.1,10.4804249297756,27.5,5.80615958150618,72.5,11.4952235487039,657,269,32,42,625,265,1671,341,22.6,,,98103,53033005000
38,53033005100,881731,0,Census Tract 51,Washington,King County,1604,132,1015,119,6,10,31,34,80,68,898,114,589,86,10,16,80,56,103,51,396,82,63.3,5.28417979122467,36.7,4.42886158580452,37.7,20.9965225951875,62.3,11.7369950425112,69.4,4.60881001990451,30.6,5.40317608588391,310,109,117,77,193,77,1294,140,31.700000000000003,,,98103,53033005100
39,53033005600,3022785,1546484,Census Tract 56,Washington,King County,2774,217,2482,209,0,18,72,68,445,160,1965,268,292,136,0,18,56,89,77,69,159,79,89.5,2.78855285912791,10.5,4.83302219951183,79.5,8.41356597107954,20.5,16.2576792385934,92.5,3.39536879290354,7.5,3.5870614669007,650,209,517,175,133,114,2124,279,13.0,,,98199,53033005600
40,53033005700,5085640,2365806,Census Tract 57,Washington,King County,2989,501,2088,437,40,47,136,82,310,134,1602,456,901,269,0,18,11,17,212,117,678,251,69.9,8.75522115254291,30.1,7.44753037437331,68.5,12.2416058745318,31.5,14.3305521802322,70.3,11.9253074866495,29.7,8.66136695905899,709,203,486,164,223,120,2280,521,1.7999999999999972,,,98199,53033005700
41,53033005801,1822365,260223,Census Tract 58.01,Washington,King County,3153,374,1005,166,0,18,12,19,162,134,831,138,2148,334,13,22,99,87,373,126,1663,359,31.9,3.66381769390787,68.1,6.84931126795904,26.4,19.0804350718021,73.6,4.89331006198633,33.3,2.03969655370722,66.7,10.0622212629105,659,206,174,137,485,155,2494,385,6.899999999999999,,,98199,53033005801
42,53033006000,1340653,160754,Census Tract 60,Washington,King County,3076,470,1221,197,51,57,9,17,118,71,1043,194,1855,480,43,66,123,124,627,403,1062,273,39.7,2.0568627304562,60.3,12.5936536963347,18.3,4.864982843313,81.7,24.1432628794623,49.5,4.77049107536257,50.5,10.1848993097057,971,437,178,93,793,427,2105,335,31.2,,,98109,53033006000
43,53033006100,1227451,652743,Census Tract 61,Washington,King County,3065,259,1409,241,0,18,88,71,107,83,1214,248,1656,247,15,25,71,50,220,131,1350,241,46.0,6.83636757548876,54.0,6.64065236809294,38.9,17.1849369423886,61.1,17.9387380325365,47.3,7.26160358411233,52.7,6.15345257567384,501,180,195,111,306,142,2564,346,8.399999999999999,,,98102,53033006100
44,53033006200,2437426,239356,Census Tract 62,Washington,King County,1632,147,1483,149,30,49,54,48,164,108,1235,150,149,51,0,13,0,13,17,19,132,52,90.9,4.04487838795874,9.1,3.01485404795161,93.6,13.8864092891095,6.4,9.28467993678105,90.3,3.15969149227141,9.7,3.63436285002323,265,131,248,128,17,26,1367,159,-3.299999999999997,,,98112,53033006200
45,53033006300,2610569,3533560,Census Tract 63,Washington,King County,2648,378,1604,340,14,21,0,18,140,79,1450,331,1044,236,0,18,34,53,145,90,865,226,60.6,9.4917699995839,39.4,6.91056617622051,46.2,16.8762126245738,53.8,23.2028346772969,62.6,9.31248633847538,37.4,7.30850097312749,333,135,154,84,179,106,2315,401,16.4,,,98112,53033006300
46,53033006400,903649,0,Census Tract 64,Washington,King County,1460,231,1186,232,9,13,38,32,44,30,1095,232,274,80,0,13,5,9,73,55,196,65,81.2,9.34429557165962,18.8,4.60516455263276,53.8,14.1382397663561,46.2,27.2049642713967,84.8,8.49938110123417,15.2,4.16142490534848,169,73,91,46,78,57,1291,241,31.0,,,98112,53033006400
47,53033006500,1147619,0,Census Tract 65,Washington,King County,2665,352,1099,217,33,49,0,13,88,58,978,222,1566,358,23,27,10,18,251,127,1282,352,41.2,6.05256246878284,58.8,10.9643428725632,29.9,15.353813999275,70.1,18.8044946686668,43.3,5.74818673483419,56.7,11.5568939921727,405,152,121,77,284,131,2260,416,13.4,,,98102,53033006500
48,53033006600,1117109,831139,Census Tract 66,Washington,King County,2351,208,469,130,0,13,14,21,16,26,439,126,1882,231,0,13,32,36,240,136,1610,242,19.9,5.24032704233667,80.1,6.81049061755904,9.9,10.9103521390176,90.1,16.8504362321916,21.4,5.44662563291817,78.6,5.46731562134139,302,146,30,36,272,141,2049,273,11.499999999999998,,,98102,53033006600
49,53033006800,718106,0,Census Tract 68,Washington,King County,1537,186,631,114,7,11,11,16,75,52,538,121,906,167,8,13,16,18,179,133,703,106,41.1,5.5072747107919,58.9,8.1957654179492,31.4,10.8518768689579,68.6,30.5912261840468,43.4,7.9645617822272,56.6,4.35282264151967,296,146,93,56,203,135,1241,161,12.0,,,98109,53033006800
50,53033006900,905121,0,Census Tract 69,Washington,King County,2142,191,1239,204,13,22,72,52,183,107,971,193,903,161,0,13,81,67,247,118,575,160,57.8,8.00624098740831,42.2,6.50881267868118,45.0,14.95397628615,55.0,15.4360221115504,62.8,7.20183586373788,37.2,8.40508052570314,596,182,268,121,328,136,1546,251,17.799999999999997,,,98119,53033006900
51,53033007600,571882,0,Census Tract 76,Washington,King County,2219,191,862,206,0,13,40,58,26,29,796,196,1357,175,69,70,165,93,108,73,1015,214,38.8,8.66039170703834,61.2,5.87267996357853,16.2,15.0119671543474,83.8,12.3409776493944,44.0,8.22148342690106,56.0,7.68673650326713,408,152,66,66,342,137,1811,290,27.8,,,98112,53033007600
52,53033007700,1058322,0,Census Tract 77,Washington,King County,2537,201,1465,229,0,18,29,33,180,114,1256,233,1072,231,24,38,173,135,266,142,609,176,57.7,7.78108463358791,42.3,8.46747718369321,31.1,14.2334669157237,68.9,17.7506511054675,67.3,6.70087493801206,32.7,7.93209686415562,672,233,209,120,463,200,1865,292,36.2,,,98112,53033007700
53,53033007800,2097740,3632914,Census Tract 78,Washington,King County,2231,145,1765,212,58,74,109,100,105,75,1493,219,466,156,37,47,11,17,32,36,386,151,79.1,7.99117855275681,20.9,6.85933279560806,77.3,22.2223926784855,22.7,14.3586447733222,79.5,3.05243455706377,20.5,7.49153255655788,352,158,272,145,80,62,1879,266,2.200000000000003,,,98122,53033007800
54,53033008002,234314,0,Census Tract 80.02,Washington,King County,2744,415,519,109,0,13,26,42,108,85,385,92,2225,396,68,54,352,206,385,120,1420,384,18.9,2.75618091583283,81.1,7.60772790541237,14.3,9.40995230487878,85.7,9.93326410469301,21.3,2.04730500644189,78.7,12.4981690727952,939,263,134,96,805,244,1805,395,7.0,,,98121,53033008002
55,53033008200,375785,0,Census Tract 82,Washington,King County,2856,278,415,152,0,13,0,13,73,85,342,126,2441,267,0,13,140,132,633,186,1668,253,14.5,5.13073962517772,85.5,4.2644093148943,8.6,9.9780071546884,91.4,5.64319936345716,17.0,5.79284005142739,83.0,4.68178212221425,846,244,73,87,773,228,2010,283,8.4,,,98101,53033008200
56,53033008300,237955,0,Census Tract 83,Washington,King County,2055,260,406,107,0,13,11,18,39,47,356,110,1649,236,197,110,137,82,326,147,989,209,19.8,4.56757570643863,80.2,5.36791424465843,7.0,7.0273636911173,93.0,7.73489598018956,26.5,6.73183614375946,73.5,8.6599555159269,710,208,50,52,660,201,1345,236,19.5,,,98101,53033008300
57,53033008500,450978,0,Census Tract 85,Washington,King County,1920,186,196,88,23,37,0,13,22,25,151,79,1724,182,81,48,326,114,356,116,961,169,10.2,4.47537231601387,89.8,3.76689799675874,5.6,5.68892604316866,94.4,4.42477447406703,13.6,6.72731373711187,86.4,4.44591520207425,808,176,45,47,763,170,1112,187,8.0,,,98104,53033008500
58,53033008600,711350,0,Census Tract 86,Washington,King County,2931,330,452,149,0,18,0,18,62,73,390,137,2479,347,96,100,199,118,873,251,1311,273,15.4,4.77788630759714,84.6,7.03418486598608,5.0,6.13411300425042,95.0,4.55703255877563,22.9,6.92584495189037,77.1,8.16104903510629,1230,305,62,77,1168,295,1701,305,17.9,,,98122,53033008600
59,53033008700,732385,0,Census Tract 87,Washington,King County,1841,202,867,112,7,11,24,24,115,65,721,113,974,190,77,60,122,79,329,177,446,111,47.1,3.21090439591781,52.9,8.53312133166756,21.7,7.75353315831054,78.3,16.8129400592242,61.8,4.87762069511483,38.2,7.98102228837296,674,215,146,70,528,203,1167,158,40.1,,,98122,53033008700
60,53033008800,948581,0,Census Tract 88,Washington,King County,1650,155,962,136,0,13,105,73,123,69,734,135,688,138,63,91,63,61,129,76,433,107,58.3,6.15959101763408,41.7,7.38969672867721,47.2,13.0721508944455,52.8,20.6162286729136,62.9,6.92006991659659,37.1,7.35946201784214,483,167,228,101,255,133,1167,172,15.699999999999996,,,98122,53033008800
61,53033008900,1270033,1798066,Census Tract 89,Washington,King County,2543,306,1772,337,74,74,161,144,228,105,1309,324,771,185,98,89,66,74,128,112,479,147,69.7,10.2621846734542,30.3,6.29397567553356,61.3,15.4213640454152,38.7,17.0121857288094,73.2,10.765124503058,26.8,6.25631291969117,755,251,463,193,292,161,1788,356,11.900000000000006,,,98144,53033008900
62,53033009000,855872,0,Census Tract 90,Washington,King County,2080,178,463,95,8,13,71,60,74,43,310,89,1617,202,117,62,238,103,387,123,875,183,22.3,4.15109862070299,77.7,7.07491758160147,17.1,7.57152366477582,82.9,8.12745111905715,26.2,6.0269989249207,73.8,8.8590050272229,895,188,153,75,742,172,1185,203,9.099999999999998,,,98144,53033009000
63,53033009100,410621,0,Census Tract 91,Washington,King County,1773,251,89,57,0,13,0,13,0,13,89,57,1684,253,565,206,213,111,261,107,645,174,5.0,3.13536544923565,95.0,4.77725866382819,0.0,2.21366698748797,100.0,35.049150993442,12.1,7.15308381921804,87.9,9.05348188784946,1039,258,0,23,1039,257,734,183,12.1,,,98104,53033009100
64,53033009200,338451,154864,Census Tract 92,Washington,King County,1891,308,108,43,0,13,0,13,12,16,96,46,1783,301,352,207,318,101,458,154,655,227,5.7,2.07495098653111,94.3,4.18518570337903,1.1,2.08955520761809,98.9,2.8606018416834,12.8,4.68226680117945,87.2,13.7002305358605,1140,278,12,24,1128,277,751,232,11.7,,,98104,53033009200
65,53033009300,9444110,639051,Census Tract 93,Washington,King County,1558,204,576,101,10,13,30,28,118,58,418,88,982,179,29,24,112,104,192,71,649,187,37.0,4.31179795982145,63.0,7.99304359398499,32.2,9.57182871067922,67.8,16.8516227332473,39.2,3.20294625586172,60.8,12.9580104740767,491,144,158,66,333,128,1067,207,7.0,,,98134,53033009300
66,53033009400,1686311,0,Census Tract 94,Washington,King County,3103,383,1287,211,160,74,208,123,213,106,706,195,1816,388,199,95,97,88,351,164,1169,382,41.5,4.47555912783928,58.5,10.206417510696,47.3,9.89184262233197,52.7,12.2658736391027,37.7,5.82583475962883,62.3,14.5459562966578,1228,275,581,178,647,209,1875,429,-9.599999999999994,,,98144,53033009400
67,53033009500,2597717,2916270,Census Tract 95,Washington,King County,2876,259,1652,218,18,30,36,38,157,101,1441,228,1224,257,78,66,228,128,476,213,442,180,57.4,5.54051759235631,42.6,8.07236022997647,21.2,9.55592165685556,78.8,13.2942702937246,76.5,2.77584374618755,23.5,8.84927488986126,993,280,211,112,782,257,1883,290,55.3,,,98144,53033009500
68,53033009600,1906922,1385222,Census Tract 96,Washington,King County,2847,376,1759,207,20,33,82,66,293,115,1364,192,1088,380,67,86,56,51,297,145,668,360,61.8,10.9291719673328,38.2,12.3563519015449,48.5,10.3299232921682,51.5,16.3560340367326,67.1,16.4601963260404,32.9,16.441001886122,815,223,395,137,420,176,2032,408,18.599999999999994,,,98116,53033009600
69,53033009701,1861358,1607123,Census Tract 97.01,Washington,King County,2791,249,1625,186,16,25,135,89,239,89,1235,178,1166,240,76,99,40,39,409,167,641,234,58.2,4.17505717821882,41.8,7.74933831034815,42.6,8.65089208605115,57.4,15.787783217361,65.8,14.0166134996442,34.2,11.2654776409673,915,236,390,128,525,198,1876,294,23.2,,,98116,53033009701
70,53033009702,2220441,0,Census Tract 97.02,Washington,King County,2215,226,1745,209,0,18,69,55,376,158,1300,202,470,140,0,18,32,35,145,80,293,117,78.8,4.94164402394198,21.2,5.93818178911949,71.5,15.8719718396669,28.5,11.3656644453479,81.6,4.28025188850406,18.4,6.83419396223873,622,190,445,168,177,89,1593,233,10.099999999999994,,,98116,53033009702
71,53033009900,6565170,2370735,Census Tract 99,Washington,King County,2981,359,1546,303,8,13,206,167,537,251,795,189,1435,230,13,28,158,105,520,169,744,192,51.9,8.01909854934057,48.1,5.09129304350774,52.1,16.3319385757739,47.9,6.98425411460757,51.7,8.32417263226504,48.3,9.17833337190655,1442,363,751,302,691,201,1539,269,-0.3999999999999986,,,98126,53033009900
72,53033010001,2327512,0,Census Tract 100.01,Washington,King County,1627,175,671,132,53,40,28,24,200,100,390,97,956,155,293,113,204,104,232,122,227,79,41.2,6.79298972823686,58.8,7.1285071339131,27.8,8.95553391382971,72.2,10.864918338105,63.2,9.11978312747648,36.8,10.4107434423103,1010,225,281,110,729,196,617,125,35.400000000000006,,,98108,53033010001
73,53033010002,948077,0,Census Tract 100.02,Washington,King County,1975,178,990,112,70,37,78,43,206,79,636,98,985,181,149,101,135,87,207,122,494,139,50.1,3.42768090513877,49.9,7.9865381949056,41.9,5.33640033254074,58.1,16.1276291207199,56.3,1.87532678287961,43.7,10.3950279617502,845,205,354,97,491,181,1130,170,14.4,,,98144,53033010002
74,53033010200,2795533,2076618,Census Tract 102,Washington,King County,1935,153,1636,160,41,37,90,51,236,98,1269,161,299,75,0,18,20,23,51,54,228,85,84.5,4.86625034640406,15.5,3.67836057797519,83.8,8.71187514104557,16.2,13.0420208764088,84.8,3.07463311900481,15.2,5.36761355036258,438,132,367,117,71,61,1497,182,1.0,,,98118,53033010200
75,53033010401,1629874,0,Census Tract 104.01,Washington,King County,1388,141,965,147,83,50,145,74,272,93,465,123,423,129,134,72,58,55,174,91,57,42,69.5,7.89199591706162,30.5,8.76317045453238,57.7,8.64048406474687,42.3,11.8141472419949,89.1,7.94105820583062,10.9,7.57248108487238,866,182,500,129,366,128,522,130,31.39999999999999,,,98108,53033010401
76,53033010402,1742875,0,Census Tract 104.02,Washington,King County,1591,147,1171,177,161,71,171,120,356,85,483,134,420,122,106,75,32,40,129,79,153,59,73.6,8.80466116441166,26.4,7.26987965771947,72.0,7.98072520273925,28.0,10.6422548424626,75.9,11.8313941669395,24.1,7.45389168826449,955,200,688,163,267,116,636,146,3.9000000000000057,,,98108,53033010402
77,53033010701,1457384,3664,Census Tract 107.01,Washington,King County,1784,208,963,167,7,14,114,106,267,120,575,93,821,177,76,61,359,138,203,102,183,68,54.0,6.92954002890772,46.0,8.34548904137004,37.8,12.8848123292827,62.2,9.8874804257244,75.9,4.25214594408184,24.1,8.18916827824804,1026,243,388,161,638,182,758,115,38.10000000000001,,,98106,53033010701
78,53033010702,780116,0,Census Tract 107.02,Washington,King County,1815,253,880,209,0,13,0,13,151,100,729,192,935,191,201,82,267,156,320,148,147,72,48.5,9.32316860551402,51.5,7.69265626126764,16.1,9.96853382777029,83.9,9.63063476384888,83.2,10.0559526592899,16.8,7.22034704656951,939,252,151,102,788,230,876,205,67.1,,,98126,53033010702
79,53033010800,4140525,322633,Census Tract 108,Washington,King County,1839,199,1383,162,54,35,120,86,305,89,904,162,456,152,18,18,26,27,213,143,199,76,75.2,3.37277601798164,24.8,7.81771023836564,65.1,3.14300694463923,34.9,17.7009476647865,82.0,6.22968876685845,18.0,6.23728066694689,736,195,479,129,257,147,1103,179,16.900000000000006,,,98106,53033010800
80,53033010900,5389781,414929,Census Tract 109,Washington,King County,625,107,362,100,7,11,6,9,81,37,268,97,263,61,2,5,71,37,103,43,87,34,57.9,12.5568645713324,42.1,6.58472480995098,34.8,11.8456745447116,65.2,12.9682502771209,75.5,16.3349508090816,24.5,6.41628456132701,270,69,94,40,176,57,355,103,40.7,,,98108,53033010900
81,53033011001,1080391,0,Census Tract 110.01,Washington,King County,1826,252,836,226,105,70,157,140,144,72,430,159,990,201,508,190,85,59,239,97,158,70,45.8,10.6425015824403,54.2,8.07367075589804,32.8,11.7477804927633,67.2,9.36137112480598,73.1,16.2143038585727,26.9,8.85981043541452,1238,280,406,172,832,221,588,174,40.3,,,98118,53033011001
82,53033011002,1719569,0,Census Tract 110.02,Washington,King County,1296,94,809,119,105,53,324,92,182,80,198,77,487,111,191,87,170,109,108,69,18,18,62.4,7.9882372579123,37.6,8.11958626830704,56.6,6.02803367105867,43.4,11.8615697622143,91.7,12.115364711406,8.3,7.75597310394102,1080,205,611,133,469,156,216,79,35.1,,,98108,53033011002
83,53033011101,1136851,0,Census Tract 111.01,Washington,King County,2153,191,948,172,62,55,148,86,362,100,376,134,1205,205,179,130,167,97,341,157,518,150,44.0,6.96874654528977,56.0,8.12453763091449,45.4,6.01449893772978,54.6,13.7227330417973,42.1,11.6296191536944,57.9,10.5740789670686,1259,267,572,143,687,226,894,201,-3.299999999999997,,,98118,53033011101
84,53033011102,1303226,1143440,Census Tract 111.02,Washington,King County,1892,278,1115,264,0,18,32,18,216,110,867,238,777,162,13,20,316,149,169,93,279,102,58.9,10.9415822146318,41.1,6.07469573051021,33.2,11.9108784368457,66.8,14.4849161954138,75.7,11.788035180773,24.3,6.99609487603582,746,210,248,113,498,177,1146,259,42.5,,,98118,53033011102
85,53033011200,2483779,139646,Census Tract 112,Washington,King County,1451,169,575,131,32,29,85,54,79,47,379,116,876,172,275,132,265,123,219,90,117,59,39.6,7.75928333331902,60.4,9.54311190885382,20.5,6.59251264403158,79.5,11.1476366463519,76.4,12.0776425694534,23.6,10.1622463208461,955,216,196,77,759,202,496,130,55.900000000000006,,,98108,53033011200
86,53033011300,3419308,42220,Census Tract 113,Washington,King County,2811,336,1518,276,88,57,82,54,454,248,894,150,1293,271,104,72,210,107,637,236,342,136,54.0,7.39855471018016,46.0,7.91918279229972,39.6,13.5647489460714,60.4,9.28031087624865,72.3,2.7470039937765,27.7,10.0310410444988,1575,374,624,260,951,269,1236,202,32.7,,,98106,53033011300
87,53033011401,1233155,0,Census Tract 114.01,Washington,King County,1841,167,952,156,75,59,74,62,399,146,404,94,889,112,70,68,119,72,263,77,437,111,51.7,7.05686501099173,48.3,4.22174972518531,54.8,12.3252446693768,45.2,8.08033515146494,48.0,7.5053720184689,52.0,9.69223522913495,1000,211,548,169,452,125,841,145,-6.799999999999997,,,98106,53033011401
88,53033011402,1186191,0,Census Tract 114.02,Washington,King County,1918,184,946,166,13,25,121,89,231,98,581,149,972,197,157,89,321,141,288,122,206,118,49.3,7.24692932021816,50.7,9.04764225953794,32.3,9.63338942077116,67.7,10.7796428706553,73.8,6.38646293678029,26.2,13.5968912766907,1131,247,365,135,766,207,787,190,41.5,,,98106,53033011402
89,53033011500,1538373,0,Census Tract 115,Washington,King County,1979,247,1436,210,24,25,92,46,404,118,916,200,543,168,11,17,58,38,247,126,227,132,72.6,5.53012313092002,27.4,7.76774067518168,62.2,6.97429732134735,37.8,13.5326380603351,80.1,4.79746443913193,19.9,10.7693810539722,836,185,520,129,316,133,1143,240,17.89999999999999,,,98126,53033011500
90,53033011700,3515808,0,Census Tract 117,Washington,King County,1595,186,1055,169,216,126,260,92,233,87,346,104,540,172,191,142,139,75,143,72,67,48,66.1,7.26436086850214,33.9,10.0349825043732,60.0,8.19090332518021,40.0,12.2271089249405,83.8,9.48295820816468,16.2,10.708496703444,1182,251,709,179,473,176,413,115,23.8,,,98118,53033011700
91,53033012000,1437048,0,Census Tract 120,Washington,King County,1499,165,1175,155,38,31,66,40,315,145,756,96,324,115,9,13,52,75,132,58,131,71,78.4,5.69868615752471,21.6,7.29354311210855,68.5,14.9399042856689,31.5,12.6122900105597,85.2,15.7444500410316,14.8,7.75540123629285,612,181,419,154,193,96,887,119,16.700000000000003,,,98146,53033012000
92,53033012100,1739952,1380849,Census Tract 121,Washington,King County,1162,138,1026,132,0,13,41,30,222,58,763,140,136,57,0,13,0,13,82,44,54,45,88.3,4.36863259978068,11.7,4.70428509454244,76.2,6.98954589572702,23.8,12.7145169525319,93.4,3.3589840736498,6.6,5.3780389805085,345,82,263,67,82,48,817,147,17.200000000000003,,,98146,53033012100
