Geographic Identifier - FIPS Code,Area of Land (Square Meters),Area of Water (Square Meters),Name,State,County,Total Population 25 Years and Over,Total Population 25 Years and Over - Margin of Error,Male Population 25 Years and Over,Male Population 25 Years and Over - Margin of Error,Males 25 Years and Over with No Schooling Completed,Males 25 Years and Over with No Schooling Completed - Margin of Error,Males 25 Years and Over whose Highest Education Completed is Nursery to 4th Grade,Males 25 Years and Over whose Highest Education Completed is Nursery to 4th Grade - Margin of Error,Males 25 Years and Over whose Highest Education Completed is 5th to 6th Grade,Males 25 Years and Over whose Highest Education Completed is 5th to 6th Grade - Margin of Error,Males 25 Years and Over whose Highest Education Completed is 7th to 8th grade,Males 25 Years and Over whose Highest Education Completed is 7th to 8th grade - Margin of Error,Males 25 Years and Over whose Highest Education Completed is 9th Grade,Males 25 Years and Over whose Highest Education Completed is 9th Grade - Margin of Error,Males 25 Years and Over whose Highest Education Completed is 10th Grade,Males 25 Years and Over whose Highest Education Completed is 10th Grade - Margin of Error,Males 25 Years and Over whose Highest Education Completed is 11th Grade,Males 25 Years and Over whose Highest Education Completed is 11th Grade - Margin of Error,"Males 25 Years and Over whose Highest Education Completed is 12th Grade, No Diploma","Males 25 Years and Over whose Highest Education Completed is 12th Grade, No Diploma - Margin of Error",Males 25 Years and Over whose Highest Education Completed is High School (includes equivalency),Males 25 Years and Over whose Highest Education Completed is High School (includes equivalency) - Margin of Error,"Males 25 Years and Over whose Highest Education Completed is Some College, less than 1 year","Males 25 Years and Over whose Highest Education Completed is Some College, less than 1 year - Margin of Error","Males 25 Years and Over whose Highest Education Completed is Some College, 1 or more years, no degree","Males 25 Years and Over whose Highest Education Completed is Some College, 1 or more years, no degree - Margin of Error",Males 25 Years and Over whose Highest Education Completed is Associate's Degree,Males 25 Years and Over whose Highest Education Completed is Associate's Degree - Margin of Error,Males 25 Years and Over whose Highest Education Completed is Bachelor's Degree,Males 25 Years and Over whose Highest Education Completed is Bachelor's Degree - Margin of Error,Males 25 Years and Over whose Highest Education Completed is Master's Degree,Males 25 Years and Over whose Highest Education Completed is Master's Degree - Margin of Error,Males 25 Years and Over whose Highest Education Completed is Professional School Degree (beyond Bachelor's),Males 25 Years and Over whose Highest Education Completed is Professional School Degree (beyond Bachelor's) - Margin of Error,Males 25 Years and Over whose Highest Education Completed is Doctorate Degree,Males 25 Years and Over whose Highest Education Completed is Doctorate Degree - Margin of Error,Female Population 25 Years and Over,Female Population 25 Years and Over - Margin of Error,Females 25 Years and Over with No Schooling Completed,Females 25 Years and Over with No Schooling Completed - Margin of Error,Females 25 Years and Over whose Highest Education Completed is Nursery to 4th Grade,Females 25 Years and Over whose Highest Education Completed is Nursery to 4th Grade - Margin of Error,Females 25 Years and Over whose Highest Education Completed is 5th to 6th Grade,Females 25 Years and Over whose Highest Education Completed is 5th to 6th Grade - Margin of Error,Females 25 Years and Over whose Highest Education Completed is 7th to 8th grade,Females 25 Years and Over whose Highest Education Completed is 7th to 8th grade - Margin of Error,Females 25 Years and Over whose Highest Education Completed is 9th Grade,Females 25 Years and Over whose Highest Education Completed is 9th Grade - Margin of Error,Females 25 Years and Over whose Highest Education Completed is 10th Grade,Females 25 Years and Over whose Highest Education Completed is 10th Grade - Margin of Error,Females 25 Years and Over whose Highest Education Completed is 11th Grade,Females 25 Years and Over whose Highest Education Completed is 11th Grade - Margin of Error,"Females 25 Years and Over whose Highest Education Completed is 12th Grade, No Diploma","Females 25 Years and Over whose Highest Education Completed is 12th Grade, No Diploma - Margin of Error",Females 25 Years and Over whose Highest Education Completed is High School (includes equivalency),Females 25 Years and Over whose Highest Education Completed is High School (includes equivalency) - Margin of Error,"Females 25 Years and Over whose Highest Education Completed is Some College, less than 1 year","Females 25 Years and Over whose Highest Education Completed is Some College, less than 1 year - Margin of Error","Females 25 Years and Over whose Highest Education Completed is Some College, 1 or more years, no degree","Females 25 Years and Over whose Highest Education Completed is Some College, 1 or more years, no degree - Margin of Error",Females 25 Years and Over whose Highest Education Completed is Associate's Degree,Females 25 Years and Over whose Highest Education Completed is Associate's Degree - Margin of Error,Females 25 Years and Over whose Highest Education Completed is Bachelor's Degree,Females 25 Years and Over whose Highest Education Completed is Bachelor's Degree - Margin of Error,Females 25 Years and Over whose Highest Education Completed is Master's Degree,Females 25 Years and Over whose Highest Education Completed is Master's Degree - Margin of Error,Females 25 Years and Over whose Highest Education Completed is Professional School Degree (beyond Bachelor's),Females 25 Years and Over whose Highest Education Completed is Professional School Degree (beyond Bachelor's) - Margin of Error,Females 25 Years and Over whose Highest Education Completed is Doctorate Degree,Females 25 Years and Over whose Highest Education Completed is Doctorate Degree - Margin of Error,Population 25 Years and Over whose Highest Education Completed is Less Than High School,Population 25 Years and Over whose Highest Education Completed is Less Than High School - Margin of Error,Percent of Population 25 Years and Over whose Highest Education Completed is Less Than High School,Percent of Population 25 Years and Over whose Highest Education Completed is Less Than High School - Margin of Error,Population 25 Years and Over whose Highest Education Completed is High School (includes equivalency),Population 25 Years and Over whose Highest Education Completed is High School (includes equivalency) - Margin of Error,Percent of Population 25 Years and Over whose Highest Education Completed is High School (includes equivalency),Percent of Population 25 Years and Over whose Highest Education Completed is High School (includes equivalency) - Margin of Error,Population 25 Years and Over whose Highest Education Completed is Some College,Population 25 Years and Over whose Highest Education Completed is Some College - Margin of Error,Percent of Population 25 Years and Over whose Highest Education Completed is Some College,Percent of Population 25 Years and Over whose Highest Education Completed is Some College - Margin of Error,Population 25 Years and Over whose Highest Education Completed is Associate's Degree,Population 25 Years and Over whose Highest Education Completed is Associate's Degree - Margin of Error,Percent of Population 25 Years and Over whose Highest Education Completed is Associate's Degree,Percent of Population 25 Years and Over whose Highest Education Completed is Associate's Degree - Margin of Error,Population 25 Years and Over whose Highest Education Completed is Bachelor's Degree or Higher,Population 25 Years and Over whose Highest Education Completed is Bachelor's Degree or Higher - Margin of Error,Percent of Population 25 Years and Over whose Highest Education Completed is Bachelor's Degree or Higher,Percent of Population 25 Years and Over whose Highest Education Completed is Bachelor's Degree or Higher - Margin of Error,Predominant Education Level,Popup Color,Percent of Total whose Highest Education Completed is High School Graduate or Higher,x,y
53033000300,1211013,0,Census Tract 3,Washington,King County,1833,206,888,137,56,55,0,13,11,18,0,13,0,13,0,13,28,44,42,63,117,62,44,29,100,47,73,40,229,86,147,77,34,26,7,12,945,117,14,24,0,13,0,13,0,13,0,13,14,19,20,27,0,13,67,44,35,26,81,59,121,56,388,120,183,68,8,13,14,16,185,112,10.1,6.00399972128495,184,76,10,3.98978209381072,260,85,14.2,4.35459881887141,194,69,10.6,3.57146101958772,1010,183,55.1,7.83111068438532,Bachelor's Degree or Higher,784178,89.90725586470268,,
53033000402,1798938,0,Census Tract 4.02,Washington,King County,4136,627,1754,300,0,18,0,18,2,5,4,9,0,18,0,18,12,17,41,40,386,155,56,59,251,140,83,59,464,172,283,110,61,64,111,133,2382,477,83,81,0,18,0,18,44,70,11,19,0,18,0,18,0,18,262,115,169,112,615,437,92,65,744,193,271,112,52,56,39,38,197,129,4.8,3.03422382807766,648,193,15.7,4.01667521621457,1091,476,26.4,10.7916520405992,175,88,4.2,2.02867242271453,2025,343,49,3.69941834184975,Bachelor's Degree or Higher,784178,95.23694390715667,,
53033000500,2898252,953717,Census Tract 5,Washington,King County,2451,225,1212,147,28,42,0,13,0,13,8,13,0,13,0,13,0,13,0,13,135,77,5,16,108,61,41,50,508,131,200,83,149,62,30,26,1239,121,3,8,0,13,9,18,0,13,0,13,0,13,0,13,12,18,98,46,33,32,154,81,9,15,510,106,245,68,106,53,60,40,60,67,2.4,2.72432543237856,233,90,9.5,3.56676451814048,300,108,12.2,4.26069734096244,50,52,2,2.11330188618155,1808,221,73.8,5.9536691186382,Bachelor's Degree or Higher,784178,97.55201958384333,,
53033000700,1294438,0,Census Tract 7,Washington,King County,3993,642,1928,326,20,24,44,64,0,18,0,18,4,9,0,18,21,25,66,87,315,140,171,130,347,215,144,96,349,146,369,143,0,18,78,54,2065,382,11,17,42,57,2,7,63,79,1,2,0,18,0,18,74,87,233,152,45,36,322,190,130,98,530,188,389,125,62,58,161,91,348,179,8.7,4.25821527231266,548,207,13.7,4.69102007117727,885,317,22.2,7.09417509877318,274,137,6.9,3.24877770695775,1938,328,48.5,2.56537284803486,Bachelor's Degree or Higher,784178,91.2847483095417,,
53033000800,1141931,0,Census Tract 8,Washington,King County,2007,254,982,170,0,13,0,13,0,13,0,13,0,13,0,13,12,19,19,20,105,67,30,28,66,37,78,54,466,136,126,54,47,34,33,28,1025,151,7,12,0,13,0,13,0,13,0,13,0,13,0,13,0,13,72,51,18,18,106,55,66,40,369,101,302,124,32,31,53,35,38,56,1.9,2.77992610835886,177,84,8.8,4.03378651798957,220,74,11,3.4161596694392,144,67,7.2,3.21244917790959,1428,226,71.2,6.76143412570131,Bachelor's Degree or Higher,784178,98.10662680617838,,
53033000900,1004853,1849039,Census Tract 9,Washington,King County,1709,220,821,120,0,13,0,13,3,5,0,13,0,13,0,13,0,13,0,13,47,25,18,19,39,24,33,25,324,90,196,84,89,42,72,26,888,123,0,13,0,13,4,12,0,13,3,4,0,13,0,13,0,13,56,39,18,17,75,47,36,20,315,70,233,77,53,32,95,36,10,49,0.6,2.86618416677396,103,46,6,2.57739169985111,150,59,8.8,3.26218319354377,69,32,4,1.79886077911621,1377,175,80.6,14.5752878098141,Bachelor's Degree or Higher,784178,99.41486249268578,,
53033001000,954203,0,Census Tract 10,Washington,King County,1463,181,770,119,0,13,0,13,0,13,0,13,9,12,0,13,0,13,15,13,55,29,59,39,94,42,50,36,256,62,147,43,48,59,37,23,693,110,3,5,0,13,0,13,0,13,3,6,0,13,4,6,7,10,93,42,24,16,74,38,26,27,234,56,205,87,11,12,9,11,41,47,2.8,3.19381251654671,148,51,10.1,3.25356851019441,251,71,17.2,4.36424983574496,76,45,5.2,3.00797793836092,947,144,64.7,5.72256498080267,Bachelor's Degree or Higher,784178,97.19753930280245,,
53033001100,1060685,0,Census Tract 11,Washington,King County,2097,237,1142,159,0,13,0,13,0,13,24,38,0,13,0,13,0,13,0,13,137,84,20,20,123,59,47,36,496,143,204,108,12,17,79,46,955,118,0,13,0,13,14,22,23,37,0,13,0,13,0,13,0,13,110,79,26,24,24,24,37,26,410,107,239,83,9,15,63,48,61,74,2.9,3.51350298601671,247,115,11.8,5.31999931177877,193,71,9.2,3.22204791375838,84,44,4,2.04881333928659,1512,235,72.1,7.69281702517563,Bachelor's Degree or Higher,784178,97.09108249880782,,
53033001300,1180877,0,Census Tract 13,Washington,King County,3822,492,1825,290,26,29,0,13,34,55,0,13,0,13,0,13,0,13,1,2,155,91,92,65,280,138,152,106,803,223,185,111,97,80,0,13,1997,306,50,59,34,56,0,13,39,64,0,13,0,13,0,13,0,13,371,163,78,84,210,113,202,108,498,209,357,103,73,67,85,89,184,128,4.8,3.29119297957596,526,187,13.8,4.56071806058736,660,208,17.3,4.96747706509705,354,151,9.3,3.76660583017033,2098,368,54.9,6.54029296675132,Bachelor's Degree or Higher,784178,95.18576661433804,,
53033001400,2152767,213389,Census Tract 14,Washington,King County,4114,586,1899,317,37,43,0,18,0,18,0,18,0,18,18,30,0,18,0,18,376,200,128,110,152,93,136,77,620,150,297,120,119,155,16,25,2215,383,0,18,0,18,0,18,0,18,0,18,0,18,0,18,4,9,262,158,55,47,118,91,108,64,1040,321,502,183,93,66,33,37,59,84,1.4,2.03156402464426,638,255,15.5,5.79136949259213,453,177,11,4.00630694454595,244,100,5.9,2.27919230082469,2720,451,66.1,5.61138302597609,Bachelor's Degree or Higher,784178,98.56587263004374,,
53033001500,1167711,526885,Census Tract 15,Washington,King County,2251,341,1132,202,0,13,0,13,0,13,0,13,0,13,0,13,0,13,0,13,103,93,54,47,125,61,87,45,418,104,176,101,77,42,92,57,1119,172,0,13,0,13,0,13,0,13,0,13,0,13,19,22,13,21,62,42,18,15,201,93,89,48,458,145,193,63,51,31,15,16,32,57,1.4,2.5230337792648,165,102,7.3,4.39315635085715,398,122,17.7,4.71170740565266,176,66,7.8,2.68214162690689,1480,229,65.7,2.07145123226084,Bachelor's Degree or Higher,784178,98.57840959573522,,
53033001600,2020358,320118,Census Tract 16,Washington,King County,3333,446,1666,242,0,13,0,13,0,13,0,13,0,13,0,13,0,13,0,13,47,32,67,45,171,61,77,61,726,165,319,162,169,70,90,44,1667,235,0,13,0,13,8,12,0,13,8,17,0,13,0,13,0,13,107,45,35,25,93,54,94,63,642,178,436,117,162,96,82,40,16,53,0.5,1.58886101449299,154,55,4.6,1.52995910285028,366,96,11,2.47727072712744,171,88,5.1,2.54944482271484,2626,341,78.8,14.6910174466909,Bachelor's Degree or Higher,784178,99.51995199519952,,
53033001701,892768,0,Census Tract 17.01,Washington,King County,3511,433,1653,352,23,36,0,13,0,13,0,13,0,13,12,21,88,103,7,16,205,110,35,39,222,113,98,77,792,252,141,82,14,22,16,25,1858,302,28,42,14,24,39,39,0,13,19,24,0,13,0,13,70,45,227,145,68,103,249,105,15,20,842,190,173,89,79,74,35,41,300,142,8.5,3.90473926907434,432,182,12.3,4.95663438474777,574,190,16.3,5.02193928367484,113,80,3.2,2.24371513266476,2092,350,59.6,6.73621616026079,Bachelor's Degree or Higher,784178,91.45542580461407,,
53033001702,1280220,0,Census Tract 17.02,Washington,King County,4318,529,2308,432,27,38,60,69,0,18,0,18,30,47,0,18,0,18,22,33,422,215,107,83,305,155,181,118,793,307,250,144,44,50,67,50,2010,237,40,43,30,48,13,20,0,18,13,22,9,16,0,18,17,27,182,101,44,44,136,121,159,88,804,238,438,169,29,45,96,86,261,132,6,2.96592575675376,604,238,14,5.23864428910606,592,218,13.7,4.76104655619846,340,147,7.9,3.26482428089036,2521,463,58.4,7.98834778879505,Bachelor's Degree or Higher,784178,93.95553496989348,,
53033001800,946085,0,Census Tract 18,Washington,King County,3891,505,2131,405,6,17,0,18,32,41,0,18,0,18,0,18,23,37,0,18,219,142,57,52,233,231,214,114,1046,221,229,112,38,43,34,42,1760,277,0,18,0,18,30,40,0,18,0,18,0,18,0,18,35,32,41,38,88,68,129,74,131,92,742,194,436,191,64,65,64,56,126,98,3.2,2.48331935349835,260,147,6.7,3.67706187332473,507,257,13,6.38481942981886,345,146,8.9,3.57142863280473,2653,383,68.2,4.31045457295396,Bachelor's Degree or Higher,784178,96.76175790285274,,
53033001900,1667272,0,Census Tract 19,Washington,King County,3833,332,1937,223,9,13,0,13,0,13,10,15,12,27,0,13,0,13,55,48,164,103,86,63,191,78,156,89,804,155,343,89,70,36,37,29,1896,188,0,13,0,13,0,13,0,13,25,39,0,13,0,13,3,8,102,50,52,31,103,55,145,68,897,197,467,110,63,37,39,28,114,82,3,2.12374933210572,266,114,6.9,2.91279653018104,432,118,11.3,2.91964861810539,301,112,7.9,2.84172358931938,2720,295,71,4.63180813034174,Bachelor's Degree or Higher,784178,97.02582833289851,,
53033002000,1103313,28680,Census Tract 20,Washington,King County,3105,481,1485,351,0,13,0,13,0,13,0,13,0,13,0,13,0,13,0,13,143,63,56,47,235,263,199,80,434,130,219,78,61,42,138,90,1620,256,0,13,0,13,0,13,0,13,0,13,0,13,0,13,0,13,29,24,47,37,322,376,145,68,680,239,247,70,65,43,85,49,0,52,0,1.67471819645733,172,67,5.5,1.97983994958088,660,463,21.3,14.5433244119884,344,105,11.1,2.91375964638348,1929,315,62.1,3.20917851916123,Bachelor's Degree or Higher,784178,100,,
53033002100,1365468,0,Census Tract 21,Washington,King County,3326,453,1626,258,8,13,0,13,0,13,0,13,0,13,11,19,0,13,9,15,128,141,79,84,228,101,100,66,670,153,155,85,75,46,163,92,1700,234,0,13,0,13,0,13,12,21,24,39,0,13,0,13,0,13,77,75,61,39,147,85,69,53,762,183,241,70,188,104,119,66,64,68,1.9,2.02763058249981,205,160,6.2,4.73677040591084,515,161,15.5,4.35710066520998,169,85,5.1,2.46013536183479,2373,308,71.3,13.4232247783707,Bachelor's Degree or Higher,784178,98.07576668671076,,
53033002200,2804076,1154953,Census Tract 22,Washington,King County,4302,388,2166,224,0,18,0,18,0,18,0,18,0,18,0,18,0,18,0,18,15,23,67,44,109,66,231,144,636,147,736,220,217,81,155,66,2136,208,0,18,0,18,0,18,0,18,0,18,0,18,0,18,6,11,174,84,48,58,184,105,137,85,763,189,498,167,174,81,152,69,6,71,0.1,1.65034722783584,189,87,4.4,1.98311792049877,408,144,9.5,3.23614550057994,368,167,8.6,3.80447725071902,3331,395,77.4,5.96132885084628,Bachelor's Degree or Higher,784178,99.86052998605301,,
53033002400,962528,0,Census Tract 24,Washington,King County,2447,378,1243,255,0,13,0,13,0,13,0,13,0,13,0,13,0,13,0,13,44,38,34,39,110,64,112,62,422,86,399,222,58,51,64,40,1204,160,0,13,0,13,24,33,0,13,0,13,0,13,0,13,0,13,34,36,26,26,111,70,23,24,412,91,319,127,141,92,114,78,24,60,1,2.44729671174763,78,52,3.2,2.06721645618319,281,106,11.5,3.95196877680609,135,66,5.5,2.5590002843817,1929,316,78.8,4.2983019578575,Bachelor's Degree or Higher,784178,99.01920719248058,,
53033002500,984334,0,Census Tract 25,Washington,King County,2598,289,1320,178,0,13,10,16,0,13,0,13,0,13,11,16,9,14,0,13,64,37,71,63,55,30,43,31,515,135,307,106,105,101,130,49,1278,163,0,13,0,13,0,13,0,13,0,13,0,13,0,13,0,13,83,43,28,43,39,40,95,64,458,138,368,119,101,57,106,55,30,54,1.2,2.07454899764453,147,57,5.7,2.1017737421559,193,91,7.4,3.40381745425914,138,71,5.3,2.66822940980391,2090,286,80.4,6.41131548989589,Bachelor's Degree or Higher,784178,98.84526558891456,,
53033002600,1216627,28175,Census Tract 26,Washington,King County,3773,571,2164,409,0,18,0,18,0,18,0,18,0,18,0,18,0,18,0,18,48,49,125,155,134,80,113,83,788,228,691,193,83,54,182,102,1609,254,0,18,0,18,0,18,0,18,0,18,0,18,0,18,0,18,18,26,86,61,84,46,14,23,785,237,498,130,91,49,33,28,0,72,0,1.90829578584681,66,55,1.7,1.43348592898785,429,190,11.4,4.73266074339904,127,86,3.4,2.22170079165913,3151,423,83.5,16.8948169301369,Bachelor's Degree or Higher,784178,100,,
53033002700,1584847,0,Census Tract 27,Washington,King County,4305,514,2327,299,0,18,0,18,37,58,0,18,0,18,0,18,0,18,14,22,118,87,30,35,115,90,57,71,1031,269,701,182,137,72,87,64,1978,325,18,29,0,18,0,18,0,18,0,18,0,18,0,18,15,23,21,33,66,66,192,106,177,114,655,228,459,126,218,115,157,75,84,95,2,2.19440454051326,139,93,3.2,2.12560322355676,403,158,9.4,3.4958224388611,234,134,5.4,3.04425240962605,3445,449,80,4.18230430435452,Bachelor's Degree or Higher,784178,98.04878048780488,,
53033002800,988287,0,Census Tract 28,Washington,King County,3873,455,1889,315,18,28,0,13,0,13,0,13,2,5,0,13,14,23,13,21,231,160,124,99,167,96,66,55,845,190,293,108,48,45,68,50,1984,296,0,13,0,13,0,13,0,13,0,13,0,13,0,13,15,25,148,110,135,174,200,129,85,68,759,197,458,126,89,58,95,72,62,65,1.6,1.66771519773933,379,194,9.8,4.8753273551508,626,257,16.2,6.35819592245785,151,87,3.9,2.19912839069214,2655,340,68.6,3.49403165513324,Bachelor's Degree or Higher,784178,98.39917376710561,,
53033002900,986209,0,Census Tract 29,Washington,King County,3529,492,1724,311,0,13,0,13,0,13,0,13,0,13,14,22,32,38,0,13,112,97,76,55,304,208,72,59,766,217,184,80,83,55,81,59,1805,225,0,13,0,13,0,13,0,13,0,13,0,13,0,13,0,13,180,187,36,42,194,89,44,41,653,154,530,112,131,67,37,38,46,66,1.3,1.86136814177138,292,211,8.3,5.86669262943784,610,237,17.3,6.26851880783629,116,72,3.3,1.9881049809241,2465,320,69.8,13.306245781417,Bachelor's Degree or Higher,784178,98.69651459336922,,
53033003000,1493249,0,Census Tract 30,Washington,King County,4616,477,2273,301,18,27,0,18,0,18,0,18,0,18,34,52,0,18,0,18,185,133,59,51,285,116,108,60,1013,247,398,111,105,82,68,57,2343,263,13,21,0,18,0,18,0,18,0,18,32,49,0,18,0,18,152,65,101,130,162,92,66,47,1150,266,415,156,137,67,115,67,97,101,2.1,2.17723957876737,337,148,7.3,3.11621740716124,607,204,13.1,4.20531620865138,174,76,3.8,1.59970559096454,3401,433,73.7,5.47945279056476,Bachelor's Degree or Higher,784178,97.89861351819758,,
53033003100,2236733,472744,Census Tract 31,Washington,King County,4917,556,2259,316,15,23,0,18,0,18,0,18,0,18,0,18,0,18,0,18,228,131,117,135,199,84,145,78,767,196,441,140,228,95,119,64,2658,294,0,18,0,18,0,18,1,2,0,18,0,18,0,18,0,18,223,102,145,79,281,120,49,46,923,185,541,192,255,132,240,187,16,71,0.3,1.44350101020864,451,166,9.2,3.21277686895001,742,214,15.1,4.00378446009337,194,91,3.9,1.79614209794593,3514,441,71.5,3.89037194539223,Bachelor's Degree or Higher,784178,99.67459833231645,,
53033003400,787161,0,Census Tract 34,Washington,King County,2673,241,1259,142,6,10,0,13,0,13,0,13,11,17,0,13,7,10,0,13,69,60,12,14,112,56,80,63,553,130,301,88,64,39,44,28,1414,149,9,14,0,13,0,13,0,13,0,13,0,13,0,13,7,11,24,22,34,28,83,44,116,71,581,96,380,124,137,69,43,27,40,52,1.5,1.94069539791782,93,64,3.5,2.37367544369721,241,78,9,2.80255715380265,196,95,7.3,3.49202903248052,2103,239,78.7,5.44325018892723,Bachelor's Degree or Higher,784178,98.5035540591096,,
53033003500,1284745,0,Census Tract 35,Washington,King County,3318,295,1606,197,0,13,12,18,0,13,0,13,0,13,0,13,0,13,0,13,182,95,49,27,132,52,67,37,600,125,325,87,135,85,104,47,1712,192,0,13,0,13,6,13,0,13,0,13,0,13,0,13,0,13,70,31,53,33,109,52,50,41,719,124,532,142,90,42,83,42,18,53,0.5,1.59661942818577,252,100,7.6,2.93724383763815,343,85,10.3,2.39123214169686,117,55,3.5,1.62770718747901,2588,268,78,4.14114387031163,Bachelor's Degree or Higher,784178,99.45750452079565,,
53033003800,624606,0,Census Tract 38,Washington,King County,1768,259,961,229,0,13,0,13,0,13,0,13,0,13,0,13,0,13,0,13,36,32,15,23,56,40,68,44,450,218,194,62,74,32,68,35,807,106,0,13,0,13,0,13,0,13,0,13,0,13,1,4,0,13,8,9,6,10,77,53,38,25,388,104,171,60,44,28,74,33,1,51,0.1,2.88460348443704,44,33,2.5,1.83056434089856,154,71,8.7,3.80772005110087,106,51,6,2.74765378676634,1463,264,82.7,8.71905639823099,Bachelor's Degree or Higher,784178,99.94343891402715,,
53033003900,973808,0,Census Tract 39,Washington,King County,2028,263,1007,148,12,18,0,13,0,13,0,13,0,13,0,13,0,13,0,13,46,35,0,13,85,54,25,23,391,80,243,82,161,104,44,30,1021,143,13,19,0,13,0,13,0,13,9,15,12,18,0,13,6,11,20,18,0,13,45,33,61,31,352,85,250,85,178,127,75,47,52,57,2.6,2.79091133898783,66,39,3.3,1.87619262059177,130,66,6.4,3.14647245542137,86,39,4.2,1.84276604195163,1694,240,83.5,4.76503942101928,Bachelor's Degree or Higher,784178,97.43589743589743,,
53033004000,2574586,3232248,Census Tract 40,Washington,King County,2180,222,1078,155,0,13,17,38,0,13,0,13,0,13,0,13,11,17,26,37,77,68,0,13,108,96,31,38,319,113,257,133,149,64,83,43,1102,136,31,31,0,13,0,13,16,37,23,34,0,13,28,39,0,13,54,48,24,29,58,51,82,82,375,104,201,75,155,59,55,38,152,98,7,4.43898390090967,131,83,6,3.75783966014655,190,113,8.7,5.10693468002062,113,90,5.2,4.09455542130342,1594,240,73.1,8.10910949726038,Bachelor's Degree or Higher,784178,93.02752293577981,,
53033004301,979236,0,Census Tract 43.01,Washington,King County,2148,236,1081,162,0,13,0,13,0,13,0,13,0,13,0,13,0,13,0,13,69,52,16,16,130,67,22,29,415,79,258,97,65,52,106,47,1067,123,0,13,0,13,0,13,0,13,0,13,0,13,9,13,0,13,39,31,13,19,105,53,69,52,394,95,250,82,95,50,93,45,9,52,0.4,2.42041887494647,108,61,5,2.78560389498955,264,89,12.3,3.91716993629796,91,60,4.2,2.75424173974212,1676,202,78,3.86599366951514,Bachelor's Degree or Higher,784178,99.58100558659217,,
53033004302,331137,0,Census Tract 43.02,Washington,King County,1458,376,660,162,0,13,0,13,0,13,0,13,0,13,0,13,0,13,0,13,107,91,21,28,76,50,31,26,220,83,135,73,33,36,37,31,798,254,9,15,0,13,0,13,0,13,0,13,0,13,0,13,0,13,105,143,90,73,59,41,36,35,248,93,153,68,33,31,65,42,9,53,0.6,3.63162928740295,212,169,14.5,10.9679243681728,246,101,16.9,5.39023293457648,67,44,4.6,2.77540983080433,924,175,63.4,20.2774622518436,Bachelor's Degree or Higher,784178,99.38271604938271,,
53033004500,670997,0,Census Tract 45,Washington,King County,2315,642,1315,427,0,13,0,13,0,13,0,13,0,13,8,14,0,13,0,13,31,23,30,37,102,73,104,89,480,199,351,134,111,45,98,88,1000,251,6,12,0,13,0,13,0,13,6,10,6,10,0,13,0,13,44,36,17,18,54,43,44,36,473,224,244,76,80,51,26,24,26,51,1.1,2.18089534659664,75,43,3.2,1.62570350124844,203,94,8.8,3.25173400588409,148,96,6.4,3.74875842156842,1863,356,80.5,27.1026485852061,Bachelor's Degree or Higher,784178,98.8768898488121,,
53033004600,1552358,1033232,Census Tract 46,Washington,King County,2717,424,1399,220,0,13,0,13,8,13,0,13,0,13,10,15,9,13,0,13,55,33,54,39,130,88,23,28,734,224,206,55,113,58,57,32,1318,252,9,14,0,13,0,13,22,35,0,13,0,13,0,13,0,13,56,37,17,20,65,41,53,37,630,221,330,80,86,39,50,29,58,62,2.1,2.25748136310464,111,50,4.1,1.72630068145087,266,107,9.8,3.62973399131483,76,46,2.8,1.63580288550505,2206,339,81.2,17.7824572358946,Bachelor's Degree or Higher,784178,97.86529260213472,,
53033004800,1278329,26886,Census Tract 48,Washington,King County,4107,566,2109,347,0,18,0,18,0,18,0,18,16,26,0,18,0,18,0,18,289,137,29,41,292,123,136,100,532,162,489,256,100,81,226,113,1998,421,0,18,0,18,0,18,0,18,0,18,0,18,0,18,15,25,67,58,0,18,100,61,47,42,990,414,578,170,33,36,168,73,31,76,0.8,1.8475730957445,356,149,8.7,3.4256393009995,421,144,10.3,3.20901654927734,183,108,4.5,2.55695363706158,3116,564,75.9,8.90271514887464,Bachelor's Degree or Higher,784178,99.24519113708303,,
53033005000,757380,0,Census Tract 50,Washington,King County,3485,411,1468,301,0,13,0,13,0,13,0,13,0,13,0,13,0,13,18,29,35,40,49,49,114,78,100,88,592,287,430,165,18,28,112,65,2017,325,0,13,27,42,0,13,0,13,0,13,9,22,0,13,39,49,149,167,0,13,203,179,34,40,738,222,412,158,184,92,222,120,93,87,2.7,2.47649601796934,184,172,5.3,4.89600175329986,366,202,10.5,5.66239435348116,134,97,3.8,2.74616999142356,2708,460,77.7,9.49979036156919,Bachelor's Degree or Higher,784178,97.33142037302726,,
53033005100,881731,0,Census Tract 51,Washington,King County,2872,266,1328,140,0,13,0,13,0,13,0,13,0,13,0,13,0,13,10,16,99,67,0,13,151,74,17,19,610,108,200,65,97,48,144,48,1544,203,24,24,0,13,0,13,0,13,0,13,0,13,0,13,54,82,85,55,10,15,89,46,73,57,719,119,260,85,102,44,128,64,88,99,3.1,3.43537353775467,184,87,6.4,2.97056338696455,250,89,8.7,2.99217393376641,90,60,3.1,2.06887718085462,2260,219,78.7,2.24228678924706,Bachelor's Degree or Higher,784178,96.93593314763231,,
53033005600,3022785,1546484,Census Tract 56,Washington,King County,5226,522,2477,285,0,18,0,18,0,18,0,18,0,18,0,18,0,18,0,18,143,119,41,54,294,127,77,61,784,206,694,221,238,94,206,78,2749,312,37,44,0,18,0,18,0,18,0,18,0,18,0,18,0,18,183,137,74,53,176,87,336,145,1050,247,605,153,198,104,90,65,37,82,0.7,1.56748323040066,326,181,6.2,3.4069430680525,585,172,11.2,3.09548830506411,413,157,7.9,2.89864930874236,3865,453,74,4.53504008253496,Bachelor's Degree or Higher,784178,99.29200153080751,,
53033005700,5085640,2365806,Census Tract 57,Washington,King County,4829,554,2443,449,0,18,14,24,0,18,0,18,0,18,0,18,0,18,0,18,231,159,58,48,189,101,97,65,1021,212,339,107,198,113,296,386,2386,313,0,18,40,47,0,18,0,18,0,18,0,18,0,18,15,25,82,59,14,24,300,158,106,73,1084,267,451,159,188,104,106,91,69,87,1.4,1.79414218065475,313,170,6.5,3.44096752332662,561,195,11.6,3.81182061425101,203,98,4.2,1.97126908636854,3683,578,76.3,8.16742031771002,Bachelor's Degree or Higher,784178,98.57113273969766,,
53033005801,1822365,260223,Census Tract 58.01,Washington,King County,5273,673,2876,414,0,18,0,18,13,22,0,18,0,18,0,18,0,18,0,18,155,156,118,72,155,74,240,163,1343,325,624,264,124,80,104,71,2397,397,0,18,0,18,0,18,0,18,0,18,0,18,0,18,0,18,164,144,30,37,236,106,179,118,1070,296,587,171,68,47,63,48,13,73,0.2,1.38405351058966,319,212,6,3.94564176865195,539,153,10.2,2.59173017723348,419,201,7.9,3.67448127462305,3983,555,75.5,4.22358571135152,Bachelor's Degree or Higher,784178,99.75346102787786,,
53033006000,1340653,160754,Census Tract 60,Washington,King County,4962,657,2640,546,32,50,0,18,0,18,0,18,62,72,4,9,0,18,0,18,106,66,11,18,536,425,81,69,1101,322,387,139,132,100,188,101,2322,322,0,18,0,18,0,18,0,18,0,18,0,18,0,18,0,18,274,162,137,84,222,142,143,101,851,183,472,164,219,124,4,12,98,109,2,2.1810740904472,380,175,7.7,3.37789287495695,906,456,18.3,8.86614569285142,224,122,4.5,2.38492437888014,3354,468,67.6,2.97608807500075,Bachelor's Degree or Higher,784178,98.02498992341798,,
53033006100,1227451,652743,Census Tract 61,Washington,King County,4808,520,2344,326,0,18,0,18,0,18,0,18,0,18,0,18,0,18,0,18,96,80,108,91,139,88,53,70,990,202,559,237,246,110,153,85,2464,312,0,18,0,18,0,18,15,25,0,18,0,18,0,18,0,18,80,58,56,48,208,117,75,59,970,282,674,187,245,118,141,82,15,74,0.3,1.53873159582357,176,99,3.7,2.02064939418208,511,179,10.6,3.54107001534128,128,92,2.7,1.89169066292998,3978,501,82.7,5.3392501441253,Bachelor's Degree or Higher,784178,99.68801996672212,,
53033006200,2437426,239356,Census Tract 62,Washington,King County,3260,362,1640,193,10,15,0,13,0,13,0,13,0,13,0,13,0,13,0,13,92,87,0,13,97,86,43,36,651,196,357,87,304,97,86,39,1620,256,30,49,0,13,0,13,0,13,0,13,0,13,0,13,0,13,64,50,30,51,80,48,101,55,505,107,420,153,218,75,172,112,40,71,1.2,2.17364810379577,156,100,4.8,3.02111020313143,207,112,6.3,3.36245138867417,144,66,4.4,1.9642237535387,2713,332,83.2,4.27985108729521,Bachelor's Degree or Higher,784178,98.77300613496932,,
53033006300,2610569,3533560,Census Tract 63,Washington,King County,4211,425,1969,207,0,18,0,18,0,18,0,18,0,18,14,21,0,18,12,21,35,54,98,82,80,74,32,40,997,215,434,172,219,88,48,38,2242,346,2,4,0,18,0,18,0,18,0,18,0,18,0,18,0,18,21,23,41,37,132,76,153,81,865,189,740,366,220,113,68,52,28,71,0.7,1.68472427053355,56,59,1.3,1.39464896424219,351,139,8.3,3.19187981004393,185,90,4.4,2.09076059152186,3591,520,85.3,8.85516024062618,Bachelor's Degree or Higher,784178,99.33507480408454,,
53033006400,903649,0,Census Tract 64,Washington,King County,2617,334,1390,229,0,13,9,22,0,13,0,13,0,13,15,15,0,13,0,13,45,26,5,9,63,39,31,28,678,222,243,73,210,76,91,51,1227,189,0,13,9,13,0,13,0,13,0,13,0,13,0,13,0,13,51,35,23,24,58,41,37,30,508,106,365,140,144,64,32,25,33,55,1.3,2.09547211010109,96,44,3.7,1.61481531544269,149,62,5.7,2.25493520693804,68,41,2.6,1.53117891639585,2271,314,86.8,4.61526575501259,Bachelor's Degree or Higher,784178,98.73901413832633,,
53033006500,1147619,0,Census Tract 65,Washington,King County,4127,588,2279,409,0,13,0,13,0,13,0,13,1,2,12,20,0,13,0,13,53,43,73,71,188,93,86,80,1071,308,547,243,107,67,141,80,1848,313,0,13,0,13,0,13,0,13,0,13,0,13,0,13,44,50,48,56,17,27,43,38,99,68,896,227,316,147,224,131,161,61,57,71,1.4,1.70908679753815,101,71,2.4,1.68467242807011,321,126,7.8,2.84484208343257,185,105,4.5,2.46275339463892,3463,509,83.9,3.03045230448808,Bachelor's Degree or Higher,784178,98.6188514659559,,
53033006600,1117109,831139,Census Tract 66,Washington,King County,3770,479,1969,338,0,13,0,13,0,13,0,13,0,13,0,13,0,13,0,13,46,52,34,39,106,87,31,34,1164,343,366,181,152,109,70,49,1801,282,0,13,0,13,0,13,0,13,0,13,0,13,0,13,0,13,34,54,30,42,191,130,16,26,927,196,438,212,99,83,66,52,0,52,0,1.37931034482759,80,75,2.1,1.97103536900428,361,167,9.6,4.25935631293063,47,43,1.2,1.12953123250182,3282,508,87.1,7.69585826004945,Bachelor's Degree or Higher,784178,100,,
53033006800,718106,0,Census Tract 68,Washington,King County,2425,268,1197,203,0,13,0,13,0,13,0,13,7,11,0,13,0,13,0,13,0,13,37,34,39,28,103,136,602,179,246,81,80,45,83,66,1228,149,0,13,0,13,0,13,0,13,8,13,0,13,0,13,0,13,33,30,19,22,70,50,82,54,480,104,338,114,142,71,56,46,15,52,0.6,2.14323997866005,33,33,1.4,1.35248888056607,165,70,6.8,2.78693424368944,185,146,7.6,5.96129325516642,2027,276,83.6,6.64843422478924,Bachelor's Degree or Higher,784178,99.38144329896907,,
53033006900,905121,0,Census Tract 69,Washington,King County,3609,392,1654,224,0,13,0,13,0,13,0,13,0,13,0,13,0,13,10,18,138,77,77,66,60,54,70,51,820,201,265,106,152,91,62,61,1955,246,13,22,22,33,0,13,0,13,0,13,0,13,0,13,0,13,74,67,98,82,177,90,158,105,836,224,469,130,67,56,41,40,45,64,1.2,1.76816523436608,212,102,5.9,2.7533059011418,412,149,11.4,3.93796336976994,228,117,6.3,3.16844160063475,2712,368,75.1,6.11174368031598,Bachelor's Degree or Higher,784178,98.75311720698254,,
53033007600,571882,0,Census Tract 76,Washington,King County,3533,390,1653,264,0,13,0,13,0,13,0,13,0,13,0,13,20,26,0,13,128,90,0,13,165,112,63,53,467,162,509,218,110,58,191,93,1880,230,0,13,0,13,43,65,0,13,0,13,0,13,0,13,0,13,134,90,0,13,65,49,33,45,811,223,650,206,112,69,32,42,63,85,1.8,2.3978213314487,262,127,7.4,3.50022685920668,230,124,6.5,3.43540713767326,96,70,2.7,1.95848284948374,2882,430,81.6,8.18821496847121,Bachelor's Degree or Higher,784178,98.216812906878,,
53033007700,1058322,0,Census Tract 77,Washington,King County,4346,532,2189,355,24,40,0,18,0,18,0,18,0,18,0,18,4,9,24,38,234,141,55,74,195,122,87,84,978,208,308,128,153,96,127,112,2157,322,0,18,0,18,0,18,0,18,0,18,0,18,4,10,0,18,175,114,109,81,69,56,196,114,690,172,525,186,75,55,314,168,56,84,1.3,1.92636495771634,409,181,9.4,4.00225104338641,428,173,9.8,3.79373956322456,283,142,6.5,3.16864897062907,3170,421,72.9,3.757184026178,Bachelor's Degree or Higher,784178,98.71145881270134,,
53033007800,2097740,3632914,Census Tract 78,Washington,King County,4215,324,1753,262,15,26,0,18,0,18,0,18,0,18,20,33,0,18,46,70,27,32,0,18,126,79,71,60,725,156,362,114,257,118,104,66,2462,284,18,33,0,18,0,18,0,18,0,18,0,18,0,18,19,32,166,121,117,104,128,77,46,41,1043,247,553,177,282,130,90,55,118,111,2.8,2.62464481233534,193,125,4.6,2.94463817593896,371,153,8.8,3.56628023517127,117,73,2.8,1.71871593432744,3416,410,81,7.47050672849154,Bachelor's Degree or Higher,784178,97.20047449584817,,
53033008002,234314,0,Census Tract 80.02,Washington,King County,3586,525,1970,456,0,13,0,13,9,14,3,8,3,8,8,16,0,13,0,13,222,100,27,30,229,166,102,80,707,183,486,383,21,24,153,104,1616,307,18,28,9,14,0,13,0,13,7,16,18,27,0,13,23,42,173,168,96,82,160,78,22,29,683,203,241,105,11,16,155,92,98,74,2.7,2.02442278327191,395,196,11,5.22238329347801,512,203,14.3,5.26084337579711,124,85,3.5,2.31563732664587,2457,503,68.5,9.80456502768545,Bachelor's Degree or Higher,784178,97.26715002788623,,
53033008200,375785,0,Census Tract 82,Washington,King County,3344,418,1883,268,0,13,0,13,0,13,0,13,0,13,0,13,1,4,2,4,167,134,27,31,310,144,25,37,836,259,334,109,84,61,97,55,1461,278,0,13,2,4,0,13,0,13,0,13,0,13,0,13,0,13,44,62,38,61,206,122,63,53,746,244,221,107,129,77,12,21,5,47,0.1,1.4053781169607,211,148,6.3,4.35499106363598,581,201,17.4,5.60469323164113,88,65,2.6,1.91574370550801,2459,404,73.5,7.84021159925455,Bachelor's Degree or Higher,784178,99.85047846889952,,
53033008300,237955,0,Census Tract 83,Washington,King County,2649,424,1535,335,31,37,0,13,36,58,10,21,0,13,0,13,0,13,0,13,112,70,36,41,191,116,36,39,531,182,354,205,81,63,117,87,1114,236,17,28,43,65,0,13,43,65,44,65,0,13,0,13,0,13,73,56,57,72,118,78,80,60,225,117,331,142,58,49,25,27,224,142,8.5,5.18683060374071,185,90,7,3.20835348696554,402,162,15.2,5.61243915354582,116,72,4.4,2.62607908756416,1722,352,65,8.26506446079959,Bachelor's Degree or Higher,784178,91.54397885994715,,
53033008500,450978,0,Census Tract 85,Washington,King County,3716,421,2469,316,0,13,0,13,21,31,38,42,46,53,56,50,109,102,33,36,605,165,141,89,424,135,139,71,560,172,182,97,60,38,55,42,1247,207,19,31,0,13,0,13,32,41,14,24,8,14,19,29,0,13,219,99,15,29,105,62,75,66,432,157,197,110,62,46,50,38,395,158,10.6,4.07777182060267,824,192,22.2,4.51497977432509,685,176,18.4,4.25096925173001,214,97,5.8,2.52748025227104,1598,287,43,5.99281753525751,Bachelor's Degree or Higher,784178,89.3702906350915,,
53033008600,711350,0,Census Tract 86,Washington,King County,3859,604,2175,382,0,18,0,18,0,18,15,29,0,18,0,18,46,65,0,18,186,117,146,166,295,152,262,138,675,210,394,143,142,105,14,23,1684,407,14,25,0,18,0,18,0,18,0,18,0,18,39,66,43,70,50,47,16,25,177,117,135,169,703,199,427,173,67,77,13,20,157,136,4.1,3.46622362947208,236,126,6.1,3.12163815170029,634,255,16.4,6.08707001559701,397,218,10.3,5.41479180302752,2435,390,63.1,2.14439959340249,Bachelor's Degree or Higher,784178,95.93158849442861,,
53033008700,732385,0,Census Tract 87,Washington,King County,3417,570,1903,420,34,42,0,13,0,13,29,41,0,13,4,9,55,61,0,13,153,81,32,27,234,161,253,219,633,143,323,101,85,52,68,64,1514,222,18,27,0,13,0,13,0,13,0,13,0,13,0,13,0,13,173,102,35,32,262,179,49,37,542,130,267,80,58,42,110,41,140,99,4.1,2.81551139607417,326,130,9.5,3.45564012535177,563,244,16.5,6.59062840454228,302,222,8.8,6.32743564306135,2086,253,61,12.5907193248489,Bachelor's Degree or Higher,784178,95.90283874743928,,
53033008800,948581,0,Census Tract 88,Washington,King County,3249,357,1740,236,10,15,0,13,59,95,0,13,0,13,0,13,18,31,7,15,175,103,170,122,191,113,49,52,596,112,319,107,49,36,97,50,1509,224,0,13,0,13,0,13,56,90,0,13,0,13,0,13,13,21,99,62,25,24,29,29,47,43,662,161,338,98,147,59,93,48,163,144,5,4.39771703716174,274,120,8.4,3.57530908157484,415,170,12.8,5.04062884942702,96,67,3,2.03645471628052,2301,263,70.8,2.22886936821792,Bachelor's Degree or Higher,784178,94.98307171437365,,
53033008900,1270033,1798066,Census Tract 89,Washington,King County,4587,524,2432,359,37,41,0,18,35,52,0,18,3,8,4,8,0,18,40,64,382,200,48,66,122,101,119,64,873,264,388,136,308,236,73,62,2155,325,58,85,38,51,0,18,0,18,0,18,23,28,3,6,133,103,151,142,85,90,130,99,187,110,781,202,462,201,36,27,68,64,374,178,8.2,3.7670924472592,533,245,11.6,5.17360962942144,385,180,8.4,3.80519356904021,306,127,6.7,2.66175046684348,2989,483,65.2,7.44744002262814,Bachelor's Degree or Higher,784178,91.84652278177458,,
53033009000,855872,0,Census Tract 90,Washington,King County,3044,310,1563,247,8,13,20,33,19,28,32,39,10,16,8,18,0,13,0,13,212,95,88,57,287,114,79,51,617,236,138,63,45,37,0,13,1481,201,39,49,10,15,45,45,0,13,10,15,0,13,23,28,25,23,169,95,29,24,198,108,37,29,600,147,243,76,45,42,8,14,249,105,8.2,3.34730424805337,381,134,12.5,4.21351702386221,602,169,19.8,5.17371060448172,116,59,3.8,1.89898884198583,1696,301,55.7,8.09833164373657,Bachelor's Degree or Higher,784178,91.81997371879106,,
53033009100,410621,0,Census Tract 91,Washington,King County,2428,335,1289,281,166,166,0,13,12,19,108,105,27,44,0,13,11,18,74,68,148,72,46,37,74,65,141,100,352,125,130,116,0,13,0,13,1139,190,96,67,124,119,106,70,71,59,10,18,0,13,12,19,38,44,160,96,12,17,81,66,27,28,345,105,38,47,10,17,9,14,855,276,35.2,10.2767253891932,308,120,12.7,4.6220526412119,213,101,8.8,3.97981151321934,168,104,6.9,4.17561616776442,884,208,36.4,6.93930435651501,Bachelor's Degree or Higher,784178,64.78583196046128,,
53033009200,338451,154864,Census Tract 92,Washington,King County,2401,444,1558,355,29,25,70,53,10,16,3,6,36,37,5,11,14,15,49,46,205,97,80,85,322,168,83,59,501,238,109,61,36,35,6,11,843,223,51,47,39,46,27,32,0,13,14,22,0,13,106,171,7,11,202,74,71,108,44,35,43,40,170,66,51,45,18,21,0,13,460,208,19.2,7.90547637208546,407,122,17,3.99906813148831,517,220,21.5,8.25241511129134,126,71,5.2,2.79332983470116,891,262,37.1,8.48420635830072,Bachelor's Degree or Higher,784178,80.84131611828404,,
53033009300,9444110,639051,Census Tract 93,Washington,King County,2543,358,1617,250,8,14,0,13,9,14,0,13,0,13,9,21,35,42,18,21,264,138,45,52,194,85,94,60,562,136,243,100,102,56,34,30,926,210,0,13,4,6,3,5,0,13,8,13,4,7,0,13,0,13,98,79,55,40,117,58,94,58,323,99,140,128,51,37,29,43,98,67,3.9,2.57822187780761,362,159,14.2,5.92259995123157,411,122,16.2,4.2236254200067,188,83,7.4,3.09348075745719,1484,249,58.4,5.32763880766536,Bachelor's Degree or Higher,784178,96.1462839166339,,
53033009400,1686311,0,Census Tract 94,Washington,King County,5590,710,3226,512,189,94,70,75,47,58,49,65,4,17,57,68,0,18,16,32,188,93,79,86,277,117,209,158,1266,291,636,351,84,62,55,62,2364,375,90,61,28,41,80,73,43,59,0,18,9,18,3,15,10,19,300,145,36,52,174,87,176,112,775,263,475,161,95,62,70,73,695,209,12.4,3.38896730088838,488,172,8.7,2.8701934791294,566,177,10.1,2.89344360975981,385,194,6.9,3.35842584602188,3456,566,61.8,6.39204574738481,Bachelor's Degree or Higher,784178,87.56708407871199,,
53033009500,2597717,2916270,Census Tract 95,Washington,King County,5139,562,2662,291,13,22,0,18,0,18,0,18,0,18,18,30,0,18,0,18,322,142,109,110,302,183,259,153,853,211,621,202,152,83,13,22,2477,348,56,56,18,30,50,80,15,25,0,18,0,18,11,18,18,30,236,163,64,58,130,79,175,140,870,181,688,199,94,65,52,50,199,128,3.9,2.45449292605753,558,216,10.9,4.03193075632661,605,235,11.8,4.38789458207807,434,207,8.4,3.92071112388951,3343,414,65.1,3.78027052700288,Bachelor's Degree or Higher,784178,96.12765129402607,,
53033009600,1906922,1385222,Census Tract 96,Washington,King County,4827,765,2400,392,18,30,0,18,0,18,80,90,0,18,9,21,0,18,0,18,167,80,99,65,183,107,146,137,903,255,504,342,213,107,78,52,2427,440,0,18,20,33,0,18,0,18,0,18,0,18,0,18,9,21,88,65,85,78,342,147,64,48,1045,176,498,350,208,140,68,66,136,121,2.8,2.466642574396,255,103,5.3,1.96272042518891,709,208,14.7,3.62621830598804,210,145,4.4,2.92373737094332,3517,611,72.9,5.18504768063995,Bachelor's Degree or Higher,784178,97.18251501968096,,
53033009701,1861358,1607123,Census Tract 97.01,Washington,King County,4789,681,2336,293,0,18,0,18,0,18,0,18,0,18,0,18,0,18,0,18,339,126,49,46,350,161,135,72,849,209,441,230,78,56,95,53,2453,499,0,18,0,18,0,18,0,18,0,18,0,18,0,18,86,97,227,131,44,42,196,106,140,75,878,308,549,204,171,81,162,141,86,119,1.8,2.4717049276397,566,182,11.8,3.40856518663115,639,203,13.3,3.79051360118108,275,104,5.7,2.01227691189292,3223,515,67.3,4.90480361131453,Bachelor's Degree or Higher,784178,98.20421799958238,,
53033009702,2220441,0,Census Tract 97.02,Washington,King County,3871,378,1983,253,0,18,0,18,0,18,0,18,0,18,0,18,0,18,0,18,120,76,46,53,312,163,136,72,825,206,415,153,86,64,43,47,1888,218,0,18,0,18,0,18,0,18,0,18,0,18,0,18,0,18,121,67,48,42,95,64,200,93,734,146,510,183,132,82,48,49,0,72,0,1.85998450012917,241,101,6.2,2.53732992712087,501,188,12.9,4.68930613355406,336,118,8.7,2.9281010975569,2793,369,72.2,6.42081973034656,Bachelor's Degree or Higher,784178,100,,
53033009900,6565170,2370735,Census Tract 99,Washington,King County,4726,618,2262,428,0,18,0,18,13,28,16,28,8,13,0,18,58,74,47,74,286,123,54,48,392,271,353,204,661,201,293,138,68,61,13,22,2464,333,0,18,0,18,13,29,0,18,0,18,12,20,0,18,0,18,364,206,72,66,464,170,135,75,851,260,399,171,68,58,86,93,167,130,3.5,2.71165180280894,650,240,13.8,4.74914427009757,982,330,20.8,6.43230303221773,488,217,10.3,4.38859324201991,2439,415,51.6,5.61838325750039,Bachelor's Degree or Higher,784178,96.46635632670333,,
53033010001,2327512,0,Census Tract 100.01,Washington,King County,2725,311,1336,230,68,45,8,13,60,117,0,13,22,28,0,13,0,13,20,22,168,85,55,39,230,135,170,112,321,130,165,100,39,32,10,9,1389,184,155,70,0,13,71,76,55,53,87,87,0,13,0,13,26,24,246,108,84,56,119,90,28,26,263,94,220,79,21,24,14,17,572,199,21,6.89862676125939,414,137,15.2,4.71905995338632,488,176,17.9,6.12680335685409,198,115,7.3,4.13790655468711,1053,210,38.6,6.31975502734895,Bachelor's Degree or Higher,784178,79.00917431192661,,
53033010002,948077,0,Census Tract 100.02,Washington,King County,3890,520,2228,491,136,118,42,67,0,13,0,13,0,13,0,13,0,13,61,47,144,71,133,171,288,138,178,83,910,402,238,75,40,33,58,41,1662,191,73,40,0,13,11,15,7,12,32,52,9,13,0,13,51,39,332,134,40,34,89,48,45,31,566,124,275,102,84,57,48,33,422,168,10.8,4.06801792324775,476,152,12.2,3.54860515074396,550,227,14.1,5.52092316029351,223,89,5.7,2.155765376688,2219,447,57,8.5963208835449,Bachelor's Degree or Higher,784178,89.15167095115682,,
53033010200,2795533,2076618,Census Tract 102,Washington,King County,3923,351,2125,253,20,31,0,18,6,8,0,18,9,13,2,6,0,18,25,27,140,67,41,35,328,127,204,118,707,160,310,87,255,85,78,54,1798,203,27,33,10,17,5,7,0,18,0,18,0,18,0,18,13,16,153,75,29,28,169,86,81,49,777,174,314,84,99,62,121,63,117,77,3,1.94456011258396,293,101,7.5,2.48632345898755,567,160,14.5,3.86807213060352,285,128,7.3,3.1974081940733,2661,297,67.8,4.52588023374084,Bachelor's Degree or Higher,784178,97.01758858016824,,
53033010401,1629874,0,Census Tract 104.01,Washington,King County,3230,377,1565,242,50,66,0,13,39,56,0,13,10,15,31,35,9,15,7,14,312,118,67,66,212,109,120,75,418,151,199,145,29,28,62,38,1665,229,54,41,63,53,70,52,57,53,27,27,61,56,16,25,29,29,241,96,17,25,147,84,110,62,486,189,209,81,9,15,69,65,523,158,16.2,4.51181139041064,553,152,17.1,4.26052955227031,443,155,13.7,4.52388300721936,230,97,7.1,2.88579688876809,1481,305,45.9,7.77974321902972,Bachelor's Degree or Higher,784178,83.80804953560371,,
53033010402,1742875,0,Census Tract 104.02,Washington,King County,3595,631,1883,402,97,58,0,13,73,77,0,13,31,33,14,18,13,16,32,33,519,336,98,74,314,104,170,92,383,109,56,41,43,31,40,36,1712,257,122,58,29,26,57,47,45,45,49,68,0,13,0,13,22,25,337,239,64,48,164,67,182,87,407,111,180,81,18,21,36,31,584,162,16.2,3.48946979481705,856,412,23.8,10.6711384601118,640,152,17.8,2.84831336589095,352,127,9.8,3.08646725209217,1163,190,32.4,7.75722365290808,Bachelor's Degree or Higher,784178,83.75521557719054,,
53033010701,1457384,3664,Census Tract 107.01,Washington,King County,3217,391,1710,307,13,26,0,13,0,13,0,13,31,47,4,11,10,16,15,29,422,207,71,60,193,100,166,98,521,136,243,95,0,13,21,23,1507,236,82,66,0,13,11,17,0,13,3,6,34,50,0,13,17,20,319,163,19,21,209,87,106,83,443,119,221,92,18,21,25,27,220,113,6.8,3.41283119741495,741,263,23,7.68102777996845,492,147,15.3,4.17430817180363,272,128,8.5,3.84386379009681,1492,228,46.4,4.29597588880977,Bachelor's Degree or Higher,784178,93.16133043207958,,
53033010702,780116,0,Census Tract 107.02,Washington,King County,3058,433,1275,204,12,17,0,13,2,5,15,24,13,21,0,13,0,13,16,27,209,104,44,28,229,112,120,61,303,139,243,76,26,23,43,52,1783,360,150,95,0,13,9,15,55,50,28,30,6,9,0,13,30,31,317,165,18,27,124,59,145,130,593,248,268,104,36,29,4,6,336,129,11,3.92106728417736,526,195,17.2,5.89326471167316,415,132,13.6,3.86523772986491,265,144,8.7,4.54628172217236,1516,319,49.6,7.71652041217068,Bachelor's Degree or Higher,784178,89.01242642249836,,
53033010800,4140525,322633,Census Tract 108,Washington,King County,3511,423,1703,207,43,35,8,13,25,27,0,13,0,13,0,13,1,2,11,18,292,123,64,37,259,149,123,59,587,143,243,92,17,20,30,33,1808,259,37,34,8,14,2,4,0,13,9,13,5,11,0,13,1,2,280,157,86,50,156,66,235,170,579,142,351,116,38,40,21,25,150,70,4.3,1.9261463633861,572,199,16.3,5.31719285500066,565,174,16.1,4.56088096712871,358,180,10.2,4.97738790966655,1866,257,53.1,3.5469043077006,Bachelor's Degree or Higher,784178,95.72771290230703,,
53033010900,5389781,414929,Census Tract 109,Washington,King County,1032,157,563,101,27,28,0,13,0,13,0,13,0,13,7,10,27,35,0,13,124,53,42,25,95,47,18,13,179,64,17,15,15,24,12,12,469,128,0,13,0,13,0,13,0,13,0,13,0,13,19,28,0,13,25,21,32,32,37,30,66,44,212,115,67,30,6,9,5,9,80,70,7.8,6.67963818549705,149,57,14.4,5.06772597389667,206,69,20,5.95662939309672,84,46,8.1,4.28191016615922,513,139,49.7,11.1455996220217,Bachelor's Degree or Higher,784178,92.24806201550388,,
53033011001,1080391,0,Census Tract 110.01,Washington,King County,3697,500,1745,341,249,186,54,57,28,43,89,69,29,42,0,18,0,18,123,78,425,192,129,73,168,81,71,47,297,113,83,50,0,18,0,18,1952,350,58,50,214,123,55,46,39,48,41,63,0,18,8,19,101,59,263,134,123,99,291,169,82,71,365,169,231,92,59,48,22,23,1088,288,29.4,6.69656811194061,688,234,18.6,5.80753122352079,711,224,19.2,5.47228159679906,153,85,4.1,2.22999305052181,1057,236,28.6,5.07917408052367,Less than High School,4C91BF,70.57073302677847,,
53033011002,1719569,0,Census Tract 110.02,Washington,King County,2826,358,1359,251,56,47,22,34,27,25,37,32,0,13,16,21,8,14,35,33,600,235,11,17,212,85,66,43,158,66,111,78,0,13,0,13,1467,203,74,49,44,46,58,53,83,73,18,22,10,16,9,15,27,27,456,119,64,58,176,105,136,76,257,105,32,35,18,22,5,8,524,146,18.5,4.60144736296959,1056,263,37.4,8.01259742634097,463,148,16.4,4.80826487048006,202,87,7.1,2.94237527771054,581,154,20.6,4.78673379851065,High School,738046,81.45789101203114,,
53033011101,1136851,0,Census Tract 111.01,Washington,King County,4101,437,1984,290,119,112,0,18,13,21,55,87,49,52,0,18,48,55,1,6,459,206,240,130,178,105,191,91,419,139,151,82,25,38,36,42,2117,318,130,93,19,32,13,20,27,41,26,42,83,95,51,64,42,44,445,160,43,37,279,160,175,112,365,189,313,138,73,59,33,38,676,236,16.5,5.48007338136999,904,261,22,5.91496860321962,740,234,18,5.37219071533053,366,144,8.9,3.38010179978604,1415,298,34.5,6.2677098172322,Bachelor's Degree or Higher,784178,83.51621555718117,,
53033011102,1303226,1143440,Census Tract 111.02,Washington,King County,4099,684,2171,432,53,65,0,18,15,24,0,18,0,18,0,18,0,18,0,18,587,280,97,77,244,155,219,93,564,184,230,74,74,60,88,66,1928,330,0,18,0,18,18,21,13,17,3,7,0,18,0,18,0,18,264,110,38,39,192,106,74,49,827,296,348,137,73,68,78,66,102,96,2.5,2.3049297198409,851,301,20.8,6.47465978758635,571,207,13.9,4.48320791123782,293,105,7.1,2.26694134221018,2282,403,55.7,3.21830475054962,Bachelor's Degree or Higher,784178,97.51158819224202,,
53033011200,2483779,139646,Census Tract 112,Washington,King County,2704,367,1498,277,28,33,0,13,117,135,0,13,8,12,21,27,28,40,76,57,503,151,49,43,133,76,123,69,292,117,60,50,60,55,0,13,1206,218,35,34,20,23,0,13,111,103,31,34,0,13,37,59,33,37,277,112,26,30,194,75,76,59,296,98,63,43,0,13,7,12,545,210,20.2,7.26853449036286,780,188,28.8,5.74553722378801,402,119,14.9,3.9110462638574,199,91,7.4,3.21373412907629,778,176,28.8,5.20726880963261,High School,738046,79.84467455621301,,
53033011300,3419308,42220,Census Tract 113,Washington,King County,4818,539,2291,378,53,53,0,18,47,52,0,18,0,18,43,65,0,18,0,18,308,158,149,95,405,229,197,95,667,183,257,108,125,90,40,49,2527,376,50,40,27,42,1,2,18,29,79,80,0,18,0,18,30,34,388,137,220,127,180,87,441,251,597,160,308,107,106,71,82,89,348,154,7.2,3.09252340701559,696,209,14.4,4.02562282699687,954,292,19.8,5.6412806230068,638,268,13.2,5.36157963321718,2182,325,45.3,4.45338448787018,Bachelor's Degree or Higher,784178,92.77708592777087,,
53033011401,1233155,0,Census Tract 114.01,Washington,King County,3767,565,1754,349,41,48,2,12,6,13,0,18,77,67,15,24,51,65,25,27,313,108,72,44,294,107,358,319,338,100,127,59,35,33,0,18,2013,294,6,10,0,18,0,18,0,18,0,18,24,43,21,27,31,36,325,214,106,60,537,178,129,67,543,135,227,82,14,17,50,50,299,135,7.9,3.3802376436758,638,240,16.9,5.84279274271909,1009,221,26.8,4.27537840085873,487,326,12.9,8.43407407013669,1334,206,35.4,1.30133201279819,Bachelor's Degree or Higher,784178,92.06264932306875,,
53033011402,1186191,0,Census Tract 114.02,Washington,King County,3132,354,1578,230,38,39,5,9,0,13,14,23,124,122,0,13,0,13,11,13,464,154,66,47,202,87,152,75,406,183,43,36,22,23,31,32,1554,244,13,16,29,31,8,13,47,65,35,52,0,13,0,13,38,42,285,153,127,92,191,91,120,91,366,121,289,142,0,13,6,9,362,168,11.6,5.20247174821221,749,217,23.9,6.37948112560127,586,163,18.7,4.75531756789787,272,118,8.7,3.63744428614099,1163,267,37.1,7.4201847851136,Bachelor's Degree or Higher,784178,88.44189016602809,,
53033011500,1538373,0,Census Tract 115,Washington,King County,3443,345,1520,168,10,17,0,13,0,13,0,13,6,9,0,13,11,17,18,21,202,82,56,40,241,103,230,87,488,113,154,73,55,41,49,37,1923,261,0,13,0,13,0,13,5,8,0,13,0,13,7,11,17,21,129,47,193,142,222,96,170,61,711,213,348,94,49,45,72,61,74,57,2.1,1.64146488395974,331,95,9.6,2.58559624169049,712,204,20.7,5.55090241202311,400,106,11.6,2.85012929883885,1926,285,55.9,6.09097605876902,Bachelor's Degree or Higher,784178,97.85071158873076,,
53033011700,3515808,0,Census Tract 117,Washington,King County,4162,553,1853,327,179,153,0,18,15,21,14,15,11,18,112,112,7,12,105,87,438,121,75,61,375,146,97,63,323,100,54,39,26,23,22,32,2309,322,169,138,53,69,22,25,0,18,108,75,122,100,0,18,65,49,655,178,109,64,292,110,159,80,369,138,135,71,29,28,22,25,982,297,23.6,6.41049070596199,1093,215,26.3,3.80919525174681,851,203,20.4,4.0507879520173,256,102,6.2,2.31046189688518,980,196,23.5,3.51983833131384,High School,738046,76.40557424315233,,
53033012000,1437048,0,Census Tract 120,Washington,King County,2551,305,1091,135,8,15,9,14,0,13,0,13,8,15,31,26,0,13,9,13,129,68,81,63,160,82,79,47,339,84,225,71,13,14,0,13,1460,243,7,12,0,13,0,13,0,13,13,20,15,26,0,13,9,15,151,81,170,129,121,54,133,55,518,130,261,108,50,37,12,14,109,64,4.3,2.4562564961903,280,106,11,3.94256283043555,532,174,20.9,6.34878362878736,212,72,8.3,2.64174444391468,1418,206,55.6,4.58711639684546,Bachelor's Degree or Higher,784178,95.72716581732654,,
53033012100,1739952,1380849,Census Tract 121,Washington,King County,2110,218,951,99,0,13,0,13,0,13,0,13,0,13,2,7,0,13,11,16,53,35,44,30,110,51,72,42,521,123,53,31,66,50,19,18,1159,166,0,13,0,13,0,13,0,13,0,13,21,23,0,13,12,19,75,35,60,40,126,46,50,35,500,145,233,86,82,56,0,13,46,57,2.2,2.69201518918146,128,49,6.1,2.23609749782827,340,85,16.1,3.66832796844554,122,55,5.8,2.53725882031859,1474,225,69.9,7.84968356668266,Bachelor's Degree or Higher,784178,97.81990521327015,,
53033000101,414848,0,Census Tract 1.01,Washington,King County,2562,445,1364,273,23,32,0,13,0,13,18,29,0,13,0,13,12,22,13,21,313,120,101,61,165,97,95,72,485,253,104,83,35,39,0,13,1198,270,49,46,0,13,0,13,0,13,0,13,0,13,9,18,16,25,241,74,28,33,129,106,53,65,419,206,202,125,37,46,15,25,140,86,5.5,3.21977062061925,554,141,21.6,4.02268956758241,423,160,16.5,5.54774859317319,148,97,5.8,3.65072948463362,1297,365,50.6,11.2093463960871,Bachelor's Degree or Higher,784178,94.53551912568307,,
53033000102,1495019,918878,Census Tract 1.02,Washington,King County,3572,628,1702,295,34,51,0,13,51,80,0,13,43,68,0,13,16,24,108,135,353,214,59,48,96,77,129,103,537,149,205,95,49,36,22,28,1870,423,53,61,0,13,10,24,0,13,0,13,0,13,32,49,0,13,358,152,83,84,158,109,143,95,523,337,352,139,132,88,26,32,347,201,9.7,5.36164876210273,711,262,19.9,6.44617397776985,396,165,11.1,4.18791343919763,272,140,7.6,3.68363699317269,1846,418,51.7,7.37468830993518,Bachelor's Degree or Higher,784178,90.2855543113102,,
53033000201,1806749,0,Census Tract 2.01,Washington,King County,3525,670,1840,566,18,29,0,13,0,13,0,13,58,60,0,13,26,44,29,35,265,299,75,62,221,136,60,50,500,149,254,156,33,38,301,394,1685,261,0,13,0,13,0,13,0,13,0,13,48,59,0,13,43,68,205,100,3,6,250,127,100,59,698,212,230,149,47,45,61,58,222,132,6.3,3.54820013012727,470,315,13.3,8.56928049636523,549,196,15.6,4.70676681561371,160,77,4.5,2.00680898027449,2124,525,60.3,9.52121657839159,Bachelor's Degree or Higher,784178,93.70212765957446,,
53033000202,1480085,0,Census Tract 2.02,Washington,King County,3336,312,1784,232,0,13,0,13,0,13,19,31,0,13,0,13,19,33,38,56,318,181,62,56,164,85,148,95,685,150,211,87,92,91,28,33,1552,195,27,44,0,13,43,42,0,13,0,13,0,13,49,46,16,25,247,135,56,43,170,85,58,58,469,153,330,123,35,43,52,46,211,115,6.3,3.39610922817879,565,226,16.9,6.58679979032292,452,139,13.5,3.96930050169087,206,111,6.2,3.27683468120512,1902,286,57,6.71308684234191,Bachelor's Degree or Higher,784178,93.67505995203837,,
53033000403,669384,62871,Census Tract 4.03,Washington,King County,2636,243,1164,194,0,13,0,13,0,13,0,13,8,13,26,34,30,44,22,37,148,89,70,58,149,91,203,133,363,116,110,78,35,58,0,13,1472,174,0,13,0,13,0,13,8,14,8,20,0,13,0,13,31,36,228,114,117,90,153,90,251,126,300,130,345,117,17,27,14,22,133,90,5,3.38243406668535,376,145,14.3,5.34128264485704,489,167,18.6,6.10018551801806,454,183,17.2,6.75834422530388,1184,234,44.9,7.85224741266963,Bachelor's Degree or Higher,784178,94.95447647951441,,
53033000404,617482,13535,Census Tract 4.04,Washington,King County,3009,520,1137,270,0,13,0,13,0,13,29,34,38,62,0,13,0,13,0,13,238,158,197,192,240,98,37,35,259,131,57,45,42,65,0,13,1872,393,55,86,36,55,0,13,18,28,0,13,73,43,0,13,28,45,365,215,144,93,451,213,255,180,315,165,132,90,0,13,0,13,277,147,9.2,4.61905522632243,603,267,20,8.16965037787148,1032,317,34.3,8.70962609270866,292,183,9.7,5.84596427032872,805,243,26.8,6.6213992873934,Some College,D9B400,90.794283815221,,
53033000601,1431268,0,Census Tract 6.01,Washington,King County,3489,570,1714,300,0,13,0,13,0,13,0,13,0,13,0,13,0,13,0,13,253,163,191,156,193,110,76,59,707,285,251,101,26,29,17,26,1775,418,76,101,14,22,0,13,0,13,0,13,0,13,0,13,11,19,233,118,168,182,370,207,123,97,479,110,191,109,37,53,73,57,101,115,2.9,3.2619686615667,486,201,13.9,5.29244965855829,922,335,26.4,8.57627310064438,199,114,5.7,3.13172730580227,1781,351,51,5.62682532572099,Bachelor's Degree or Higher,784178,97.10518773287475,,
53033000602,2355577,55191,Census Tract 6.02,Washington,King County,2841,246,1415,177,26,42,0,13,0,13,42,67,0,13,0,13,48,53,0,13,272,125,37,44,116,86,183,98,315,114,163,102,33,37,180,85,1426,178,3,5,29,41,0,13,0,13,0,13,38,60,0,13,0,13,149,85,149,88,205,119,122,64,378,156,266,109,48,54,39,47,186,127,6.5,4.43416541156446,421,151,14.8,5.15781829218998,507,177,17.8,6.03552666012383,305,117,10.7,4.0119809824993,1422,271,50.1,8.49745074610856,Bachelor's Degree or Higher,784178,93.45300950369588,,
53033001201,1008240,0,Census Tract 12.01,Washington,King County,3031,488,1465,364,24,43,0,13,77,126,0,13,0,13,22,35,0,13,0,13,217,129,56,61,319,200,236,180,453,192,49,49,0,13,12,19,1566,288,11,20,72,115,0,13,0,13,0,13,0,13,125,174,21,34,274,132,61,63,262,149,55,41,484,229,169,118,32,37,0,13,352,256,11.6,8.23649238555445,491,185,16.2,5.51829119092878,698,264,23,7.88143896504776,291,185,9.6,5.90461892585054,1199,328,39.6,8.7488118871662,Bachelor's Degree or Higher,784178,88.3866710656549,,
53033001202,821426,0,Census Tract 12.02,Washington,King County,2180,377,1071,285,0,13,0,13,0,13,0,13,0,13,0,13,0,13,30,43,234,140,83,61,53,47,111,118,346,222,144,98,36,40,34,43,1109,221,0,13,0,13,0,13,0,13,0,13,0,13,0,13,9,33,79,57,31,41,234,148,34,41,297,119,347,138,54,74,24,38,39,73,1.8,3.33430133640575,313,151,14.4,6.46627318659835,401,172,18.4,7.22021251808977,145,125,6.7,5.61738591793907,1282,320,58.8,10.5850532580492,Bachelor's Degree or Higher,784178,98.21100917431193,,
53033003201,1152079,1354300,Census Tract 32.01,Washington,King County,3712,613,1742,306,0,13,0,13,0,13,0,13,0,13,0,13,0,13,57,89,211,187,19,32,443,172,0,13,529,191,418,104,57,80,8,19,1970,536,0,13,0,13,66,104,0,13,0,13,0,13,0,13,0,13,118,88,53,53,238,133,256,235,652,152,507,441,31,48,49,58,123,145,3.3,3.86773270929502,329,207,8.9,5.38099855986561,753,226,20.3,5.08388888034366,256,235,6.9,6.22753418813628,2251,527,60.6,10.0635229634412,Bachelor's Degree or Higher,784178,96.68642241379311,,
53033003202,956016,0,Census Tract 32.02,Washington,King County,3571,638,1881,441,0,13,0,13,0,13,0,13,0,13,0,13,0,13,0,13,154,155,324,353,86,80,20,32,710,232,292,179,219,145,76,92,1690,302,0,13,0,13,0,13,0,13,0,13,0,13,0,13,0,13,26,44,131,117,58,73,154,139,627,196,466,236,112,99,116,113,0,52,0,1.45617474096892,180,161,5,4.41768386811018,599,387,16.8,10.4146942391091,174,143,4.9,3.90871069094961,2618,482,73.3,3.25939908290317,Bachelor's Degree or Higher,784178,100,,
53033003301,669207,0,Census Tract 33.01,Washington,King County,3696,535,1934,307,0,13,0,13,0,13,0,13,0,13,1,2,0,13,0,13,171,116,101,77,189,74,136,95,868,298,315,119,77,59,76,59,1762,278,0,13,0,13,0,13,0,13,0,13,12,24,0,13,0,13,49,44,53,65,65,52,93,63,868,288,495,128,97,73,30,33,13,54,0.4,1.46015158738244,220,124,6,3.24245305175161,408,135,11,3.28453625319995,229,114,6.2,2.95114538827261,2826,464,76.5,5.92529692495695,Bachelor's Degree or Higher,784178,99.6482683982684,,
53033003302,627071,0,Census Tract 33.02,Washington,King County,2972,572,1411,285,17,27,0,13,0,13,0,13,0,13,0,13,0,13,9,18,223,216,60,51,92,67,114,82,556,189,226,113,96,59,18,28,1561,328,18,29,0,13,0,13,0,13,0,13,0,13,0,13,24,38,119,140,25,39,162,162,63,52,629,170,376,118,79,60,66,70,68,73,2.3,2.41646206901704,342,257,11.5,8.35894668910987,339,187,11.4,5.89665778556414,177,97,6,3.05589886559474,2046,323,68.8,17.1367611548495,Bachelor's Degree or Higher,784178,97.71197846567968,,
53033003601,674139,0,Census Tract 36.01,Washington,King County,2966,492,1442,280,0,13,55,71,0,13,0,13,0,13,0,13,0,13,0,13,66,74,32,53,154,114,58,76,643,205,257,108,12,25,165,130,1524,386,0,13,28,46,0,13,0,13,0,13,0,13,0,13,0,13,0,13,81,72,154,127,63,76,768,343,380,161,34,39,16,29,83,98,2.8,3.27134332569663,66,75,2.2,2.50157207832551,421,193,14.2,6.06615730785474,121,107,4.1,3.54351310110591,2275,466,76.7,9.21749876456027,Bachelor's Degree or Higher,784178,97.20161834120027,,
53033003602,522326,0,Census Tract 36.02,Washington,King County,3414,482,1254,269,0,13,0,13,0,13,0,13,0,13,0,13,0,13,0,13,12,20,74,85,52,59,48,75,747,236,225,104,40,47,56,48,2160,422,0,13,0,13,0,13,0,13,0,13,0,13,0,13,0,13,272,176,93,81,95,118,59,58,865,261,547,316,98,108,131,148,0,52,0,1.52314001171646,284,177,8.3,5.04975628952995,314,177,9.2,5.01928616169888,107,95,3.1,2.74725262103247,2709,522,79.3,10.4057403393434,Bachelor's Degree or Higher,784178,100,,
53033004101,1601973,3290570,Census Tract 41.01,Washington,King County,2850,447,1478,292,0,13,0,13,0,13,0,13,0,13,0,13,0,13,0,13,25,30,0,13,0,13,46,43,524,225,267,103,511,237,105,58,1372,198,0,13,0,13,0,13,0,13,0,13,0,13,0,13,0,13,0,13,0,13,12,19,57,48,551,152,302,107,349,200,101,59,0,52,0,1.82456140350877,25,33,0.9,1.1496920225452,12,29,0.4,1.0153986338833,103,64,3.6,2.17289734920837,2710,446,95.1,4.74076624376039,Bachelor's Degree or Higher,784178,100,,
53033004102,1689910,2027249,Census Tract 41.02,Washington,King County,2731,372,1335,217,0,13,0,13,0,13,12,21,0,13,2,5,0,13,0,13,14,25,8,6,26,38,26,27,464,143,347,114,309,185,127,77,1396,211,0,13,0,13,0,13,0,13,0,13,1,5,0,13,9,8,88,70,12,17,152,129,25,37,528,125,281,120,208,111,92,56,24,51,0.9,1.86360730249553,102,74,3.7,2.6614422259479,198,136,7.3,4.88095624193538,51,46,1.9,1.66504630897723,2356,345,86.3,4.6368091986538,Bachelor's Degree or Higher,784178,99.12120102526546,,
53033004201,1244114,0,Census Tract 42.01,Washington,King County,2517,373,1160,200,0,13,0,13,0,13,0,13,0,13,0,13,0,13,0,13,40,41,19,29,105,84,39,42,412,168,291,127,102,55,152,74,1357,214,0,13,42,39,0,13,0,13,0,13,0,13,11,18,0,13,107,91,45,46,87,54,54,57,480,138,317,97,103,84,111,83,53,65,2.1,2.56351726486983,147,100,5.8,3.87756813287583,256,114,10.2,4.2710529908426,93,71,3.7,2.76716524201574,1968,309,78.2,4.05666582404356,Bachelor's Degree or Higher,784178,97.89431863329361,,
53033004202,1220977,0,Census Tract 42.02,Washington,King County,3482,438,1777,290,0,13,0,13,0,13,0,13,0,13,0,13,0,13,0,13,24,40,72,54,34,42,62,59,779,248,371,155,256,163,179,95,1705,259,0,13,0,13,0,13,0,13,0,13,0,13,0,13,0,13,163,93,75,54,88,89,68,61,405,131,515,183,237,145,154,82,0,52,0,1.49339460080414,187,101,5.4,2.82086790143128,269,125,7.7,3.45585823721584,130,85,3.7,2.39552470723246,2896,447,83.2,7.43952019835284,Bachelor's Degree or Higher,784178,100,,
53033004401,694919,0,Census Tract 44.01,Washington,King County,2131,510,1169,399,0,13,0,13,0,13,0,13,0,13,0,13,15,25,26,42,55,46,22,35,171,138,40,41,368,203,258,112,52,50,162,146,962,226,0,13,0,13,0,13,31,49,0,13,0,13,0,13,0,13,89,116,26,32,44,45,0,13,441,158,179,159,68,46,84,60,72,84,3.4,3.85798349878119,144,125,6.8,5.63845193948434,263,153,12.3,6.5440387831879,40,43,1.9,1.96719177972645,1612,365,75.6,24.9222296560494,Bachelor's Degree or Higher,784178,96.6213045518536,,
53033004402,294988,0,Census Tract 44.02,Washington,King County,1745,335,1130,274,42,65,0,13,0,13,0,13,0,13,0,13,0,13,0,13,41,42,0,13,166,122,72,75,581,240,145,100,0,13,83,46,615,197,0,13,0,13,0,13,0,13,0,13,0,13,0,13,0,13,28,37,62,75,80,79,45,42,257,116,99,61,20,35,24,34,42,82,2.4,4.676367851936,69,56,4,3.11809597016586,308,164,17.7,8.76617929181348,117,86,6.7,4.75730623349766,1209,299,69.3,10.8020197105336,Bachelor's Degree or Higher,784178,97.59312320916905,,
53033004701,571393,176916,Census Tract 47.01,Washington,King County,2686,478,1418,448,0,13,0,13,0,13,0,13,0,13,0,13,0,13,67,97,86,65,0,13,138,104,65,58,423,232,487,259,152,123,0,13,1268,261,0,13,0,13,0,13,0,13,0,13,0,13,0,13,2,12,122,107,124,109,87,68,52,65,558,235,225,167,98,106,0,13,69,109,2.6,4.03224657599722,208,125,7.7,4.44503521020551,349,166,13,5.73132901880402,117,87,4.4,3.14488953244743,1943,480,72.3,12.3948243872022,Bachelor's Degree or Higher,784178,97.43112434847356,,
53033004702,266414,0,Census Tract 47.02,Washington,King County,2858,431,1309,261,0,13,0,13,0,13,0,13,0,13,0,13,0,13,7,16,60,71,104,109,31,50,0,13,572,256,412,173,65,75,58,62,1549,354,0,13,0,13,0,13,0,13,0,13,0,13,0,13,0,13,41,71,58,77,33,53,76,93,967,387,269,156,105,126,0,13,7,53,0.2,1.85407579114995,101,100,3.5,3.45812574305257,226,152,7.9,5.18298670032923,76,94,2.7,3.26447409835997,2448,543,85.7,13.9327865409768,Bachelor's Degree or Higher,784178,99.75507347795661,,
53033004703,1188631,155567,Census Tract 47.03,Washington,King County,2984,559,1452,346,0,13,0,13,0,13,0,13,0,13,0,13,0,13,0,13,71,75,27,41,226,201,27,44,638,294,305,197,72,120,86,84,1532,375,0,13,0,13,50,84,0,13,0,13,0,13,0,13,0,13,198,143,39,60,147,189,0,13,662,269,298,188,72,81,66,78,50,98,1.7,3.26914720483978,269,161,9,5.12434458218321,439,285,14.7,9.14466540755551,27,46,0.9,1.53220767354636,2199,517,73.7,10.4690268784908,Bachelor's Degree or Higher,784178,98.32439678284183,,
53033004901,497144,0,Census Tract 49.01,Washington,King County,3025,374,1471,241,19,30,0,13,5,12,0,13,15,22,0,13,28,38,0,13,176,109,67,65,107,83,66,55,657,156,204,140,45,43,82,51,1554,247,0,13,0,13,0,13,0,13,0,13,0,13,0,13,0,13,144,107,46,45,81,62,51,44,611,181,440,132,71,51,110,69,67,71,2.2,2.33107816426889,320,153,10.6,4.88582501071315,301,130,10,4.11767055823537,117,70,3.9,2.26410098449552,2220,325,73.4,5.75336947174129,Bachelor's Degree or Higher,784178,97.78512396694214,,
53033004902,597604,17368,Census Tract 49.02,Washington,King County,2533,452,1291,254,0,13,0,13,0,13,0,13,0,13,0,13,0,13,0,13,13,21,36,35,191,93,52,62,744,231,195,94,28,34,32,38,1242,339,0,13,0,13,43,48,0,13,0,13,0,13,0,13,0,13,83,49,16,23,63,53,0,13,540,180,398,321,77,53,22,28,43,70,1.7,2.74686858522866,96,53,3.8,1.98006944204343,306,115,12.1,3.99564487079832,52,63,2.1,2.46004358703008,2036,451,80.4,10.5494046481414,Bachelor's Degree or Higher,784178,98.30240821160679,,
53033005201,699701,73218,Census Tract 52.01,Washington,King County,2641,512,1399,462,0,13,0,13,0,13,0,13,0,13,0,13,16,25,0,13,48,41,0,13,195,125,233,160,466,257,185,97,120,76,136,80,1242,236,0,13,0,13,0,13,0,13,0,13,0,13,0,13,0,13,0,13,77,79,90,68,251,165,368,130,281,115,84,63,91,58,16,56,0.6,2.11715364245901,48,43,1.8,1.58958821513895,362,163,13.7,5.57055883663947,484,230,18.3,7.95114764945871,1731,354,65.5,4.26723009087759,Bachelor's Degree or Higher,784178,99.39416887542598,,
53033005202,269234,19268,Census Tract 52.02,Washington,King County,1351,536,885,421,15,24,0,13,0,13,0,13,0,13,0,13,0,13,0,13,84,79,13,21,52,64,14,23,501,392,178,107,0,13,28,31,466,221,0,13,0,13,0,13,0,13,0,13,0,13,0,13,0,13,46,64,15,23,52,43,14,22,124,112,151,128,14,22,50,42,15,56,1.1,4.12160521627116,130,102,9.6,6.51363186722465,132,83,9.8,4.76627214408445,28,32,2.1,2.22131048639287,1046,444,77.4,11.6839159470409,Bachelor's Degree or Higher,784178,98.88971132494449,,
53033005303,2432843,749176,Census Tract 53.03,Washington,King County,139,102,82,77,0,13,0,13,0,13,0,13,0,13,0,13,0,13,0,13,4,6,0,13,27,55,0,13,21,33,30,27,0,13,0,13,57,69,0,13,0,13,0,13,0,13,0,13,0,13,0,13,27,61,0,13,0,13,0,13,10,10,8,16,4,5,8,16,0,13,27,79,19.4,55.018086276993,4,14,2.9,9.84808518347532,27,59,19.4,39.9811496558651,10,16,7.2,10.2287853651387,71,53,51.1,6.99416140801614,Bachelor's Degree or Higher,784178,80.57553956834532,,
53033005304,73030,0,Census Tract 53.04,Washington,King County,158,66,53,31,0,13,0,13,0,13,0,13,0,13,0,13,9,15,0,13,9,18,0,13,4,6,0,13,31,19,0,13,0,13,0,13,105,55,0,13,0,13,0,13,0,13,0,13,0,13,0,13,0,13,0,13,0,13,22,31,8,16,38,28,25,21,3,7,9,13,9,53,5.7,33.4598064457591,9,22,5.7,13.719238905956,26,37,16.5,22.3861386071551,8,21,5.1,13.1217744281131,106,48,67.1,11.7287910981125,Bachelor's Degree or Higher,784178,94.30379746835443,,
53033005305,212967,0,Census Tract 53.05,Washington,King County,821,263,522,220,0,13,0,13,0,13,0,13,0,13,5,11,0,13,0,13,21,30,34,55,125,106,22,29,193,146,74,57,16,3,32,36,299,104,0,13,0,13,0,13,4,11,0,13,0,13,39,60,0,13,0,13,0,13,63,37,0,13,74,48,46,44,0,13,73,6,48,78,5.8,9.31417631924056,21,33,2.6,3.935084907021,222,126,27,12.6689750293965,22,32,2.7,3.80198572772998,508,174,61.9,7.50238130268884,Bachelor's Degree or Higher,784178,94.15347137637028,,
53033005306,200489,0,Census Tract 53.06,Washington,King County,1625,711,963,460,0,13,0,13,0,13,0,13,0,13,0,13,0,13,12,20,72,81,35,39,113,104,182,291,181,185,248,119,33,36,87,81,662,304,20,32,0,13,11,17,0,13,0,13,0,13,0,13,0,13,0,13,95,118,49,52,16,25,270,256,185,110,9,14,7,11,43,63,2.6,3.70000613595692,72,82,4.4,4.65890274540781,292,170,18,6.90138630439119,198,292,12.2,17.1601619226988,1020,366,62.8,35.5184133928174,Bachelor's Degree or Higher,784178,97.35384615384616,,
53033005307,130030,0,Census Tract 53.07,Washington,King County,174,76,156,80,0,13,0,13,0,13,0,13,0,13,0,13,0,13,0,13,10,23,0,13,21,32,17,24,83,71,25,31,0,13,0,13,18,28,0,13,0,13,0,13,0,13,0,13,0,13,0,13,0,13,11,26,0,13,2,6,0,13,5,9,0,13,0,13,0,13,0,52,0,29.8850574712644,21,35,12.1,19.411908141684,23,37,13.2,20.4655676427327,17,27,9.8,14.9189148921873,113,83,64.9,38.3508356471308,Bachelor's Degree or Higher,784178,100,,
53033005401,756239,615226,Census Tract 54.01,Washington,King County,2701,408,1511,298,0,13,0,13,0,13,4,10,0,13,0,13,6,14,0,13,81,84,0,13,129,85,29,32,807,238,283,95,80,70,92,61,1190,223,0,13,0,13,0,13,0,13,0,13,0,13,0,13,4,9,6,14,16,27,6,14,13,21,733,176,225,115,154,105,33,31,14,51,0.5,1.88656554725231,87,85,3.2,3.10914225403548,151,91,5.6,3.26157093325101,42,38,1.6,1.38713983976558,2407,361,89.1,18.9694787368285,Bachelor's Degree or Higher,784178,99.4816734542762,,
53033005402,463900,0,Census Tract 54.02,Washington,King County,2519,355,1176,195,0,13,0,13,0,13,0,13,0,13,0,13,0,13,0,13,46,44,0,13,149,100,52,40,502,149,230,84,106,79,91,78,1343,266,0,13,0,13,0,13,21,33,0,13,0,13,0,13,0,13,32,38,43,51,35,35,58,52,487,115,408,137,192,219,67,50,21,60,0.8,2.37899827313679,78,58,3.1,2.26077016798197,227,118,9,4.50896145360735,110,66,4.4,2.54678776351942,2083,352,82.7,7.71102655880922,Bachelor's Degree or Higher,784178,99.16633584755856,,
53033005803,832097,0,Census Tract 58.03,Washington,King County,2758,370,1612,257,33,44,0,13,0,13,3,7,0,13,0,13,2,4,21,26,41,49,0,13,283,124,49,46,573,161,554,235,11,18,42,40,1146,216,0,13,0,13,2,4,0,13,2,6,0,13,0,13,28,50,111,88,0,13,158,118,49,48,528,179,164,69,46,42,58,56,91,82,3.3,2.94003400695334,152,101,5.5,3.58666006474971,441,172,16,5.85586720741107,98,66,3.6,2.34507914660879,1976,353,71.6,8.45180307133648,Bachelor's Degree or Higher,784178,96.7005076142132,,
53033005804,2334443,1169687,Census Tract 58.04,Washington,King County,2007,303,984,206,0,13,0,13,0,13,0,13,0,13,0,13,0,13,16,26,43,48,12,19,147,91,165,164,354,109,171,92,45,44,31,37,1023,199,12,20,0,13,0,13,0,13,0,13,0,13,0,13,0,13,54,57,42,42,67,69,95,77,499,185,180,88,29,47,45,42,28,59,1.4,2.93215599144114,97,75,4.8,3.66499323851148,268,123,13.4,5.78748796501769,260,181,13,8.80381061485646,1354,264,67.5,8.32405154734192,Bachelor's Degree or Higher,784178,98.60488290981564,,
53033005901,778385,173882,Census Tract 59.01,Washington,King County,1947,497,967,259,0,13,0,13,0,13,0,13,0,13,0,13,0,13,0,13,152,165,0,13,145,120,11,20,417,162,136,82,81,87,25,37,980,285,0,13,0,13,0,13,0,13,0,13,0,13,0,13,0,13,0,13,11,18,0,13,0,13,609,272,170,93,170,101,20,32,0,52,0,2.67077555213148,152,166,7.8,8.28976935478668,156,123,8,5.97717220618796,11,24,0.6,1.22420013364615,1628,368,83.6,28.5099244225952,Bachelor's Degree or Higher,784178,100,,
53033005902,1022976,0,Census Tract 59.02,Washington,King County,2878,337,1311,235,0,13,0,13,0,13,0,13,0,13,0,13,0,13,0,13,16,25,58,53,129,87,34,39,574,219,300,120,146,80,54,51,1567,259,20,30,0,13,0,13,0,13,2,6,14,24,0,13,0,13,0,13,41,63,208,123,209,122,618,176,346,158,63,65,46,43,36,61,1.3,2.11446043644006,16,28,0.6,0.970717495343894,436,172,15.1,5.70703290244618,243,128,8.4,4.33625032915871,2147,365,74.6,9.19442091545011,Bachelor's Degree or Higher,784178,98.74913134120918,,
53033006701,380256,105441,Census Tract 67.01,Washington,King County,3081,516,1652,425,0,13,0,13,0,13,0,13,0,13,0,13,0,13,0,13,0,13,0,13,19,31,161,160,698,280,702,341,52,82,20,34,1429,305,0,13,0,13,0,13,0,13,0,13,0,13,0,13,0,13,0,13,0,13,0,13,38,43,632,252,720,273,0,13,39,53,0,52,0,1.68776371308017,0,18,0,0.584225900681597,19,38,0.6,1.2290338619185,199,166,6.5,5.2781535157413,2863,586,92.9,10.9339880271761,Bachelor's Degree or Higher,784178,100,,
53033006702,304748,0,Census Tract 67.02,Washington,King County,2532,523,1358,363,0,13,0,13,0,13,0,13,0,13,0,13,0,13,0,13,48,57,31,56,8,19,42,57,881,372,309,180,0,13,39,66,1174,345,0,13,0,13,0,13,0,13,0,13,0,13,0,13,0,13,70,79,131,196,120,79,0,13,560,266,233,141,0,13,60,68,0,52,0,2.05371248025276,118,97,4.7,3.70805060774759,290,219,11.5,8.31945553037697,42,58,1.7,2.26491000689637,2082,520,82.2,11.5454437984416,Bachelor's Degree or Higher,784178,100,,
53033006703,597133,0,Census Tract 67.03,Washington,King County,2648,456,1076,232,0,13,0,13,0,13,0,13,0,13,0,13,0,13,15,36,154,158,0,13,136,121,74,87,358,145,222,126,86,77,31,46,1572,457,0,13,0,13,0,13,0,13,0,13,0,13,0,13,0,13,40,47,34,54,320,169,141,189,450,177,491,347,40,48,56,61,15,62,0.6,2.33935678530307,194,165,7.3,6.10205943307668,490,215,18.5,7.46788511355364,215,208,8.1,7.72954345776352,1734,450,65.5,12.7134971094863,Bachelor's Degree or Higher,784178,99.43353474320242,,
53033007001,358281,0,Census Tract 70.01,Washington,King County,3518,570,1702,410,0,13,0,13,0,13,0,13,0,13,0,13,0,13,26,41,37,70,70,85,287,182,61,73,749,384,291,165,1,2,180,147,1816,484,0,13,0,13,8,16,2,5,0,13,0,13,0,13,0,13,164,157,14,24,199,119,229,345,821,215,260,158,111,82,8,16,36,64,1,1.81164431254494,201,172,5.7,4.80070299503529,570,235,16.2,6.14247114246428,290,353,8.2,9.94482291150842,2421,524,68.8,9.87580784001088,Bachelor's Degree or Higher,784178,98.97669130187606,,
53033007002,441021,0,Census Tract 70.02,Washington,King County,3075,371,1307,309,0,13,0,13,0,13,14,32,0,13,0,13,0,13,0,13,73,91,206,139,160,167,56,68,413,199,315,137,41,47,29,50,1768,263,23,39,0,13,0,13,0,13,0,13,0,13,0,13,0,13,217,140,33,44,89,86,99,109,876,207,371,174,19,29,41,60,37,70,1.2,2.27178904082909,290,167,9.4,5.31036065870388,488,238,15.9,7.49926398826007,155,128,5,4.1179361266753,2105,375,68.5,8.97258658610007,Bachelor's Degree or Higher,784178,98.79674796747967,,
53033007101,495054,0,Census Tract 71.01,Washington,King County,2534,489,1436,422,0,13,8,21,0,13,0,13,18,40,0,13,6,12,4,9,103,58,79,94,218,148,168,119,493,290,241,113,76,70,22,35,1098,200,0,13,0,13,0,13,0,13,0,13,0,13,0,13,0,13,23,32,0,13,69,52,131,148,543,147,267,122,35,40,30,36,36,66,1.4,2.59010879551188,126,66,5,2.42138288264213,366,183,14.4,6.66223455344626,299,190,11.8,7.14391956765148,1707,377,67.4,7.23573943276514,Bachelor's Degree or Higher,784178,98.57932123125494,,
53033007102,335908,0,Census Tract 71.02,Washington,King County,2228,407,1128,222,13,22,0,13,0,13,0,13,0,13,0,13,0,13,0,13,54,57,17,26,303,162,19,32,337,141,320,143,48,40,17,27,1100,262,17,28,0,13,0,13,0,13,0,13,0,13,0,13,17,26,48,46,0,13,82,82,76,100,413,155,350,192,48,41,49,47,47,64,2.1,2.84656594171967,102,73,4.6,3.16795268745545,402,184,18,7.57228641045033,95,105,4.3,4.64793299755501,1582,328,71,6.96308719878857,Bachelor's Degree or Higher,784178,97.89048473967684,,
53033007201,150744,0,Census Tract 72.01,Washington,King County,4845,757,2796,449,0,18,0,18,0,18,0,18,0,18,0,18,0,18,106,171,0,18,30,50,171,154,85,90,1259,385,1019,331,109,74,17,33,2049,486,0,18,0,18,0,18,74,96,0,18,0,18,0,18,0,18,174,135,0,18,46,70,249,186,814,277,603,333,66,67,23,36,180,207,3.7,4.23282957960818,174,136,3.6,2.75036164954839,247,177,5.1,3.56535720847833,334,207,6.9,4.13444742571357,3910,677,80.7,6.02157005166914,Bachelor's Degree or Higher,784178,96.28482972136223,,
53033007202,280585,0,Census Tract 72.02,Washington,King County,3147,599,1880,393,0,13,36,4,0,13,0,13,0,13,0,13,0,13,0,13,210,138,18,29,179,70,0,13,610,250,608,256,185,200,34,56,1267,326,0,13,36,3,0,13,0,13,0,13,0,13,0,13,0,13,0,13,0,13,178,55,0,13,456,240,452,297,145,172,0,13,72,49,2.3,1.49490065953493,210,139,6.7,4.23034116231184,375,95,11.9,1.99211068211267,0,18,0,0.571973307912297,2490,589,79.1,11.1124209005253,Bachelor's Degree or Higher,784178,97.71210676835082,,
53033007203,579631,0,Census Tract 72.03,Washington,King County,2538,586,1539,405,0,13,0,13,0,13,0,13,0,13,0,13,0,13,0,13,84,83,0,13,208,176,34,56,623,232,402,233,25,41,163,183,999,407,0,13,0,13,139,233,0,13,0,13,0,13,0,13,0,13,58,71,0,13,47,60,57,67,442,190,225,247,0,13,31,51,139,238,5.5,9.29181186797074,142,109,5.6,4.09582929234824,255,187,10,6.9932785808817,91,87,3.6,3.32642784866848,1911,493,75.3,8.66498308039525,Bachelor's Degree or Higher,784178,94.52324665090622,,
53033007301,250787,0,Census Tract 73.01,Washington,King County,1922,502,1176,325,0,13,0,13,0,13,0,13,0,13,0,13,26,41,0,13,38,46,14,24,251,210,140,125,387,167,197,85,70,109,53,55,746,269,0,13,0,13,0,13,0,13,0,13,0,13,0,13,14,22,15,37,0,13,40,62,165,183,298,177,175,116,39,45,0,13,40,67,2.1,3.44331118845947,53,59,2.8,2.98403081337032,305,221,15.9,10.7254497539257,305,222,15.9,10.7812099120843,1219,311,63.4,23.1568050212105,Bachelor's Degree or Higher,784178,97.9188345473465,,
53033007302,312981,0,Census Tract 73.02,Washington,King County,4064,612,2449,486,0,13,0,13,0,13,44,64,0,13,37,54,0,13,17,28,213,159,74,88,166,124,144,148,540,237,887,308,219,218,108,102,1615,316,10,24,0,13,0,13,0,13,0,13,19,44,0,13,0,13,48,60,0,13,78,80,75,79,558,237,628,252,179,147,20,31,127,110,3.1,2.6654692698831,261,170,6.4,4.06973498286834,318,172,7.8,4.06493970733698,219,168,5.4,4.05342486020741,3139,593,77.2,8.81029819978721,Bachelor's Degree or Higher,784178,96.875,,
53033007303,313527,0,Census Tract 73.03,Washington,King County,2292,388,1282,258,0,13,0,13,0,13,0,13,0,13,0,13,0,13,0,13,84,54,26,42,71,58,23,30,386,147,540,224,104,89,48,47,1010,242,0,13,0,13,0,13,1,2,0,13,0,13,0,13,0,13,97,82,16,35,65,53,46,53,385,144,295,215,73,36,32,36,1,50,0,2.18148836940963,181,98,7.9,4.06138061164017,178,96,7.8,3.97680471989924,69,61,3,2.61218235120187,1863,389,81.3,9.93561654135574,Bachelor's Degree or Higher,784178,99.95636998254798,,
53033007403,118559,0,Census Tract 74.03,Washington,King County,2535,507,1523,329,0,13,0,13,0,13,0,13,0,13,0,13,0,13,0,13,40,35,10,17,137,98,118,70,883,291,273,142,62,74,0,13,1012,251,10,12,0,13,0,13,0,13,0,13,0,13,0,13,0,13,31,31,9,14,101,86,17,27,477,193,228,116,139,169,0,13,10,52,0.4,2.04976426931228,71,47,2.8,1.76739926178409,257,132,10.1,4.79611096856597,135,75,5.3,2.76021391471967,2062,436,81.3,5.58185264947955,Bachelor's Degree or Higher,784178,99.60552268244575,,
53033007404,153725,0,Census Tract 74.04,Washington,King County,2807,382,1637,329,33,39,0,13,0,13,0,13,0,13,0,13,0,13,0,13,24,38,20,31,112,97,35,41,768,237,380,242,130,78,135,95,1170,197,0,13,0,13,0,13,0,13,0,13,48,76,0,13,0,13,68,84,96,105,25,40,105,71,547,143,197,113,67,48,17,27,81,98,2.9,3.46911570123379,92,92,3.3,3.24702874381638,253,152,9,5.27428393277674,140,82,5,2.8413225104417,2241,408,79.8,9.65534651649392,Bachelor's Degree or Higher,784178,97.11435696473103,,
53033007405,131830,0,Census Tract 74.05,Washington,King County,2052,414,1400,388,244,299,0,13,0,13,0,13,0,13,0,13,0,13,0,13,90,84,50,47,223,141,119,113,486,172,153,75,35,40,0,13,652,172,0,13,0,13,0,13,0,13,0,13,0,13,0,13,0,13,0,13,10,24,80,63,70,67,330,129,111,88,18,29,33,37,244,303,11.9,14.5698948120851,90,85,4.4,4.04668070622204,363,163,17.7,7.09652144069875,189,131,9.2,6.10757805645322,1166,252,56.8,4.40312353972837,Bachelor's Degree or Higher,784178,88.10916179337231,,
53033007406,150829,0,Census Tract 74.06,Washington,King County,2054,331,1282,269,12,20,0,13,0,13,0,13,0,13,0,13,0,13,0,13,133,82,40,46,139,86,76,96,466,139,234,107,63,61,119,186,772,225,0,13,0,13,0,13,0,13,0,13,0,13,0,13,0,13,0,13,64,101,91,65,0,13,348,137,211,186,42,49,16,26,12,54,0.6,2.62733026133651,133,83,6.5,3.90384623220777,334,155,16.3,7.07666742303073,76,97,3.7,4.68469882157474,1499,354,73,12.5985078017114,Bachelor's Degree or Higher,784178,99.4157740993184,,
53033007501,298283,0,Census Tract 75.01,Washington,King County,3497,773,2002,611,39,63,0,13,0,13,40,66,1,3,0,13,0,13,0,13,465,504,86,99,192,160,68,108,446,261,381,217,284,259,0,13,1495,457,0,13,23,38,0,13,0,13,2,6,0,13,0,13,0,13,29,47,50,81,70,86,28,48,683,279,546,338,64,109,0,13,105,108,3,3.01620078701929,494,506,14.1,14.1285938436,398,222,11.4,5.82853197395359,96,118,2.7,3.31930887098084,2404,622,68.7,9.24415364410249,Bachelor's Degree or Higher,784178,96.9974263654561,,
53033007502,315931,0,Census Tract 75.02,Washington,King County,2031,529,1486,442,0,13,0,13,0,13,0,13,0,13,0,13,0,13,0,13,144,185,0,13,58,95,68,115,1053,383,138,139,25,40,0,13,545,275,0,13,0,13,0,13,0,13,0,13,0,13,0,13,0,13,0,13,0,13,145,145,32,53,206,168,162,157,0,13,0,13,0,52,0,2.56031511570655,144,185,7.1,8.91964963539469,203,174,10,8.16208601306395,100,127,4.9,6.12015789881629,1584,470,78,11.0846771199296,Bachelor's Degree or Higher,784178,100,,
53033007503,187541,0,Census Tract 75.03,Washington,King County,1778,495,1041,327,0,13,0,13,0,13,0,13,0,13,0,13,0,13,0,13,98,125,0,13,55,86,0,13,661,325,227,194,0,13,0,13,737,328,0,13,0,13,0,13,0,13,0,13,0,13,0,13,0,13,83,139,0,13,92,101,111,143,252,210,199,201,0,13,0,13,0,52,0,2.92463442069741,181,187,10.2,10.1283826259686,147,134,8.3,7.17646369609502,111,144,6.2,7.91029388877438,1339,478,75.3,16.8276639692392,Bachelor's Degree or Higher,784178,100,,
53033007901,267231,0,Census Tract 79.01,Washington,King County,2613,406,1262,213,0,13,0,13,0,13,8,19,0,13,0,13,0,13,40,44,109,78,53,57,117,96,51,52,515,188,226,102,84,77,59,60,1351,358,0,13,0,13,0,13,0,13,10,22,0,13,0,13,0,13,49,45,16,25,265,243,3,12,658,195,305,134,9,15,36,60,58,71,2.2,2.69520667220188,158,90,6,3.31370305641062,451,269,17.3,9.93923947412474,54,53,2.1,2.00274218177088,1892,339,72.4,6.46083640566944,Bachelor's Degree or Higher,784178,97.7803291236127,,
53033007902,431244,0,Census Tract 79.02,Washington,King County,2881,397,1491,283,0,13,0,13,0,13,0,13,0,13,0,13,0,13,0,13,98,99,14,25,236,126,31,39,725,198,330,146,31,25,26,42,1390,289,0,13,0,13,0,13,0,13,0,13,11,20,0,13,0,13,11,22,114,154,284,184,103,83,457,153,330,131,64,58,16,27,11,54,0.4,1.87361060280606,109,101,3.8,3.4667442701725,648,272,22.5,8.91791901346069,134,92,4.7,3.12835495406642,1979,328,68.7,6.32601804321114,Bachelor's Degree or Higher,784178,99.61818812912183,,
53033008003,197152,0,Census Tract 80.03,Washington,King County,3852,642,2254,398,31,51,0,13,0,13,63,73,0,13,0,13,0,13,29,46,167,142,32,52,148,114,55,81,988,312,533,251,78,75,130,103,1598,426,0,13,0,13,0,13,0,13,0,13,0,13,0,13,51,77,206,191,0,13,201,199,16,26,466,247,500,219,158,182,0,13,174,134,4.5,3.39626972138069,373,238,9.7,5.96410879915855,381,236,9.9,5.90074279286779,71,85,1.8,2.18515776325895,2853,565,74.1,7.92220874291556,Bachelor's Degree or Higher,784178,95.48286604361371,,
53033008004,284626,526767,Census Tract 80.04,Washington,King County,2941,444,1641,370,0,13,0,13,0,13,0,13,0,13,0,13,0,13,0,13,26,42,75,59,74,76,92,92,585,191,556,298,102,43,131,113,1300,253,0,13,0,13,0,13,0,13,0,13,0,13,0,13,0,13,53,64,63,77,32,51,44,47,672,251,341,139,0,13,95,81,0,52,0,1.76810608636518,79,77,2.7,2.58656030613671,244,133,8.3,4.34535908451553,136,103,4.6,3.43192371010691,2482,478,84.4,10.0912195839422,Bachelor's Degree or Higher,784178,100,,
53033008101,270324,277671,Census Tract 81.01,Washington,King County,2385,291,1320,195,0,13,0,13,16,24,37,60,15,23,0,13,0,13,0,13,56,51,88,83,207,88,69,53,580,151,215,86,37,40,0,13,1065,225,0,13,0,13,0,13,88,140,8,12,0,13,0,13,1,2,130,131,93,70,149,80,41,39,351,113,160,70,27,27,17,29,165,162,6.9,6.73979896431798,186,141,7.8,5.83487034009154,537,161,22.5,6.1662354730034,110,66,4.6,2.70947356164003,1387,226,58.2,6.28045743432736,Bachelor's Degree or Higher,784178,93.08176100628931,,
53033008102,556705,91220,Census Tract 81.02,Washington,King County,2315,540,1440,305,62,65,1,2,17,28,2,3,0,13,7,13,123,110,6,14,224,139,75,66,202,135,26,30,522,187,101,66,29,34,43,56,875,371,0,13,0,13,0,13,29,68,0,13,0,13,0,13,9,20,43,71,48,58,105,106,60,69,223,96,341,321,0,13,17,44,256,154,11.1,6.13179934852553,267,156,11.5,6.1783298262152,430,193,18.6,7.1226416807708,86,75,3.7,3.12170201363429,1276,397,55.1,11.3483295606327,Bachelor's Degree or Higher,784178,88.94168466522679,,
53033008401,250921,0,Census Tract 84.01,Washington,King County,2508,331,1310,265,0,13,0,13,0,13,0,13,23,39,3,6,0,13,30,58,105,79,35,41,252,169,121,125,345,172,278,112,25,42,93,67,1198,301,0,13,0,13,0,13,0,13,22,38,2,5,0,13,32,60,121,93,69,94,135,75,39,49,379,208,263,174,64,71,72,50,112,108,4.5,4.26569687558793,226,122,9,4.71681537507021,491,211,19.6,8.00649729988959,160,134,6.4,5.27614518362397,1519,360,60.6,11.922459623374,Bachelor's Degree or Higher,784178,95.53429027113238,,
53033008402,145446,0,Census Tract 84.02,Washington,King County,2226,474,1397,461,0,13,0,13,0,13,0,13,0,13,0,13,0,13,29,49,95,102,115,185,92,89,61,101,823,401,132,134,50,48,0,13,829,215,0,13,0,13,0,13,0,13,0,13,0,13,0,13,4,8,95,109,68,85,111,89,27,39,301,137,46,55,105,125,72,78,33,70,1.5,3.12876937700545,190,149,8.5,6.44213816860234,386,239,17.3,10.0818409208245,88,108,4,4.77816540679705,1529,474,68.7,15.4756671868331,Bachelor's Degree or Higher,784178,98.51752021563343,,
53033009801,1004708,0,Census Tract 98.01,Washington,King County,2431,367,1131,200,0,13,0,13,0,13,0,13,0,13,0,13,61,98,0,13,114,85,79,67,38,41,21,28,612,169,116,65,74,54,16,26,1300,265,0,13,0,13,0,13,25,39,0,13,0,13,0,13,0,13,67,52,117,110,192,117,154,126,415,126,248,105,67,58,15,25,86,116,3.5,4.74171743520215,181,100,7.4,3.95698535904988,426,179,17.5,6.87157022906315,175,129,7.2,5.19398198342315,1563,259,64.3,4.39271522981335,Bachelor's Degree or Higher,784178,96.46236116824353,,
53033009802,922319,0,Census Tract 98.02,Washington,King County,3158,597,1715,404,18,28,0,13,0,13,0,13,0,13,0,13,0,13,0,13,160,92,42,38,293,175,19,30,863,361,164,85,126,79,30,34,1443,280,0,13,0,13,0,13,0,13,0,13,0,13,0,13,35,40,178,98,49,50,183,98,79,47,508,168,313,222,64,55,34,39,53,69,1.7,2.16176962219758,338,134,10.7,3.72972010226547,567,210,18,5.71832020484065,98,56,3.1,1.67342399852499,2102,476,66.6,8.29815443625856,Bachelor's Degree or Higher,784178,98.32172260924635,,
53033010101,871622,0,Census Tract 101.01,Washington,King County,2627,409,1152,204,61,57,17,29,27,16,4,9,20,17,0,13,18,29,13,24,147,95,16,30,245,133,17,28,339,123,139,91,15,22,74,61,1475,289,86,55,28,36,4,9,22,19,4,7,11,19,0,13,25,40,136,65,195,187,158,109,109,71,343,153,231,85,110,80,13,19,340,115,12.9,3.88628030873304,283,115,10.8,4.0435714126975,614,256,23.4,9.04004936126054,126,76,4.8,2.79499792042266,1264,255,48.1,6.17300044258513,Bachelor's Degree or Higher,784178,87.0574800152265,,
53033010102,1623225,2170065,Census Tract 101.02,Washington,King County,3640,543,1803,427,0,13,0,13,41,62,0,13,0,13,0,13,0,13,16,26,419,396,22,34,82,76,0,13,810,197,272,138,92,71,49,42,1837,284,0,13,0,13,0,13,15,23,0,13,27,31,0,13,77,101,223,133,38,40,160,108,74,53,662,181,407,137,98,60,56,48,176,134,4.8,3.60996515261474,642,418,17.6,11.1780423795829,302,142,8.3,3.69956100994659,74,55,2,1.48024166333968,2446,349,67.2,13.8713517222604,Bachelor's Degree or Higher,784178,95.16483516483515,,
53033010301,1002658,0,Census Tract 103.01,Washington,King County,3060,617,1708,567,0,13,0,13,0,13,0,13,57,79,4,8,10,17,13,23,507,258,91,73,76,61,160,153,268,110,421,262,35,37,66,62,1352,201,21,26,5,13,9,20,55,60,5,12,0,13,8,13,19,23,314,113,114,85,61,48,12,20,255,112,347,157,64,51,63,52,206,117,6.7,3.57446892441336,821,282,26.8,7.46072137996894,342,136,11.2,3.83074017809895,172,154,5.6,4.90340121163229,1519,358,49.6,6.05725107222595,Bachelor's Degree or Higher,784178,93.26797385620915,,
53033010302,632167,0,Census Tract 103.02,Washington,King County,2692,613,1364,373,0,13,0,13,0,13,0,13,9,20,0,13,0,13,18,30,103,63,0,13,90,85,68,64,483,193,330,145,85,131,178,140,1328,291,0,13,62,102,0,13,0,13,0,13,0,13,0,13,0,13,74,71,15,24,22,27,20,25,623,189,443,148,43,42,26,31,89,118,3.3,4.31822488936045,177,95,6.6,3.1956244351703,127,93,4.7,3.28340649058361,88,69,3.3,2.45268036154426,2211,394,82.1,23.7485554612466,Bachelor's Degree or Higher,784178,96.69390787518573,,
53033010501,742016,0,Census Tract 105.01,Washington,King County,3329,419,1579,282,0,13,30,41,0,13,0,13,23,38,0,13,0,13,23,38,155,96,35,59,247,144,52,65,715,253,208,139,26,43,65,53,1750,259,0,13,29,40,8,18,0,13,0,13,0,13,0,13,25,46,274,150,22,28,158,116,55,59,820,274,268,152,16,25,75,91,138,101,4.1,2.9887438946286,429,178,12.9,5.09500615389922,462,196,13.9,5.62257649173694,107,88,3.2,2.61229729518759,2193,442,65.9,10.3701117718831,Bachelor's Degree or Higher,784178,95.85461099429257,,
53033010502,975912,0,Census Tract 105.02,Washington,King County,5020,921,2725,576,0,18,0,18,0,18,0,18,0,18,22,39,0,18,87,120,486,338,46,55,391,365,73,94,1226,397,255,142,116,186,23,40,2295,455,0,18,0,18,0,18,0,18,0,18,0,18,0,18,0,18,247,138,110,96,270,156,294,250,482,238,781,441,89,78,22,36,109,143,2.2,2.82061356393426,733,365,14.6,6.75941788157057,817,412,16.3,7.64474352074502,367,267,7.3,5.14682567166773,2994,687,59.6,8.21918086552126,Bachelor's Degree or Higher,784178,97.82868525896414,,
53033010601,1089233,0,Census Tract 106.01,Washington,King County,3690,601,1915,465,0,13,0,13,72,112,0,13,0,13,0,13,68,103,0,13,90,61,56,73,204,120,351,243,643,234,359,161,35,41,37,36,1775,301,14,21,0,13,0,13,0,13,0,13,0,13,0,13,0,13,84,88,58,49,264,148,116,91,689,193,467,166,74,63,9,16,154,161,4.2,4.30986968029436,174,107,4.7,2.79617197701981,582,210,15.8,5.07828285424898,467,259,12.7,6.70947355429801,2313,391,62.7,2.8370934207084,Bachelor's Degree or Higher,784178,95.82655826558265,,
53033010602,1505061,817134,Census Tract 106.02,Washington,King County,3196,520,1696,382,0,13,0,13,14,22,0,13,10,17,0,13,0,13,0,13,95,81,197,193,213,110,82,66,865,369,132,76,52,43,36,34,1500,237,1,2,1,2,0,13,19,31,0,13,0,13,0,13,0,13,128,78,47,54,124,53,120,82,662,201,263,102,44,42,91,74,45,60,1.4,1.86331673735445,223,112,7,3.31539910581745,581,235,18.2,6.73181095449033,202,105,6.3,3.1202666277321,2145,451,67.1,8.93800582686831,Bachelor's Degree or Higher,784178,98.59198998748435,,
53033011601,1554538,184845,Census Tract 116.01,Washington,King County,2523,293,1224,180,16,28,0,13,0,13,26,43,0,13,12,22,0,13,4,9,161,92,39,43,63,54,10,13,641,167,162,75,55,46,35,49,1299,144,0,13,0,13,0,13,10,18,6,9,0,13,0,13,9,19,46,41,27,30,114,76,61,39,573,141,301,119,58,46,94,63,83,74,3.3,2.90802822673934,207,101,8.2,3.88812829852776,243,107,9.6,4.09082810388842,71,41,2.8,1.59184897145195,1919,280,76.1,6.71874463402288,Bachelor's Degree or Higher,784178,96.71026555687673,,
53033011602,1565825,786358,Census Tract 116.02,Washington,King County,2543,503,1075,177,0,13,0,13,0,13,0,13,0,13,0,13,0,13,0,13,169,105,7,16,120,64,90,65,545,187,122,76,0,13,22,27,1468,372,0,13,0,13,0,13,0,13,48,75,5,10,0,13,0,13,134,80,28,31,142,84,44,36,821,330,176,91,42,55,28,33,53,90,2.1,3.51503590688237,303,132,11.9,4.62484461010567,297,111,11.7,3.70350788015939,134,74,5.3,2.71688729978945,1756,404,69.1,8.11399490137966,Bachelor's Degree or Higher,784178,97.915847424302,,
53033011801,1160802,630417,Census Tract 118.01,Washington,King County,2177,432,1051,272,143,118,0,13,0,13,13,21,0,13,0,13,27,50,12,28,58,80,37,47,133,94,166,118,396,220,28,43,25,38,13,22,1126,224,53,81,21,33,27,45,39,48,41,61,0,13,0,13,10,27,171,99,45,51,95,81,0,13,426,153,172,155,26,40,0,13,386,187,17.7,7.83613782878538,229,127,10.5,5.44748303562302,310,142,14.2,5.87889732100619,166,119,7.6,5.25263821160087,1086,318,49.9,10.7414777443117,Bachelor's Degree or Higher,784178,82.26917776757004,,
53033011802,1139611,1037832,Census Tract 118.02,Washington,King County,3190,378,1613,288,51,46,43,56,0,13,0,13,19,33,14,28,11,26,14,23,278,193,40,48,215,177,210,98,464,177,106,95,83,103,65,107,1577,259,145,93,8,15,19,36,0,13,0,13,0,13,0,13,26,40,236,115,185,165,149,111,249,139,362,132,198,118,0,13,0,13,350,145,11,4.35555778610031,514,225,16.1,6.78995621548786,589,271,18.5,8.20872808350079,459,170,14.4,5.04904645139276,1278,307,40.1,8.37148130005596,Bachelor's Degree or Higher,784178,89.0282131661442,,
53033011901,1682374,0,Census Tract 119.01,Washington,King County,3210,1015,1722,558,74,77,18,32,0,13,0,13,98,153,0,13,0,13,33,33,588,297,151,109,267,127,104,84,151,99,59,56,154,164,25,33,1488,496,96,82,0,13,16,29,4,22,0,13,120,176,0,13,4,19,265,127,55,43,230,216,151,86,374,176,71,52,102,67,0,13,463,268,14.4,6.99312410103326,853,323,26.6,5.53616506753154,703,277,21.9,5.1488620307024,255,120,7.9,2.76867438423968,936,282,29.2,12.7352188974989,Bachelor's Degree or Higher,784178,85.57632398753894,,
53033011902,1580686,1217487,Census Tract 119.02,Washington,King County,2509,505,1323,346,46,49,0,13,0,13,0,13,0,13,43,45,55,74,0,13,190,126,205,86,228,107,119,112,307,119,94,81,23,28,13,24,1186,240,33,44,0,13,77,50,0,13,0,13,0,13,0,13,0,13,183,135,80,67,150,98,189,125,346,140,102,84,0,13,26,39,254,127,10.1,4.63353927084577,373,185,14.9,6.73900920904267,663,181,26.4,4.87379736744536,308,168,12.3,6.22334836441772,911,225,36.3,5.19717585067714,Bachelor's Degree or Higher,784178,89.87644479872459,,
