Geographic Identifier - FIPS Code,Area of Land (Square Meters),Area of Water (Square Meters),Name,State,County,Total households,Total households - Margin of Error,"Households whose income in the past 12 months was less than $10,000","Households whose income in the past 12 months was less than $10,000 - Margin of Error","Households whose income in the past 12 months was $10,000 to $14,999","Households whose income in the past 12 months was $10,000 to $14,999 - Margin of Error","Households whose income in the past 12 months was $15,000 to $19,999","Households whose income in the past 12 months was $15,000 to $19,999 - Margin of Error","Households whose income in the past 12 months was $20,000 to $24,999","Households whose income in the past 12 months was $20,000 to $24,999 - Margin of Error","Households whose income in the past 12 months was $25,000 to $29,999","Households whose income in the past 12 months was $25,000 to $29,999 - Margin of Error","Households whose income in the past 12 months was $30,000 to $34,999","Households whose income in the past 12 months was $30,000 to $34,999 - Margin of Error","Households whose income in the past 12 months was $35,000 to $39,999","Households whose income in the past 12 months was $35,000 to $39,999 - Margin of Error","Households whose income in the past 12 months was $40,000 to $44,999","Households whose income in the past 12 months was $40,000 to $44,999 - Margin of Error","Households whose income in the past 12 months was $45,000 to $49,999","Households whose income in the past 12 months was $45,000 to $49,999 - Margin of Error","Households whose income in the past 12 months was $50,000 to $59,999","Households whose income in the past 12 months was $50,000 to $59,999 - Margin of Error","Households whose income in the past 12 months was $60,000 to $74,999","Households whose income in the past 12 months was $60,000 to $74,999 - Margin of Error","Households whose income in the past 12 months was $75,000 to $99,999","Households whose income in the past 12 months was $75,000 to $99,999 - Margin of Error","Households whose income in the past 12 months was $100,000 to $124,999","Households whose income in the past 12 months was $100,000 to $124,999 - Margin of Error","Households whose income in the past 12 months was $125,000 to $149,999","Households whose income in the past 12 months was $125,000 to $149,999 - Margin of Error","Households whose income in the past 12 months was $150,000 to $199,999","Households whose income in the past 12 months was $150,000 to $199,999 - Margin of Error","Households whose income in the past 12 months was $200,000 or more","Households whose income in the past 12 months was $200,000 or more - Margin of Error","Households whose income in the past 12 months was less than $75,000","Households whose income in the past 12 months was less than $75,000 - Margin of Error","Percent of households whose income in the past 12 months was less than $75,000","Percent of households whose income in the past 12 months was less than $75,000 - Margin of Error","Percent of households whose income in the past 12 months was $75,000 to $99,999","Percent of households whose income in the past 12 months was $75,000 to $99,999 - Margin of Error","Households whose income in the past 12 months was at least $100,000","Households whose income in the past 12 months was at least $100,000 - Margin of Error","Percent of households whose income in the past 12 months was at least $100,000","Percent of households whose income in the past 12 months was at least $100,000 - Margin of Error",x,y
53033000300,1211013,0,Census Tract 3,Washington,King County,1127,114,0,13,21,24,15,20,0,13,17,18,19,20,48,49,55,51,9,15,53,43,92,71,107,50,263,115,121,52,155,56,152,59,329,119,29.2,10.137693327997,9.5,4.33136469692759,691,150,61.3,11.7763309749001,,
53033000402,1798938,0,Census Tract 4.02,Washington,King County,2546,435,54,54,41,35,52,38,80,78,14,22,83,60,83,91,52,45,93,60,289,178,252,152,441,384,210,132,166,89,172,92,464,191,1093,291,42.9,8.76570187438657,17.3,14.7892841997468,1012,265,39.7,7.88763396565824,,
53033000500,2898252,953717,Census Tract 5,Washington,King County,1263,87,51,41,10,15,0,13,0,13,28,25,10,14,17,24,10,16,38,30,27,24,79,61,86,58,163,76,110,52,202,97,432,99,270,95,21.4,7.3762193122287,6.8,4.56822448649547,907,166,71.8,12.1768741934173,,
53033000700,1294438,0,Census Tract 7,Washington,King County,2345,234,83,56,63,40,171,116,31,31,43,42,89,84,54,56,77,47,94,68,56,48,342,136,285,132,290,165,100,83,294,135,273,108,1103,242,47,9.1907039399889,12.2,5.49680171567605,957,253,40.8,9.99083724750684,,
53033000800,1141931,0,Census Tract 8,Washington,King County,1144,127,9,14,0,13,16,18,8,11,10,15,17,15,55,46,24,34,26,23,59,36,36,30,262,84,97,52,89,57,126,79,310,113,260,85,22.7,6.98857513403106,22.9,6.88843586734598,622,158,54.4,12.4224330984441,,
53033000900,1004853,1849039,Census Tract 9,Washington,King County,892,111,9,8,0,13,5,8,5,7,36,35,8,9,37,54,27,19,12,12,23,25,67,36,135,72,90,40,54,25,105,39,279,48,229,84,25.7,8.85858925055687,15.1,7.84896095319359,528,78,59.2,4.71249521219139,,
53033001000,954203,0,Census Tract 10,Washington,King County,769,81,71,33,12,13,0,13,8,9,9,12,28,20,29,16,4,6,3,6,62,58,40,25,69,35,70,32,103,38,129,42,132,44,266,80,34.6,9.74423554107995,9,4.45215655593623,434,79,56.4,8.37842679524041,,
53033001100,1060685,0,Census Tract 11,Washington,King County,1076,153,24,23,0,13,9,15,7,11,30,46,0,13,25,25,21,24,22,28,92,70,24,24,132,77,108,54,167,78,144,57,271,126,254,104,23.6,9.06386632390031,12.3,6.94027331652411,690,168,64.1,12.6741282064765,,
53033001300,1180877,0,Census Tract 13,Washington,King County,2410,220,57,45,119,71,27,31,163,108,7,20,120,107,64,57,85,84,67,63,253,117,68,46,457,143,375,173,200,116,155,161,193,101,1030,248,42.7,9.52219498044742,19,5.67549641025918,923,282,38.3,11.1667386417108,,
53033001400,2152767,213389,Census Tract 14,Washington,King County,2248,232,39,42,0,18,81,93,43,42,149,110,0,18,50,40,12,20,35,41,170,110,166,78,309,116,182,87,242,114,217,128,553,179,745,216,33.1,8.97921394479518,13.7,4.96132035621639,1194,263,53.1,10.3356888877889,,
53033001500,1167711,526885,Census Tract 15,Washington,King County,1124,128,75,53,8,13,8,13,34,38,0,13,0,13,37,58,9,14,10,17,0,13,48,34,134,63,43,29,143,84,163,86,412,81,229,101,20.4,8.68106900202145,11.9,5.43807504647156,761,148,67.7,10.673825118293,,
53033001600,2020358,320118,Census Tract 16,Washington,King County,1841,239,23,26,8,12,25,28,21,30,20,23,43,51,24,23,29,21,0,13,28,25,112,56,107,57,151,86,49,24,284,98,917,220,333,103,18.1,5.07814870532384,5.8,3.00279782099853,1401,257,76.1,9.86278584416674,,
53033001701,892768,0,Census Tract 17.01,Washington,King County,2142,217,35,39,36,51,96,112,97,98,66,64,33,33,15,23,72,53,51,47,159,90,68,57,347,152,303,123,343,167,246,115,175,86,728,220,34,9.67645297273653,16.2,6.90378563779668,1067,252,49.8,10.6274049215015,,
53033001702,1280220,0,Census Tract 17.02,Washington,King County,2276,223,101,60,13,22,38,41,42,43,46,54,12,20,101,112,13,20,61,51,63,54,305,151,401,160,247,139,237,125,174,96,422,156,795,228,34.9,9.41483714520156,17.6,6.81463257522184,1080,262,47.5,10.5307752232126,,
53033001800,946085,0,Census Tract 18,Washington,King County,2318,239,19,32,0,18,37,45,23,37,44,41,77,70,22,35,212,190,11,18,104,90,122,88,418,160,280,119,269,110,297,134,383,128,671,255,28.9,10.5882406916538,18,6.64737344843999,1229,246,53,9.09630293101301,,
53033001900,1667272,0,Census Tract 19,Washington,King County,2261,153,99,51,24,35,17,18,66,62,26,24,42,25,37,45,25,22,50,32,112,46,183,75,272,90,184,66,219,111,316,96,589,98,681,143,30.1,5.98723054143666,12,3.89640772630857,1308,188,57.9,7.33572070845686,,
53033002000,1103313,28680,Census Tract 20,Washington,King County,1516,122,43,37,43,33,9,13,14,20,28,25,4,6,19,21,31,32,29,28,54,40,141,82,196,76,142,58,139,65,161,53,463,113,415,119,27.4,7.5341348917098,12.9,4.9040373657295,905,152,59.7,8.80052497206017,,
53033002100,1365468,0,Census Tract 21,Washington,King County,1829,234,83,73,24,39,11,18,10,16,56,57,45,33,16,25,89,87,0,13,72,72,98,49,171,79,135,69,220,84,257,139,542,138,504,166,27.6,8.36329393382179,9.3,4.15037182088819,1154,224,63.1,9.21037824450168,,
53033002200,2804076,1154953,Census Tract 22,Washington,King County,2338,192,115,88,112,96,29,32,13,21,47,41,15,24,51,65,43,39,43,39,58,44,65,47,265,105,93,57,228,116,313,169,848,164,591,179,25.3,7.36932087769502,11.3,4.39350052617097,1482,269,63.4,10.2606501417531,,
53033002400,962528,0,Census Tract 24,Washington,King County,1363,242,8,13,8,13,5,8,15,16,0,13,45,33,38,39,21,24,10,16,23,20,78,41,133,87,118,50,151,67,189,95,521,220,251,80,18.4,4.87437215841992,9.8,6.14335679976688,979,254,71.8,13.5883131934573,,
53033002500,984334,0,Census Tract 25,Washington,King County,1299,129,28,21,14,16,45,30,20,15,20,20,6,11,26,20,28,29,7,10,33,26,57,37,116,75,150,65,99,45,140,59,510,122,284,76,21.9,5.43288742269401,8.9,5.70516093697958,899,157,69.2,9.94192662640471,,
53033002600,1216627,28175,Census Tract 26,Washington,King County,1874,202,0,18,8,12,36,42,87,75,62,50,52,80,88,78,8,13,7,13,97,76,97,59,163,69,128,56,79,53,408,165,554,122,542,180,28.9,9.08511704574747,8.7,3.56059476503933,1169,219,62.4,9.55803668974952,,
53033002700,1584847,0,Census Tract 27,Washington,King County,2376,224,83,79,60,80,10,18,14,24,108,84,88,105,30,26,16,25,24,28,61,48,146,109,156,91,164,95,104,91,315,106,997,181,640,219,26.9,8.86045050682925,6.6,3.77961642633379,1580,248,66.5,8.34523283313888,,
53033002800,988287,0,Census Tract 28,Washington,King County,2226,288,30,35,52,84,11,18,35,40,0,13,74,78,54,53,0,13,14,22,212,217,99,63,236,124,236,130,268,136,242,81,663,161,581,266,26.1,11.4626142528836,10.6,5.39900803277226,1409,261,63.3,8.39110244754128,,
53033002900,986209,0,Census Tract 29,Washington,King County,2095,268,74,60,65,64,56,47,24,33,0,13,48,45,26,28,47,41,0,13,88,79,128,81,226,162,219,84,104,68,369,222,621,145,556,169,26.5,7.31761983699534,10.8,7.60856330579977,1313,286,62.7,11.049288123242,,
53033003000,1493249,0,Census Tract 30,Washington,King County,2641,249,34,38,0,18,0,18,0,18,13,23,34,46,137,95,0,18,94,76,103,63,254,125,289,133,349,188,190,93,397,138,747,181,669,199,25.3,7.14651136503572,10.9,4.92915481269127,1683,310,63.7,10.0837137115994,,
53033003100,2236733,472744,Census Tract 31,Washington,King County,2697,247,105,92,20,34,20,31,0,18,0,18,83,68,70,67,0,18,0,18,70,54,150,101,233,108,263,122,181,135,468,167,1034,221,518,185,19.2,6.63010633939693,8.6,3.92550683418842,1946,331,72.2,10.3419885221008,,
53033003400,787161,0,Census Tract 34,Washington,King County,1524,136,11,17,16,18,39,31,49,48,18,20,23,25,0,13,8,12,7,12,56,38,104,59,157,52,153,73,161,65,226,70,496,136,331,101,21.7,6.33754438792978,10.3,3.28589238682859,1036,182,68,10.2867239939495,,
53033003500,1284745,0,Census Tract 35,Washington,King County,1853,166,77,51,0,13,103,119,34,25,47,36,87,78,41,29,61,38,41,37,70,41,138,55,184,64,135,47,98,44,276,81,461,100,699,182,37.7,9.22224766491645,9.9,3.33733769962343,970,144,52.3,6.19674187792448,,
53033003800,624606,0,Census Tract 38,Washington,King County,941,111,46,53,25,24,6,9,22,20,24,25,6,9,7,10,7,10,23,19,34,25,47,28,141,71,58,32,86,41,90,37,319,89,247,81,26.2,8.03170916796109,15,7.33521677551502,553,110,58.8,9.41243801574812,,
53033003900,973808,0,Census Tract 39,Washington,King County,1142,142,10,16,30,29,29,23,12,18,22,18,74,47,12,13,7,11,7,11,35,22,15,15,167,56,81,47,46,25,202,84,393,132,253,75,22.2,5.96176353425805,14.6,4.55408970438822,722,165,63.2,12.1224864432272,,
53033004000,2574586,3232248,Census Tract 40,Washington,King County,1389,143,78,46,47,36,8,13,8,13,18,19,87,92,24,24,22,22,9,14,64,43,107,64,149,75,67,38,94,63,76,42,531,135,472,141,34,9.52930130427207,10.7,5.28542181969281,768,159,55.3,9.93140041590961,,
53033004301,979236,0,Census Tract 43.01,Washington,King County,1340,101,92,63,79,57,40,40,28,24,28,45,45,33,24,36,8,12,11,12,73,55,128,61,101,45,78,34,72,35,96,47,437,90,556,144,41.5,10.28112435461,7.5,3.30980624043814,683,113,51,7.50689330766518,,
53033004302,331137,0,Census Tract 43.02,Washington,King County,1479,180,288,102,117,63,60,39,35,26,114,65,59,52,74,57,74,47,100,75,49,39,189,111,149,66,22,25,70,50,50,37,29,31,1159,220,78.4,11.4151421409207,10.1,4.29073219263746,171,74,11.6,4.8014394760713,,
53033004500,670997,0,Census Tract 45,Washington,King County,1005,122,0,13,8,14,30,37,13,16,15,17,54,31,31,31,47,56,0,13,22,33,91,53,94,49,101,58,48,28,105,52,346,103,311,107,30.9,9.96202951122462,9.4,4.74157316258632,600,132,59.7,10.953837985585,,
53033004600,1552358,1033232,Census Tract 46,Washington,King County,1363,155,22,23,0,13,29,27,12,18,0,13,20,19,19,20,0,13,28,26,59,46,82,39,189,56,174,125,131,55,185,65,413,99,271,85,19.9,5.81191946075612,13.9,3.79392619548353,903,181,66.3,10.935456940611,,
53033004800,1278329,26886,Census Tract 48,Washington,King County,2340,419,91,80,0,18,0,18,0,18,33,37,43,32,16,26,51,44,111,95,41,42,323,354,179,82,256,100,134,84,253,100,809,201,709,385,30.3,15.5327524615663,7.6,3.22548745337942,1452,260,62.1,0.0697856884444249,,
53033005000,757380,0,Census Tract 50,Washington,King County,2328,313,32,38,150,158,17,27,33,38,63,58,52,51,0,13,166,183,30,25,73,52,168,94,341,159,125,78,292,255,339,134,447,139,784,283,33.7,11.2816386711108,14.6,6.53979940694178,1203,329,51.7,12.3065339962232,,
53033005100,881731,0,Census Tract 51,Washington,King County,1604,132,76,47,0,13,41,31,0,13,20,23,43,43,38,29,9,13,18,20,138,75,55,37,183,85,101,44,106,50,272,74,504,96,438,120,27.3,7.1358215675606,11.4,5.2154146087057,983,138,61.3,6.97027461553389,,
53033005600,3022785,1546484,Census Tract 56,Washington,King County,2774,217,85,64,0,18,19,29,38,41,34,37,21,33,22,36,75,95,7,14,69,55,254,111,118,86,190,91,150,77,535,197,1157,198,624,188,22.5,6.54478642839902,4.3,3.08230644479978,2032,304,73.3,9.34142787760858,,
53033005700,5085640,2365806,Census Tract 57,Washington,King County,2989,501,80,75,45,40,171,132,23,26,53,50,47,58,32,37,20,26,42,41,111,66,122,67,259,130,213,101,244,101,575,412,952,257,746,209,25,5.60284495496619,8.7,4.09960759702355,1984,506,66.4,12.7593443901981,,
53033005801,1822365,260223,Census Tract 58.01,Washington,King County,3153,374,51,46,14,23,31,30,49,42,38,40,21,34,40,60,103,62,92,59,62,57,118,75,497,193,478,147,280,131,632,222,647,282,619,167,19.6,4.75715299862508,15.8,5.82860386705303,2037,409,64.6,10.4661852346386,,
53033006000,1340653,160754,Census Tract 60,Washington,King County,3076,470,92,86,34,52,44,70,0,18,144,132,46,44,0,18,67,62,85,117,80,65,438,383,399,213,272,113,324,134,231,125,820,214,1030,451,33.5,13.7402318114248,13,6.63487365049867,1647,304,53.5,5.54440360330501,,
53033006100,1227451,652743,Census Tract 61,Washington,King County,3065,259,188,119,84,82,0,18,41,38,36,39,33,38,0,18,87,60,71,58,144,111,359,164,303,119,141,81,296,136,281,132,1001,260,1043,269,34,8.2920587609232,9.9,3.79160959697013,1719,332,56.1,9.74015626947578,,
53033006200,2437426,239356,Census Tract 62,Washington,King County,1632,147,0,13,0,13,74,67,56,47,0,13,8,13,31,45,30,49,42,39,8,13,80,39,88,50,185,93,78,44,115,50,837,145,329,123,20.2,7.314753448096,5.4,3.0249824000435,1215,185,74.4,9.13956737006463,,
53033006300,2610569,3533560,Census Tract 63,Washington,King County,2648,378,97,118,24,37,0,18,42,39,32,34,116,102,0,18,65,57,123,99,104,71,97,66,238,103,276,132,171,96,133,78,1130,362,700,227,26.4,7.69726957760831,9,3.67203610122934,1710,405,64.6,12.2043490228199,,
53033006400,903649,0,Census Tract 64,Washington,King County,1460,231,60,81,0,13,13,18,10,15,153,179,10,15,0,13,18,19,41,31,49,37,48,32,61,49,88,46,77,49,228,88,604,149,402,208,27.5,13.5641545419434,4.2,3.2904177025407,997,186,68.3,6.75019589837529,,
53033006500,1147619,0,Census Tract 65,Washington,King County,2665,352,46,41,16,19,60,50,29,32,93,85,49,45,56,67,30,34,47,54,157,92,177,103,197,78,404,185,229,221,305,148,770,233,760,206,28.5,6.74997841174323,7.4,2.75917216393951,1708,399,64.1,12.3489786196956,,
53033006600,1117109,831139,Census Tract 66,Washington,King County,2351,208,45,41,15,22,0,13,0,13,63,62,58,72,63,61,35,39,64,51,176,119,63,57,284,132,209,118,276,126,304,147,696,203,582,192,24.8,7.86757181392096,12.1,5.51197471103117,1485,304,63.2,11.6607195320618,,
53033006800,718106,0,Census Tract 68,Washington,King County,1537,186,30,28,8,13,22,32,16,17,15,18,8,12,13,20,31,39,9,13,19,17,169,144,178,75,146,94,128,62,163,72,582,149,340,161,22.1,10.1271128071676,11.6,4.67404677311454,1019,200,66.3,10.2446209362388,,
53033006900,905121,0,Census Tract 69,Washington,King County,2142,191,59,67,10,17,55,78,0,13,7,12,54,39,74,70,41,37,65,60,49,46,119,97,218,89,190,84,128,74,161,68,912,179,533,185,24.9,8.34691292155991,10.2,4.054677998099,1391,222,64.9,8.59562539714116,,
53033007600,571882,0,Census Tract 76,Washington,King County,2219,191,88,61,92,89,73,72,14,24,47,49,32,34,13,22,79,71,108,82,61,49,125,68,280,119,240,115,212,112,229,118,526,206,732,201,33,8.60159771710519,12.6,5.25163932180365,1207,287,54.4,12.0565919651995,,
53033007700,1058322,0,Census Tract 77,Washington,King County,2537,201,60,58,80,101,0,18,0,18,91,88,14,22,84,96,32,37,73,63,158,117,191,111,274,151,189,113,220,122,381,143,690,140,783,251,30.9,9.5866446797945,10.8,5.89008352287015,1480,260,58.3,9.14694299053621,,
53033007800,2097740,3632914,Census Tract 78,Washington,King County,2231,145,33,38,63,75,0,18,37,43,38,41,39,47,37,46,0,18,94,103,101,80,52,48,64,46,128,93,237,123,348,127,960,177,494,187,22.1,8.25742397169844,2.9,2.05340871999388,1673,267,75,10.9303655863164,,
53033008002,234314,0,Census Tract 80.02,Washington,King County,2744,415,275,114,273,184,74,52,43,38,67,70,33,37,74,74,59,56,49,57,121,62,82,65,187,77,456,373,148,75,325,152,478,154,1150,278,41.9,7.90355360409304,6.8,2.60998725659716,1407,438,51.3,13.9517292767364,,
53033008200,375785,0,Census Tract 82,Washington,King County,2856,278,282,142,33,36,57,51,54,51,22,40,64,44,109,76,58,81,23,36,95,71,212,121,217,122,329,141,347,194,418,155,536,150,1009,252,35.3,8.1258007353114,7.6,4.20719728925482,1630,323,57.1,9.85102867148718,,
53033008300,237955,0,Census Tract 83,Washington,King County,2055,260,223,114,71,71,73,77,63,79,46,45,15,23,43,62,28,32,60,74,98,57,195,105,104,71,319,139,210,149,211,99,296,96,915,240,44.5,10.2303418710275,5.1,3.3951373651981,1036,246,50.4,10.1299835599486,,
53033008500,450978,0,Census Tract 85,Washington,King County,1920,186,185,75,84,44,48,40,53,46,51,43,63,48,87,68,40,39,90,70,96,57,289,119,193,81,122,70,169,75,120,75,230,101,1086,209,56.6,9.40571429366589,10.1,4.10482322940561,641,162,33.4,7.79302748868047,,
53033008600,711350,0,Census Tract 86,Washington,King County,2931,330,229,137,298,200,87,62,90,58,14,23,66,55,50,53,104,98,43,60,319,190,242,147,342,144,158,95,287,117,135,70,467,175,1542,378,52.6,11.4558678386562,11.7,4.73409486766855,1047,241,35.7,7.17169221044864,,
53033008700,732385,0,Census Tract 87,Washington,King County,1841,202,103,65,58,64,21,24,83,58,69,67,36,37,0,13,0,13,22,21,49,38,97,59,161,72,107,54,132,68,386,166,517,111,538,154,29.2,7.72606923941487,8.7,3.79137633446666,1142,218,62,9.68984337083373,,
53033008800,948581,0,Census Tract 88,Washington,King County,1650,155,118,76,21,28,14,23,0,13,40,46,77,94,9,16,14,21,33,29,53,44,41,47,262,89,70,43,170,73,216,86,512,104,420,155,25.5,9.08451064586531,15.9,5.18358767924583,968,159,58.7,7.9048819379684,,
53033008900,1270033,1798066,Census Tract 89,Washington,King County,2543,306,98,89,2,3,45,61,21,32,0,18,37,44,75,70,20,32,48,46,256,235,233,164,277,125,234,127,275,156,250,97,672,147,835,324,32.8,12.1127394323508,10.9,4.73747975574183,1431,267,56.3,8.02420676777286,,
53033009000,855872,0,Census Tract 90,Washington,King County,2080,178,247,100,196,80,95,50,17,21,82,63,112,70,31,45,45,34,48,48,113,74,107,60,299,136,181,79,172,66,90,61,245,118,1093,207,52.5,8.87798618526615,14.4,6.42169489459898,688,168,33.1,7.56467246062044,,
53033009100,410621,0,Census Tract 91,Washington,King County,1773,251,161,81,194,171,332,175,71,67,40,36,34,29,26,40,105,72,81,55,177,97,66,58,207,87,71,40,83,59,60,56,65,45,1287,309,72.6,14.0761099270134,11.7,4.62019562367778,279,101,15.7,5.24290541740578,,
53033009200,338451,154864,Census Tract 92,Washington,King County,1891,308,326,208,200,82,231,110,44,35,32,30,105,90,112,77,70,50,85,85,53,37,272,217,102,63,68,56,44,31,21,24,126,56,1530,369,80.9,14.3912731654292,5.4,3.2136439993271,259,88,13.7,4.08406384150365,,
53033009300,9444110,639051,Census Tract 93,Washington,King County,1558,204,84,60,18,21,0,13,13,11,41,38,39,33,6,9,31,42,12,19,180,106,113,62,207,68,247,140,154,61,134,76,279,82,537,155,34.5,8.86612174596104,13.3,4.00287857837779,814,189,52.2,10.0180006830384,,
53033009400,1686311,0,Census Tract 94,Washington,King County,3103,383,67,58,113,85,112,87,33,44,108,79,92,108,40,39,345,335,86,73,299,148,242,151,314,162,206,123,299,147,242,117,505,164,1537,449,49.5,13.1148348686108,10.1,5.06914736326857,1252,278,40.3,7.4473755585965,,
53033009500,2597717,2916270,Census Tract 95,Washington,King County,2876,259,98,75,13,21,145,131,7,12,51,37,160,95,80,52,139,99,44,45,209,143,102,62,166,158,140,70,305,125,186,81,1031,248,1048,269,36.4,8.7587013168098,5.8,5.46909583111375,1662,298,57.8,8.95988019630073,,
53033009600,1906922,1385222,Census Tract 96,Washington,King County,2847,376,60,49,13,23,119,86,18,31,132,114,27,32,78,88,95,89,76,89,70,56,152,89,170,85,299,134,150,81,479,293,909,203,840,245,29.5,7.67277972154772,6,2.87956527950994,1837,389,64.5,10.6805152532013,,
53033009701,1861358,1607123,Census Tract 97.01,Washington,King County,2791,249,74,54,10,16,21,33,84,71,67,53,84,98,61,95,42,42,94,90,85,61,213,109,433,210,216,97,253,124,294,108,760,185,835,237,29.9,8.06119064614271,15.5,7.3957842315508,1523,266,54.6,8.1934362775981,,
53033009702,2220441,0,Census Tract 97.02,Washington,King County,2215,226,15,24,0,18,0,18,0,18,17,27,9,13,94,75,33,39,33,37,97,116,165,104,187,138,265,91,208,98,382,117,710,150,463,188,20.9,8.21525582985382,8.4,6.1704126124215,1565,233,70.7,7.66051899261777,,
53033009900,6565170,2370735,Census Tract 99,Washington,King County,2981,359,119,102,60,69,34,33,99,100,11,18,183,167,101,74,51,58,57,41,308,258,249,118,428,182,282,126,273,122,259,111,467,150,1272,381,42.7,11.70238499261,14.4,5.85537310869402,1281,256,43,6.85326234258115,,
53033010001,2327512,0,Census Tract 100.01,Washington,King County,1627,175,239,113,119,65,70,54,11,17,58,63,50,38,55,51,62,60,48,47,84,59,83,41,139,62,178,104,65,37,220,88,146,63,879,198,54,10.6926239130451,8.5,3.69823994365577,609,155,37.4,8.6342079211831,,
53033010002,948077,0,Census Tract 100.02,Washington,King County,1975,178,57,54,71,58,59,47,98,91,46,32,39,30,27,26,99,104,63,51,162,93,176,78,226,96,189,62,120,69,223,67,320,86,897,218,45.4,10.2509228797362,11.4,4.7500903135191,852,143,43.1,6.10806415386086,,
53033010200,2795533,2076618,Census Tract 102,Washington,King County,1935,153,86,57,7,11,28,34,38,47,18,28,43,27,16,18,38,31,53,45,61,40,58,51,209,93,112,48,251,99,288,76,629,155,446,126,23,6.25138708484307,10.8,4.72971428268171,1280,205,66.1,9.21313502852931,,
53033010401,1629874,0,Census Tract 104.01,Washington,King County,1388,141,75,51,58,38,16,20,41,34,39,36,11,19,10,15,42,48,14,16,157,77,117,86,94,63,147,84,139,87,229,90,199,71,580,153,41.8,10.1729298230638,6.8,4.48646388139103,714,167,51.4,10.8376490136365,,
53033010402,1742875,0,Census Tract 104.02,Washington,King County,1591,147,35,45,45,45,23,24,72,71,9,14,23,26,8,14,41,51,22,24,66,42,62,45,384,140,218,79,149,67,202,67,232,95,406,133,25.5,8.020130528629,24.1,8.51223672465686,801,156,50.3,8.63150924170659,,
53033010701,1457384,3664,Census Tract 107.01,Washington,King County,1784,208,180,108,70,66,55,50,136,134,0,13,43,54,28,34,15,23,0,13,67,44,152,78,163,70,227,125,219,82,195,98,234,73,746,222,41.8,11.4491060670334,9.1,3.77639216617998,875,193,49,9.18347928173653,,
53033010702,780116,0,Census Tract 107.02,Washington,King County,1815,253,109,52,88,52,41,42,205,141,44,48,84,68,91,74,39,35,21,21,145,129,64,40,70,86,138,75,227,167,150,54,299,96,931,244,51.3,11.3843458001724,3.9,4.70769469904319,814,214,44.8,9.99682204897889,,
53033010800,4140525,322633,Census Tract 108,Washington,King County,1839,199,20,21,39,31,30,26,47,40,21,21,55,50,35,34,12,16,78,46,129,156,121,66,265,103,168,85,82,49,305,93,432,132,587,197,31.9,10.140211777321,14.4,5.3794296727414,987,189,53.7,8.47901050090208,,
53033010900,5389781,414929,Census Tract 109,Washington,King County,625,107,65,88,6,9,64,45,19,16,12,13,24,29,24,21,31,31,7,10,66,38,23,17,39,30,52,36,57,33,47,26,89,42,341,120,54.6,16.7747383463473,6.2,4.67961117498623,245,69,39.2,8.76604483894533,,
53033011001,1080391,0,Census Tract 110.01,Washington,King County,1826,252,319,220,248,104,54,41,19,20,126,57,59,51,45,51,37,46,13,19,44,34,155,86,136,137,155,91,98,54,139,58,179,81,1119,284,61.3,13.0527599439318,7.4,7.43199606743008,571,145,31.3,6.66582970772754,,
53033011002,1719569,0,Census Tract 110.02,Washington,King County,1296,94,48,46,43,32,53,56,94,74,102,79,32,35,50,48,110,75,57,44,106,59,104,75,160,82,96,61,59,42,60,43,122,65,799,195,61.7,14.3664773260894,12.3,6.2634768431052,337,108,26,8.11710226174593,,
53033011101,1136851,0,Census Tract 111.01,Washington,King County,2153,191,71,73,112,99,19,25,139,112,35,42,75,62,68,67,205,127,0,18,163,86,125,77,341,134,302,151,123,106,224,90,151,77,1012,261,47,11.3828742221373,15.8,6.06319767132171,800,219,37.2,9.62291930046093,,
53033011102,1303226,1143440,Census Tract 111.02,Washington,King County,1892,278,45,37,36,44,64,84,38,45,18,21,28,45,20,24,57,89,54,45,211,135,171,102,122,76,197,120,125,80,285,205,421,102,742,232,39.2,10.8238053775911,6.4,3.90357605925858,1028,271,54.3,11.8922143112075,,
53033011200,2483779,139646,Census Tract 112,Washington,King County,1451,169,172,102,60,53,17,26,43,46,117,109,14,23,80,52,68,48,51,42,47,32,201,103,53,37,183,79,101,66,134,62,110,77,870,216,60,13.1465839183826,3.7,2.514226297985,528,143,36.4,8.89739799894762,,
53033011300,3419308,42220,Census Tract 113,Washington,King County,2811,336,63,52,93,93,120,73,198,88,90,56,143,167,56,71,114,93,32,36,145,86,224,125,298,131,141,83,200,121,503,229,391,114,1278,306,45.5,9.43231115547624,10.6,4.484678516659,1235,295,43.9,9.08602410127892,,
53033011401,1233155,0,Census Tract 114.01,Washington,King County,1841,167,37,27,52,54,39,37,21,26,79,59,65,54,81,58,16,16,40,59,51,43,199,86,269,92,377,128,98,53,153,59,264,143,680,169,36.9,8.54648097099597,14.6,4.81830344834702,892,208,48.5,10.408272907427,,
53033011402,1186191,0,Census Tract 114.02,Washington,King County,1918,184,6,10,104,60,95,50,94,86,49,69,37,24,37,36,81,67,63,64,91,53,289,120,265,105,336,155,166,72,74,57,131,64,946,215,49.3,10.1620155161167,13.8,5.31157110964903,707,191,36.9,9.30927720448574,,
53033011500,1538373,0,Census Tract 115,Washington,King County,1979,247,78,104,43,42,10,15,8,12,47,37,128,150,29,27,96,102,19,30,93,55,164,69,279,81,212,74,178,65,269,85,326,88,715,238,36.1,11.1488704462022,14.1,3.6954465161491,985,157,49.8,4.93421683725196,,
53033011700,3515808,0,Census Tract 117,Washington,King County,1595,186,26,31,18,18,13,22,87,70,71,57,11,16,78,59,78,63,31,31,56,41,215,115,302,158,106,71,193,89,148,79,162,61,684,183,42.9,10.3261277355311,18.9,9.65674453466309,609,151,38.2,8.35466844742868,,
53033012000,1437048,0,Census Tract 120,Washington,King County,1499,165,25,37,0,13,0,13,20,22,22,31,16,19,28,27,33,27,58,44,91,49,108,63,202,93,192,103,136,51,306,140,262,72,401,115,26.8,7.08418009402271,13.5,6.02420906229925,896,195,59.8,11.2221466984897,,
53033012100,1739952,1380849,Census Tract 121,Washington,King County,1162,138,19,17,12,19,17,16,11,13,28,33,22,22,33,33,16,19,8,11,13,15,104,95,45,30,111,52,60,32,203,78,460,105,283,116,24.4,9.55459472654906,3.9,2.54046027618746,834,144,71.8,8.99539885832952,,
53033000101,414848,0,Census Tract 1.01,Washington,King County,1691,244,94,79,53,60,75,84,52,46,129,89,54,47,54,59,81,62,107,104,206,113,168,85,146,75,179,133,169,201,50,46,74,65,1073,259,63.5,12.2784574876788,8.6,4.25668101140603,472,254,27.9,14.4706575409125,,
53033000102,1495019,918878,Census Tract 1.02,Washington,King County,2146,282,155,91,142,94,184,128,12,19,91,66,103,103,30,34,115,110,0,13,49,44,244,124,339,188,96,66,68,59,175,109,343,168,1125,282,52.4,11.1903279957094,15.8,8.51099691653756,682,219,31.8,9.31142448307967,,
53033000201,1806749,0,Census Tract 2.01,Washington,King County,2326,402,87,70,50,60,194,101,0,13,18,29,32,35,65,48,73,65,156,149,105,93,235,99,423,296,199,121,264,126,152,106,273,195,1015,261,43.6,8.3085655798307,18.2,12.3314683189014,888,282,38.2,10.1711302734756,,
53033000202,1480085,0,Census Tract 2.02,Washington,King County,1550,84,105,88,78,72,16,26,14,22,0,13,0,13,14,24,21,32,42,46,148,76,189,98,117,79,230,93,141,77,260,106,175,100,627,183,40.5,11.6011416146311,7.5,5.08033126278186,806,189,52,11.8634368819244,,
53033000403,669384,62871,Census Tract 4.03,Washington,King County,1714,132,181,114,213,117,84,52,77,73,97,88,111,83,101,87,0,13,41,43,78,80,139,109,159,85,79,65,89,74,72,61,193,103,1122,278,65.5,15.4159965153833,9.3,4.9074311420367,433,155,25.3,8.83141365366274,,
53033000404,617482,13535,Census Tract 4.04,Washington,King County,2310,258,121,103,243,150,70,66,153,127,265,125,208,102,99,82,118,91,155,132,237,135,117,79,212,156,213,132,75,51,6,28,18,29,1786,369,77.3,13.4387937879225,9.2,6.67500406387684,312,147,13.5,6.18225224750822,,
53033000601,1431268,0,Census Tract 6.01,Washington,King County,1799,261,22,28,0,13,8,14,12,19,15,17,112,88,14,28,25,28,57,48,190,97,61,58,511,251,176,150,85,70,237,97,274,92,516,162,28.7,7.98584676836294,28.4,13.3297186473784,772,213,42.9,10.0708913175043,,
53033000602,2355577,55191,Census Tract 6.02,Washington,King County,1497,102,0,13,40,63,0,13,50,50,0,13,26,31,77,63,15,23,26,42,161,92,161,92,242,125,172,87,93,58,130,98,304,107,556,176,37.1,11.4812579402734,16.2,8.27706625167462,699,179,46.7,11.5262200478913,,
53033001201,1008240,0,Census Tract 12.01,Washington,King County,2286,305,271,155,237,197,264,144,74,58,70,69,76,63,69,53,138,96,0,13,232,162,209,124,365,164,149,98,44,51,34,40,54,78,1640,387,71.7,13.9634244456465,16,6.85051749459885,281,141,12.3,5.94594339518665,,
53033001202,821426,0,Census Tract 12.02,Washington,King County,1454,159,218,137,37,44,23,42,79,76,0,13,100,77,34,34,64,102,47,71,44,42,170,109,199,114,121,79,91,67,116,64,111,66,816,254,56.1,16.3555667315591,13.7,7.69626721364799,439,138,30.2,8.89827065886997,,
53033003201,1152079,1354300,Census Tract 32.01,Washington,King County,2538,488,103,110,102,111,49,51,19,32,0,13,64,61,91,104,87,110,39,45,202,151,239,141,214,111,279,249,201,115,363,413,486,159,995,316,39.2,9.9095293749892,8.4,4.06192597741368,1329,521,52.4,17.889230101124,,
53033003202,956016,0,Census Tract 32.02,Washington,King County,2105,330,65,101,27,46,0,13,0,13,0,13,0,13,29,43,16,32,38,47,187,233,146,113,69,64,230,181,354,184,151,164,793,255,508,292,24.1,13.3458408602065,3.3,2.99663839785729,1528,398,72.6,15.0993198280018,,
53033003301,669207,0,Census Tract 33.01,Washington,King County,2120,239,36,39,42,67,52,59,0,13,0,13,12,20,61,70,154,112,61,48,120,76,112,71,134,73,283,207,137,101,237,119,679,132,650,202,30.7,8.87924439001342,6.3,3.36885937901065,1336,291,63,11.7448182598306,,
53033003302,627071,0,Census Tract 33.02,Washington,King County,1610,178,31,35,35,42,4,7,7,12,49,73,0,13,31,37,8,16,9,16,98,93,124,95,222,103,145,89,103,64,196,105,548,177,396,168,24.6,10.0742186100125,13.8,6.21322549728612,992,233,61.6,12.7685453057274,,
53033003601,674139,0,Census Tract 36.01,Washington,King County,1927,342,55,71,241,297,127,81,0,13,0,13,28,45,57,65,0,13,17,29,101,82,103,79,279,126,232,130,132,89,68,65,487,169,729,347,37.8,16.7087390979331,14.5,6.01258712907946,919,240,47.7,9.13656093888276,,
53033003602,522326,0,Census Tract 36.02,Washington,King County,2669,408,132,103,171,158,175,144,0,13,0,13,8,13,30,34,137,90,154,128,210,165,189,133,339,157,407,312,257,212,233,128,227,123,1206,357,45.2,11.454286957001,12.7,5.552676322599,1124,417,42.1,14.2358815911545,,
53033004101,1601973,3290570,Census Tract 41.01,Washington,King County,1412,190,0,13,0,13,0,13,11,18,40,39,0,13,0,13,0,13,0,13,0,13,46,55,56,44,35,33,68,51,220,84,936,193,97,79,6.9,5.51800832554254,4,3.07010929926828,1259,219,89.2,9.82877122376497,,
53033004102,1689910,2027249,Census Tract 41.02,Washington,King County,1616,221,38,37,57,62,9,16,18,20,23,25,9,15,30,37,0,13,63,75,99,58,91,65,91,66,180,118,91,79,168,97,649,192,437,147,27,8.3108496226364,5.6,4.01089584708254,1088,258,67.3,13.0428336992579,,
53033004201,1244114,0,Census Tract 42.01,Washington,King County,1464,182,47,47,41,35,0,13,0,13,15,24,21,32,0,13,25,29,14,27,17,27,108,60,110,71,132,64,129,75,208,126,597,143,288,107,19.7,6.8874428752523,7.5,4.7589235135968,1066,215,72.8,11.5643018929199,,
53033004202,1220977,0,Census Tract 42.02,Washington,King County,1793,250,0,13,54,54,33,49,0,13,0,13,0,13,25,39,12,19,0,13,0,13,206,199,242,154,109,46,197,108,162,87,753,180,330,219,18.4,11.9415403765962,13.5,8.3802544218156,1221,232,68.1,8.79022342259277,,
53033004401,694919,0,Census Tract 44.01,Washington,King County,1225,179,122,72,49,57,0,13,29,41,47,44,0,13,24,30,23,27,26,42,54,40,50,45,115,96,79,62,136,147,114,71,357,91,424,139,34.6,10.1574326937882,9.4,7.71574236997026,686,197,56,13.8441235825023,,
53033004402,294988,0,Census Tract 44.02,Washington,King County,1651,216,126,89,61,75,57,53,53,43,124,116,77,72,56,64,47,43,95,74,121,90,143,126,160,103,83,68,46,48,119,94,283,187,960,269,58.1,14.4081862057104,9.7,6.10844818522173,531,225,32.2,12.9622421381699,,
53033004701,571393,176916,Census Tract 47.01,Washington,King County,2204,275,67,83,42,46,21,35,28,46,0,13,74,84,57,65,187,152,0,13,237,166,245,168,268,152,382,191,190,155,250,131,156,84,958,321,43.5,13.5169836088919,12.2,6.72759349425713,978,291,44.4,11.9863079146863,,
53033004702,266414,0,Census Tract 47.02,Washington,King County,2214,352,87,102,59,69,45,76,44,76,0,13,0,13,45,73,78,121,0,13,173,122,282,261,272,243,236,148,222,165,328,240,343,162,813,361,36.7,15.2243014237371,12.3,10.8004097276227,1129,365,51,14.3547299094746,,
53033004703,1188631,155567,Census Tract 47.03,Washington,King County,2032,223,106,112,45,53,16,26,45,52,24,41,0,13,0,13,126,103,0,13,50,84,185,139,257,162,164,160,318,196,325,188,371,224,597,241,29.4,11.4135563153311,12.6,7.85068536783069,1178,387,58,17.9512056849264,,
53033004901,497144,0,Census Tract 49.01,Washington,King County,1989,215,19,30,55,69,0,13,84,90,35,40,79,58,0,13,85,67,23,36,87,89,136,81,184,79,289,163,225,154,227,112,461,143,603,198,30.3,9.39988607308782,9.3,3.84390622314004,1202,289,60.4,12.9786767549118,,
53033004902,597604,17368,Census Tract 49.02,Washington,King County,1854,233,72,59,36,47,0,13,20,22,35,46,0,13,0,13,13,21,9,14,269,98,90,77,260,114,184,131,194,98,244,97,428,191,544,158,29.3,7.68300514395281,14,5.89087763508257,1050,270,56.6,12.7053403527548,,
53033005201,699701,73218,Census Tract 52.01,Washington,King County,1646,205,121,87,79,56,43,36,83,84,87,96,0,13,23,30,51,51,33,38,209,163,122,84,72,47,124,69,36,42,135,96,428,125,851,259,51.7,14.3573019097833,4.4,2.80295497385732,723,177,43.9,9.25781979169565,,
53033005202,269234,19268,Census Tract 52.02,Washington,King County,1479,220,352,142,33,33,20,24,38,60,88,76,44,49,60,68,84,85,41,38,27,30,185,112,72,47,115,81,79,83,75,62,166,129,972,246,65.7,13.4568064533347,4.9,3.09421852855053,435,184,29.4,11.64620336023,,
53033005303,2432843,749176,Census Tract 53.03,Washington,King County,24,17,12,13,0,13,0,13,0,13,0,13,0,13,0,13,0,13,0,13,0,13,4,5,8,8,0,13,0,13,0,13,0,13,16,41,66.7,164.177006630566,33.3,23.5292699251353,0,26,0,108.333333333333,,
53033005304,73030,0,Census Tract 53.04,Washington,King County,148,37,49,23,7,9,13,19,20,15,9,13,13,15,5,7,18,20,0,13,10,11,0,13,4,6,0,13,0,13,0,13,0,13,144,50,97.3,23.4450696931047,2.7,3.99735120479704,0,26,0,17.5675675675676,,
53033005305,212967,0,Census Tract 53.05,Washington,King County,1215,174,393,128,54,31,46,53,106,80,15,24,90,75,137,87,28,31,42,66,93,74,72,64,64,64,60,49,15,26,0,13,0,13,1076,235,88.6,14.6029877701384,5.3,5.21319422799348,75,58,6.2,4.69109557300688,,
53033005306,200489,0,Census Tract 53.06,Washington,King County,1640,237,437,158,127,81,140,119,52,38,0,13,50,49,105,92,65,51,40,47,96,80,168,105,17,29,76,71,129,177,96,86,42,41,1280,284,78,13.1402119001591,1,1.76193620888708,343,213,20.9,12.6312333033547,,
53033005307,130030,0,Census Tract 53.07,Washington,King County,361,191,86,71,44,46,0,13,0,13,13,20,0,13,137,167,14,22,30,38,10,18,0,13,16,27,11,17,0,13,0,13,0,13,334,196,92.5,23.4852104760164,4.4,7.10210328453997,11,28,3,7.58683357215776,,
53033005401,756239,615226,Census Tract 54.01,Washington,King County,2003,212,0,13,57,65,0,13,16,26,45,42,69,76,75,74,19,32,71,75,107,70,90,81,186,110,238,106,315,168,387,150,328,131,549,191,27.4,9.08370854879773,9.3,5.40309736629068,1268,281,63.3,12.3254945401593,,
53033005402,463900,0,Census Tract 54.02,Washington,King County,1660,272,14,22,69,87,15,24,53,66,18,28,0,13,44,42,14,22,16,25,107,92,207,113,149,67,354,236,154,96,164,76,282,102,557,195,33.6,10.3809093148734,9,3.75863753331521,954,285,57.5,14.3557718379203,,
53033005803,832097,0,Census Tract 58.03,Washington,King County,1497,173,85,86,13,21,0,13,26,30,33,52,25,29,22,25,14,23,42,34,132,73,113,67,78,48,132,95,153,87,189,145,440,100,505,157,33.7,9.73614849193756,5.2,3.14936680173451,914,218,61.1,12.7389292371003,,
53033005804,2334443,1169687,Census Tract 58.04,Washington,King County,1529,245,22,40,50,64,80,72,13,21,34,34,45,41,0,13,29,48,59,70,140,98,106,80,390,195,159,157,146,80,93,62,163,80,578,194,37.8,11.1487792860225,25.5,12.0807966405753,561,203,36.7,11.9039975614514,,
53033005901,778385,173882,Census Tract 59.01,Washington,King County,1297,288,21,25,0,13,17,31,20,32,85,75,36,56,0,13,0,13,16,29,18,30,129,77,188,215,85,82,96,76,247,139,339,113,342,140,26.4,9.06810821139559,14.5,16.2612407142965,767,211,59.1,9.60347744962418,,
53033005902,1022976,0,Census Tract 59.02,Washington,King County,1716,195,68,61,12,19,11,19,0,13,14,23,22,36,75,79,0,13,26,30,128,85,31,38,142,93,156,92,82,81,164,102,785,190,387,150,22.6,8.35713902200423,8.3,5.33737748756438,1187,248,69.2,12.1276079292522,,
53033006701,380256,105441,Census Tract 67.01,Washington,King County,1992,300,0,13,0,13,0,13,23,38,0,13,62,99,25,43,20,37,18,28,184,165,182,164,35,40,207,133,151,99,452,246,633,294,514,265,25.8,12.7229821130771,1.8,1.99052082765374,1443,418,72.4,17.9250143011389,,
53033006702,304748,0,Census Tract 67.02,Washington,King County,1980,403,200,204,0,13,0,13,0,13,31,51,0,13,0,13,31,52,0,13,0,13,185,171,330,239,382,280,122,101,263,182,436,196,447,278,22.6,13.2672244312462,16.7,11.5842379614834,1203,400,60.8,15.974851546382,,
53033006703,597133,0,Census Tract 67.03,Washington,King County,1882,423,33,55,0,13,36,57,0,13,79,118,31,51,87,84,27,45,29,48,200,191,29,46,370,148,384,323,121,84,87,81,369,178,551,270,29.3,12.7482778711066,19.7,6.5051084224581,961,387,51.1,17.0624520013864,,
53033007001,358281,0,Census Tract 70.01,Washington,King County,2870,535,108,116,187,153,118,114,0,13,51,56,88,75,174,105,47,55,346,344,355,380,256,168,239,171,94,104,161,116,246,145,400,159,1730,603,60.3,17.7532327613286,8.3,5.75241123707463,901,266,31.4,7.18705052582951,,
53033007002,441021,0,Census Tract 70.02,Washington,King County,2245,274,132,107,58,80,31,44,24,44,0,13,126,111,139,108,91,84,89,83,269,206,227,136,134,90,252,149,209,135,124,81,340,162,1186,347,52.8,14.0475321173812,6,3.94216354692622,925,271,41.2,10.9739360215832,,
53033007101,495054,0,Census Tract 71.01,Washington,King County,1860,296,35,38,0,13,0,13,21,31,33,38,67,84,17,28,34,39,15,23,130,98,141,81,280,116,428,270,252,162,214,152,193,91,493,174,26.5,8.34990886401418,15.1,5.75808285430893,1087,361,58.4,17.0352250096844,,
53033007102,335908,0,Census Tract 71.02,Washington,King County,1680,214,88,61,69,56,31,35,50,79,0,13,96,76,79,82,17,27,0,13,113,89,34,38,284,126,103,69,66,54,290,130,360,193,577,193,34.3,10.622444503701,16.9,7.18422624414117,819,249,48.8,13.4578179034795,,
53033007201,150744,0,Census Tract 72.01,Washington,King County,3535,447,194,162,225,210,27,43,393,320,330,273,70,69,31,51,98,123,0,18,59,67,148,103,135,116,191,126,183,113,580,206,871,262,1575,536,44.6,14.0771227978671,3.8,3.24574396768091,1825,374,51.6,8.32571804803001,,
53033007202,280585,0,Census Tract 72.02,Washington,King County,1932,318,63,44,0,13,0,13,36,50,67,75,0,13,0,13,49,60,21,35,52,60,92,89,188,164,125,107,73,84,250,187,916,252,380,165,19.7,7.90298685840227,9.7,8.33613990160923,1364,342,70.6,13.3535925547656,,
53033007203,579631,0,Census Tract 72.03,Washington,King County,1982,365,26,43,34,54,35,59,0,13,0,13,78,78,28,46,46,61,0,13,116,145,291,192,40,48,328,254,116,96,383,190,461,231,654,280,33,12.7534577902797,2,2.39310795441179,1288,404,65,16.5004650198938,,
53033007301,250787,0,Census Tract 73.01,Washington,King County,1916,271,192,170,37,59,60,71,74,68,90,87,0,13,87,108,0,13,61,98,148,128,94,74,166,128,191,140,146,97,294,165,276,194,843,305,44,14.6517709618962,8.7,6.56723275440638,907,306,47.3,14.4994939523959,,
53033007302,312981,0,Census Tract 73.02,Washington,King County,3091,303,327,231,39,57,27,51,52,63,26,40,105,96,174,94,82,132,48,60,67,64,40,43,272,170,193,143,380,240,351,190,908,222,987,331,31.9,10.2408236629586,8.8,5.43177024229694,1832,404,59.3,11.7079061954045,,
53033007303,313527,0,Census Tract 73.03,Washington,King County,1844,206,0,13,0,13,82,50,49,44,25,41,23,37,38,46,0,13,0,13,68,71,136,105,200,120,317,150,207,132,160,88,539,223,421,162,22.8,8.40687178619922,10.8,6.39379954309099,1223,312,66.3,15.2112199969598,,
53033007403,118559,0,Census Tract 74.03,Washington,King County,1911,308,89,85,35,31,31,35,16,26,71,70,24,31,86,62,47,45,62,56,228,132,108,85,254,117,47,46,206,94,258,134,349,273,797,223,41.7,9.53882280564351,13.3,5.73544212218829,860,322,45,15.20880889732,,
53033007404,153725,0,Census Tract 74.04,Washington,King County,2046,309,59,55,17,27,32,36,16,26,32,37,0,13,14,23,128,115,84,71,253,218,222,110,181,100,283,220,225,114,205,124,295,129,857,293,41.9,12.847655540938,8.8,4.70142929163352,1008,306,49.3,12.9738125007686,,
53033007405,131830,0,Census Tract 74.05,Washington,King County,1850,340,50,46,62,79,51,47,16,25,98,85,90,92,167,124,107,87,112,107,83,63,80,81,356,311,176,85,76,65,211,108,115,72,916,268,49.5,11.2717469359355,19.2,16.4345930420254,578,168,31.2,7.03530047858348,,
53033007406,150829,0,Census Tract 74.06,Washington,King County,1914,267,186,120,39,44,176,117,19,29,73,89,15,23,38,44,151,135,134,162,159,118,191,98,226,123,50,49,73,90,227,120,157,82,1181,331,61.7,14.9993450543203,11.8,6.21165115212163,507,178,26.5,8.53426719758799,,
53033007501,298283,0,Census Tract 75.01,Washington,King County,2844,545,153,150,222,141,295,282,212,221,42,68,0,13,41,69,115,178,59,72,78,98,342,209,152,175,263,196,193,239,145,112,532,412,1559,520,54.8,14.9652916742321,5.3,6.06747047503477,1133,527,39.8,16.8845420377691,,
53033007502,315931,0,Census Tract 75.02,Washington,King County,1757,398,148,144,165,245,0,13,35,58,0,13,82,106,0,13,104,123,62,101,34,56,114,115,129,127,603,319,0,13,188,158,93,111,744,371,42.3,18.811115603211,7.3,7.03429226214948,884,373,50.3,17.9107149422631,,
53033007503,187541,0,Census Tract 75.03,Washington,King County,1662,352,167,185,0,13,158,176,0,13,0,13,96,128,116,126,66,109,114,151,87,119,32,54,181,139,94,108,83,102,296,197,172,193,836,387,50.3,20.7052224383807,10.9,8.03907149780296,645,313,38.8,16.9444142878745,,
53033007901,267231,0,Census Tract 79.01,Washington,King County,2032,308,213,144,49,48,79,104,31,33,174,222,28,34,39,41,127,92,78,65,64,61,147,121,222,103,208,119,87,65,92,57,394,145,1029,344,50.6,15.0890362518043,10.9,4.7907659505518,781,207,38.4,8.35675629217694,,
53033007902,431244,0,Census Tract 79.02,Washington,King County,1930,259,223,177,42,43,21,34,27,33,11,20,90,88,12,21,106,93,140,113,226,150,66,57,149,99,97,62,122,78,113,88,485,138,964,302,49.9,14.1393342726769,7.7,5.02381947650843,817,192,42.3,8.16671708464025,,
53033008003,197152,0,Census Tract 80.03,Washington,King County,2826,383,197,128,185,162,67,76,30,49,88,82,23,36,0,13,0,13,169,147,246,209,97,100,300,225,139,143,319,134,322,166,644,235,1102,367,39,11.8625669536746,10.6,7.83071425259748,1424,348,50.4,10.2471128729056,,
53033008004,284626,526767,Census Tract 80.04,Washington,King County,2154,277,20,33,69,84,0,13,62,66,30,49,30,36,0,13,44,47,70,81,84,131,39,50,52,61,70,71,314,235,369,188,901,199,448,212,20.8,9.47176141169154,2.4,2.81487267903694,1654,368,76.8,13.9416731134106,,
53033008101,270324,277671,Census Tract 81.01,Washington,King County,1833,178,196,152,78,64,116,74,45,42,11,19,39,44,37,57,25,26,21,32,111,95,125,90,211,120,143,67,89,57,238,91,348,106,804,243,43.9,12.554049699642,11.5,6.45050421631021,818,165,44.6,7.88982967105244,,
53033008102,556705,91220,Census Tract 81.02,Washington,King County,1460,349,92,71,97,58,21,33,60,68,40,43,19,30,93,109,21,34,0,13,22,37,11,18,164,134,112,85,291,300,84,69,333,149,476,178,32.6,9.37563436263576,11.2,8.77652139627958,820,352,56.2,20.0256251147688,,
53033008401,250921,0,Census Tract 84.01,Washington,King County,2153,274,69,92,49,60,41,61,93,122,5,11,141,157,112,109,45,57,47,54,199,174,287,175,110,83,131,123,244,167,451,201,129,94,1088,367,50.5,15.7862376260753,5.1,3.79985676726509,955,304,44.4,12.9423093014152,,
53033008402,145446,0,Census Tract 84.02,Washington,King County,2099,428,45,56,0,13,0,13,154,104,80,90,0,13,101,107,0,13,17,30,354,359,426,276,189,116,141,98,92,69,235,141,265,183,1177,490,56.1,20.352608759437,9,5.21253598875266,733,260,34.9,10.1355643567576,,
53033009801,1004708,0,Census Tract 98.01,Washington,King County,1461,255,0,13,40,46,18,30,0,13,121,130,63,100,8,13,0,13,0,13,142,117,37,40,170,78,94,67,63,58,308,139,397,147,429,215,29.4,13.7946771043169,11.6,4.93744110094847,862,221,59,11.0801112915642,,
53033009802,922319,0,Census Tract 98.02,Washington,King County,1764,310,13,20,46,58,47,44,41,37,32,36,51,47,29,32,19,30,195,249,159,162,92,66,106,63,150,64,186,107,83,54,515,166,724,324,41,16.8918660715577,6,3.41173456859279,934,215,52.9,7.87219064481476,,
53033010101,871622,0,Census Tract 101.01,Washington,King County,1614,250,200,125,163,92,13,22,14,22,64,64,11,18,151,160,86,60,63,63,75,64,0,13,41,43,172,99,139,81,134,76,288,139,840,259,52,13.8752418026368,2.5,2.63497196206927,733,204,45.4,10.5009301065669,,
53033010102,1623225,2170065,Census Tract 101.02,Washington,King County,1734,220,79,70,9,18,78,63,19,35,0,13,60,59,43,50,0,13,0,13,18,33,133,183,129,102,104,59,229,108,302,154,531,157,439,227,25.3,12.6909340500384,7.4,5.80613272766735,1166,252,67.2,11.7651461217192,,
53033010301,1002658,0,Census Tract 103.01,Washington,King County,1484,242,176,112,31,31,52,71,0,13,29,35,66,79,27,36,0,13,27,30,217,206,23,31,60,50,169,94,72,64,148,87,387,136,648,268,43.7,16.5962027763991,4,3.30413186965149,776,197,52.3,10.1739739714277,,
53033010302,632167,0,Census Tract 103.02,Washington,King County,1586,197,57,62,62,102,28,34,73,77,31,52,25,29,44,42,42,37,0,13,42,40,213,129,104,61,251,146,107,59,111,78,396,149,617,215,38.9,12.6656271587749,6.6,3.75892041806561,865,230,54.5,12.822296156232,,
53033010501,742016,0,Census Tract 105.01,Washington,King County,2102,201,159,145,25,39,14,25,45,54,112,80,50,56,52,63,21,33,40,48,47,55,53,51,399,177,265,146,193,102,232,137,395,185,618,220,29.4,10.0815661002948,19,8.22259450738753,1085,291,51.6,12.9341694354164,,
53033010502,975912,0,Census Tract 105.02,Washington,King County,3054,450,19,32,104,98,0,18,182,146,59,60,0,18,164,156,89,72,0,18,104,86,146,98,448,265,345,251,350,251,485,257,559,383,867,288,28.4,8.45173178512897,14.7,8.40361934793171,1739,582,56.9,17.1105892039477,,
53033010601,1089233,0,Census Tract 106.01,Washington,King County,1975,252,54,51,39,42,18,29,84,71,0,13,37,43,46,47,23,35,53,51,73,56,48,35,242,140,95,65,319,131,315,147,529,205,475,151,24.1,7.00268347602367,12.3,6.91404422246396,1258,292,63.7,12.3506030219931,,
53033010602,1505061,817134,Census Tract 106.02,Washington,King County,1943,320,39,39,132,192,0,13,58,78,0,13,13,23,0,13,108,115,38,37,93,79,170,105,333,205,95,57,138,87,207,79,519,218,651,278,33.5,13.2008896059485,17.1,10.1661259435177,959,254,49.4,10.2379539357036,,
53033011601,1554538,184845,Census Tract 116.01,Washington,King County,1377,152,16,19,30,29,0,13,36,47,10,18,50,52,7,14,8,14,0,13,67,62,88,65,158,88,103,70,141,96,270,100,393,101,312,123,22.7,8.57516155282431,11.5,6.26393462371515,907,185,65.9,11.2975482363845,,
53033011602,1565825,786358,Census Tract 116.02,Washington,King County,1478,221,14,24,46,41,0,13,0,13,27,35,28,32,15,25,0,13,70,81,51,51,83,54,167,99,263,173,243,111,222,101,249,93,334,133,22.6,8.34013880128933,11.3,6.48166632570059,977,247,66.1,13.4754419409159,,
53033011801,1160802,630417,Census Tract 118.01,Washington,King County,1137,231,51,81,0,13,21,33,90,79,0,13,27,45,39,45,22,34,53,69,33,38,107,173,157,80,117,81,98,72,190,114,132,72,443,236,39,19.1876857187732,13.8,6.45259766816209,537,173,47.2,11.8083934155368,,
53033011802,1139611,1037832,Census Tract 118.02,Washington,King County,1872,280,211,172,127,113,68,66,0,13,79,72,36,63,128,94,88,99,69,65,79,84,167,112,199,123,265,157,79,57,125,84,152,91,1052,314,56.2,14.515457061157,10.6,6.37522642810216,621,208,33.2,9.94170406114396,,
53033011901,1682374,0,Census Tract 119.01,Washington,King County,1337,375,12,23,0,13,34,39,20,32,0,13,26,42,53,57,15,23,71,87,62,71,31,37,144,115,102,95,215,230,249,119,303,183,324,151,24.2,9.01968508748839,10.8,8.05341843092952,869,331,65,16.7502156195539,,
53033011902,1580686,1217487,Census Tract 119.02,Washington,King County,1229,198,47,58,10,18,0,13,0,13,118,69,93,121,0,13,0,13,13,23,90,72,74,60,104,59,180,94,285,135,98,88,117,88,445,182,36.2,13.6114542209847,8.5,4.60300271806168,680,206,55.3,14.1948054895131,,
