Geographic Identifier - FIPS Code,Area of Land (Square Meters),Area of Water (Square Meters),Name,State,County,Total Housing Units,Total Housing Units - Margin of Error,Occupied Housing Units,Occupied Housing Units - Margin of Error,Vacant Housing Units,Vacant Housing Units - Margin of Error,Percent of Housing Units that are Vacant (Vacancy Rate),Percent of Housing Units that are Vacant (Vacancy Rate) - Margin of Error,Percent of Total Housing Units (including Vacant) that are Owner-Occupied,Percent of Total Housing Units (including Vacant) that are Owner-Occupied - Margin of Error,Percent of Total Housing Units (including Vacant) that are Renter-Occupied,Percent of Total Housing Units (including Vacant) that are Renter-Occupied - Margin of Error,Total Occupied Housing Units,Total Occupied Housing Units - Margin of Error,Owner-Occupied Housing Units,Owner-Occupied Housing Units - Margin of Error,Renter-Occupied Housing Units,Renter-Occupied Housing Units - Margin of Error,Overall Homeownership Rate: Percent of Occupied Housing Units that are Owner-Occupied,Overall Homeownership Rate: Percent of Occupied Housing Units that are Owner-Occupied - Margin of Error,Overall Renter Rate: Percent of Occupied Housing Units that are Renter-Occupied,Overall Renter Rate: Percent of Occupied Housing Units that are Renter-Occupied - Margin of Error,Median Contract Rent (Contract Rent for Renter-Occupied Housing Units Paying Cash Rent),Median Contract Rent (Contract Rent for Renter-Occupied Housing Units Paying Cash Rent) - Margin of Error,Median Home Value (for Owner-Occupied Housing Units),Median Home Value (for Owner-Occupied Housing Units) - Margin of Error,Lower Contract Rent Quartile (Contract Rent for Renter-Occupied Housing Units Paying Cash Rent),Lower Contract Rent Quartile (Contract Rent for Renter-Occupied Housing Units Paying Cash Rent) - Margin of Error,Upper Contract Rent Quartile (Contract Rent for Renter-Occupied Housing Units Paying Cash Rent),Upper Contract Rent Quartile (Contract Rent for Renter-Occupied Housing Units Paying Cash Rent) - Margin of Error,Lower Home Value Quartile (for Owner-Occupied Housing Units),Lower Home Value Quartile (for Owner-Occupied Housing Units) - Margin of Error,Upper Home Value Quartile (for Owner-Occupied Housing Units),Upper Home Value Quartile (for Owner-Occupied Housing Units) - Margin of Error,Housing Units per Gross Land Acre,Gross Land Acre,Percent Owner-Occupied Housing Units,x,y
53033000300,1211013,0,Census Tract 3,Washington,King County,1221,100,1127,114,94,85,7.7,6.93289463290278,64.4,8.48765329059799,27.9,8.03457370508611,1127,114,786,122,341,102,69.7,8.21071998119175,30.3,8.51736221364694,1743,401,566200,29365,1319,160,2213,160,454600,36450,672700,24614,4.080230098066913,299.24782932670195,92.3013923013923,,
53033000402,1798938,0,Census Tract 4.02,Washington,King County,2717,461,2546,435,171,168,6.3,6.09038069827156,38.6,6.08228269960809,55.1,12.7746923702689,2546,435,1050,243,1496,430,41.2,6.43776096333635,58.8,13.5815510469608,1492,159,657800,38598,1235,129,1894,237,537400,34820,808000,79885,6.112111089798867,444.5272607257878,93.7062937062937,,
53033000500,2898252,953717,Census Tract 5,Washington,King County,1284,83,1263,87,21,23,1.6,1.78815462821548,89.3,6.32840532370497,9,4.87166395069115,1263,87,1147,110,116,63,90.8,6.05972269870358,9.2,4.94783965260509,2351,379,952700,50995,1985,447,2787,427,799500,40431,1187700,69735,1.7928612302731102,716.1736660479884,98.36448598130842,,
53033000700,1294438,0,Census Tract 7,Washington,King County,2433,232,2345,234,88,66,3.6,2.69068596968317,43.2,7.30315389595575,53.2,6.15300812706794,2345,234,1051,204,1294,194,44.8,7.46171718373092,55.2,6.17424050794976,1496,111,595200,52495,1262,85,1781,81,408200,97148,737700,72941,7.606391094590096,319.8625957756006,96.38306617344841,,
53033000800,1141931,0,Census Tract 8,Washington,King County,1153,128,1144,127,9,15,0.8,1.29806482835667,77.5,7.81921378826715,21.8,6.1324853272005,1144,127,893,134,251,76,78.1,7.88079365591364,21.9,6.18073695917366,2043,215,681400,53017,1571,264,2388,164,548800,38533,847200,64340,4.086083533091853,282.1772953641869,99.2194275802255,,
53033000900,1004853,1849039,Census Tract 9,Washington,King County,963,103,892,111,71,37,7.4,3.76036465149506,73.8,9.36935705850327,18.8,6.22552389842365,892,111,711,118,181,63,79.7,8.75295407664041,20.3,6.59597854266744,1441,288,997800,99758,1121,192,2268,1286,732700,114094,1357400,128954,3.878301338375988,248.30458388343015,92.62720664589823,,
53033001000,954203,0,Census Tract 10,Washington,King County,769,81,769,81,0,13,0,1.69050715214564,68.5,7.30961225571397,31.5,6.48404205231914,769,81,527,79,242,56,68.5,7.30961225571397,31.5,6.48404205231914,1482,134,721400,52915,1291,97,1931,315,584100,27134,905100,47135,3.261394681032801,235.788696312118,100,,
53033001100,1060685,0,Census Tract 11,Washington,King County,1127,130,1076,153,51,55,4.5,4.8522160416884,66.2,7.2933252561094,29.3,12.7822150626423,1076,153,746,119,330,149,69.3,5.01242053515505,30.7,13.142971974138,1809,711,715400,48600,892,508,3222,2310,595800,30568,879900,48509,4.299869601290406,262.1009715415052,95.47471162377995,,
53033001300,1180877,0,Census Tract 13,Washington,King County,2554,224,2410,220,144,115,5.6,4.47550463252856,42.1,5.49160429939989,52.3,6.96678133289793,2410,220,1075,169,1335,213,44.6,5.70912099679608,55.4,7.2486409006512,1351,162,656600,38400,1042,108,1716,144,545700,35483,792800,97306,8.752538412391305,291.8010615508073,94.36178543461237,,
53033001400,2152767,213389,Census Tract 14,Washington,King County,2373,219,2248,232,125,127,5.3,5.32975043312564,61.7,8.35889065981151,33,5.53712478680628,2248,232,1464,240,784,150,65.1,8.29505560142481,34.9,5.61862939486285,1482,182,672800,47823,1216,104,1922,293,511500,63420,861300,52861,4.460859113111182,531.9603107449351,94.73240623683101,,
53033001500,1167711,526885,Census Tract 15,Washington,King County,1156,136,1124,128,32,52,2.8,4.48646557162946,76.3,5.87273142823709,20.9,6.74431302018591,1124,128,882,124,242,83,78.5,6.4693536555554,21.5,6.96541210342311,1943,729,943400,56056,1078,641,2559,360,776800,78478,1204400,117592,4.006270407912841,288.54767209841054,97.23183391003461,,
53033001600,2020358,320118,Census Tract 16,Washington,King County,1888,223,1841,239,47,55,2.5,2.898258531934,78.2,4.37233817816354,19.3,8.10788825390335,1841,239,1477,193,364,159,80.2,1.19347118791576,19.8,8.24636823952446,1876,308,1044800,80939,1534,225,2556,573,775800,71894,1343300,80723,3.7817381501155025,499.24133429024863,97.51059322033898,,
53033001701,892768,0,Census Tract 17.01,Washington,King County,2211,199,2142,217,69,93,3.1,4.19685271876453,32.7,6.56146603217038,64.2,8.92198517360768,2142,217,723,159,1419,235,33.8,6.58845052438493,66.2,8.67889503137816,1758,164,557700,70915,1246,228,2247,303,340800,59376,739200,90208,10.022312123559797,220.6077772016824,96.87924016282226,,
53033001702,1280220,0,Census Tract 17.02,Washington,King County,2530,288,2276,223,254,209,10,8.18143534685841,43.8,5.61250673191388,46.1,5.53379449868805,2276,223,1109,190,1167,193,48.7,6.84811514012782,51.3,6.83142657602451,1598,194,713600,46514,1138,226,1975,246,583300,30444,896400,59904,7.997490078792557,316.34925146190034,89.96047430830039,,
53033001800,946085,0,Census Tract 18,Washington,King County,2484,268,2318,239,166,150,6.7,5.99544911723362,36.8,5.52211101579209,56.5,9.95813541187614,2318,239,915,169,1403,290,39.5,6.04901399853267,60.5,10.8431652820098,1710,170,710200,47827,1292,202,2198,251,584500,29689,962300,96666,10.62525180426855,233.7826948253675,93.31723027375202,,
53033001900,1667272,0,Census Tract 19,Washington,King County,2295,153,2261,153,34,40,1.5,1.74011878599835,53.7,4.82995480429252,44.8,5.41904691829247,2261,153,1233,138,1028,142,54.5,4.86156818321096,45.5,5.47517153908804,1859,98,696200,80336,1527,99,2446,250,463000,65230,908700,67324,5.570498088738866,411.9918835695314,98.51851851851852,,
53033002000,1103313,28680,Census Tract 20,Washington,King County,1602,130,1516,122,86,73,5.4,4.53593320343445,61.7,5.23303333016216,33,7.99127604232193,1516,122,988,116,528,135,65.2,5.57154858208214,34.8,8.45242301603628,1775,295,730800,63376,1280,219,2270,185,541400,50328,953300,63154,5.875997100265,272.6345797426877,94.63171036204744,,
53033002100,1365468,0,Census Tract 21,Washington,King County,1940,214,1829,234,111,85,5.7,4.3357460447941,63.5,8.72031956433677,30.8,5.5975124904851,1829,234,1232,217,597,127,67.4,8.15455290672381,32.6,5.54757628951571,1770,207,851800,59802,1364,147,2379,279,589100,161242,1085700,195899,5.749604867676029,337.4144910212137,94.27835051546391,,
53033002200,2804076,1154953,Census Tract 22,Washington,King County,2443,214,2338,192,105,109,4.3,4.44581429822495,77.7,4.0120404009391,18,6.06081498105429,2338,192,1898,193,440,153,81.2,4.86819308424654,18.8,6.35894075969543,1858,197,929800,34478,1557,162,2473,599,778500,34632,1231400,113041,3.5257497442733414,692.9022696429362,95.70200573065902,,
53033002400,962528,0,Census Tract 24,Washington,King County,1409,233,1363,242,46,46,3.3,3.2197791424905,70.1,10.9793077331069,26.6,5.29374722183312,1363,242,988,225,375,97,72.5,10.3375922119499,27.5,5.17538456717908,1456,208,873000,26700,1240,140,2352,575,762100,47260,983800,52630,5.924005015086826,237.84584861283219,96.73527324343506,,
53033002500,984334,0,Census Tract 25,Washington,King County,1325,123,1299,129,26,40,2,3.01336726024019,65.9,8.98347712365304,32.2,4.80959095523457,1299,129,873,144,426,75,67.2,8.85127371036428,32.8,4.76749779464075,2166,150,852700,24322,1441,580,2530,280,714200,68950,971500,24750,5.44742410572011,243.2342285611053,98.0377358490566,,
53033002600,1216627,28175,Census Tract 26,Washington,King County,2107,228,1874,202,233,175,11.1,8.21899329339515,55.9,3.56898900785575,33,7.60214015981533,1874,202,1178,148,696,177,62.9,4.0571431715336,37.1,8.55465231339056,2063,283,909600,62022,1440,147,2627,777,711600,72115,1108800,51889,7.0084968375653665,300.63507893825863,88.94162316089226,,
53033002700,1584847,0,Census Tract 27,Washington,King County,2403,221,2376,224,27,30,1.1,1.24415549191125,68.3,6.99712356039545,30.5,8.62609566541587,2376,224,1642,226,734,218,69.1,6.93008706482734,30.9,8.70057979112797,2107,510,936700,43799,1369,421,3501,,799400,34305,1157300,84882,6.135984093749754,391.62422250209994,98.87640449438202,,
53033002800,988287,0,Census Tract 28,Washington,King County,2373,258,2226,288,147,120,6.2,5.01183859167163,54,7.55385837575549,39.8,9.18676097985195,2226,288,1281,227,945,241,57.5,6.96832378899503,42.5,9.32990113395997,1531,198,804500,63431,1339,74,2084,302,623900,63112,958100,41247,9.717005576674609,244.21103613404503,93.80530973451327,,
53033002900,986209,0,Census Tract 29,Washington,King County,2169,258,2095,268,74,62,3.4,2.82950618264314,67,10.3856029668669,29.6,4.03049762778867,2095,268,1454,284,641,116,69.4,10.244157931563,30.6,3.91645441825771,1596,337,839000,39084,980,168,2217,459,650400,102726,977400,41344,8.900376674909106,243.69755115135624,96.58828953434762,,
53033003000,1493249,0,Census Tract 30,Washington,King County,2708,227,2641,249,67,83,2.5,3.05796763208477,66.4,5.86729829676569,31.1,6.67179514516078,2641,249,1798,219,843,194,68.1,5.24993103423758,31.9,6.70092752134581,1841,145,822700,34024,1534,214,2392,458,663500,48571,951900,29521,7.338954984640201,368.9898637704701,97.52584933530281,,
53033003100,2236733,472744,Census Tract 31,Washington,King County,2736,238,2697,247,39,58,1.4,2.11625352419835,75.4,6.46622396630175,23.2,4.98034703384983,2697,247,2063,252,634,147,76.5,6.18296693664218,23.5,5.00729149081688,1722,418,843600,41170,1247,613,2355,295,660500,62323,990900,80677,4.950165787193282,552.7087612052076,98.57456140350878,,
53033003400,787161,0,Census Tract 34,Washington,King County,1577,124,1524,136,53,51,3.4,3.22317358296495,69.1,7.337760243257,27.5,7.09655507751143,1524,136,1090,144,434,117,71.5,6.96728068847908,28.5,7.24434813362478,1455,258,874400,47846,1131,115,2050,443,703400,57134,1072100,121096,8.107480652782188,194.511719181079,96.63918833227648,,
53033003500,1284745,0,Census Tract 35,Washington,King County,1986,195,1853,166,133,111,6.7,5.55030950723567,50.7,4.01331877518805,42.6,7.17853183527437,1853,166,1007,127,846,165,54.3,4.82416094919798,45.7,7.9095713304933,1730,98,928600,44252,1169,367,2143,247,741900,72330,1147400,56119,6.255760368700598,317.4674033130393,93.30312185297079,,
53033003800,624606,0,Census Tract 38,Washington,King County,957,105,941,111,16,27,1.7,2.81534696678482,57.9,7.89898290740994,40.4,8.76316150493234,941,111,554,97,387,94,58.9,7.61772752639339,41.1,8.73228685238859,2058,238,910700,46067,1685,96,2646,302,773300,35180,1101000,98373,6.20045532101313,154.3435038966832,98.32810867293625,,
53033003900,973808,0,Census Tract 39,Washington,King County,1167,136,1142,142,25,29,2.1,2.47243191093189,73.4,9.25196440291941,24.5,5.37194929666518,1142,142,856,147,286,71,75,8.87830815047736,25,5.38107416190168,2128,566,1019100,92094,1290,668,3121,308,832500,49922,1262000,119275,4.849704916103288,240.63319731578187,97.85775492716367,,
53033004000,2574586,3232248,Census Tract 40,Washington,King County,1442,134,1389,143,53,56,3.7,3.86844676440666,69.9,7.6757286040501,26.4,5.43509129845214,1389,143,1008,145,381,86,72.6,7.29087735761263,27.4,5.50999585034589,1375,320,926500,197071,919,119,1834,198,391200,82074,1599000,276089,2.2666040136552787,636.1940556500354,96.3245492371706,,
53033004301,979236,0,Census Tract 43.01,Washington,King County,1522,145,1340,101,182,117,12,7.60237009509607,46.3,2.34851562719313,41.8,5.39112859420813,1340,101,704,76,636,102,52.5,4.06038137296666,47.5,6.71891080636859,1336,162,924300,37150,1109,46,2225,759,793800,34792,1123300,81830,6.289919360493982,241.97448532638566,88.04204993429697,,
53033004302,331137,0,Census Tract 43.02,Washington,King County,1807,190,1479,180,328,146,18.2,7.85103187271143,4.2,3.1799328844397,77.7,5.20069508418084,1479,180,75,58,1404,175,5.1,3.87270120818677,94.9,2.55475000217297,1339,102,908300,367080,959,43,1770,154,595800,272841,1122700,258748,22.08351695907332,81.82573470289427,81.84836745987825,,
53033004500,670997,0,Census Tract 45,Washington,King County,1060,111,1005,122,55,54,5.2,5.06528131139489,55.6,7.78218238864704,39.2,8.59647216984104,1005,122,589,103,416,101,58.6,7.37707366546419,41.4,8.70336845963002,1925,342,837300,47208,1512,304,3117,462,668000,68109,976200,56676,6.392976135130142,165.80696964832666,94.81132075471697,,
53033004600,1552358,1033232,Census Tract 46,Washington,King County,1461,140,1363,155,98,68,6.7,4.60974947409508,59.9,6.06579715946095,33.4,8.95947536108557,1363,155,875,122,488,139,64.2,5.17894041316044,35.8,9.35005707594451,1876,174,954900,52700,1543,157,2697,663,786100,44152,1281900,113339,3.8086944075569478,383.5960157636131,93.29226557152636,,
53033004800,1278329,26886,Census Tract 48,Washington,King County,2542,400,2340,419,202,139,7.9,5.32324359774347,49.5,0.801464814303833,42.6,14.4560715987748,2340,419,1258,199,1082,405,53.8,12.8448369974089,46.2,15.1988279021763,1823,148,872500,37092,1511,141,2474,696,726500,79802,1038100,230964,8.047309437351892,315.88197518554597,92.05350118017309,,
53033005000,757380,0,Census Tract 50,Washington,King County,2575,340,2328,313,247,163,9.6,6.20209538345661,19.1,4.41777141959629,71.3,8.34788362001854,2328,313,492,131,1836,324,21.1,4.8570386924174,78.9,9.01456422330005,1695,142,920100,54609,1241,222,2101,312,794100,47339,1130800,277736,13.75882025889224,187.1526738156052,90.40776699029126,,
53033005100,881731,0,Census Tract 51,Washington,King County,1719,103,1604,132,115,72,6.7,4.16925616496214,59,5.95027044146095,34.3,4.56224251551467,1604,132,1015,119,589,86,63.3,5.28417979122467,36.7,4.42886158580452,1475,135,994700,61779,1204,130,2169,284,789400,52610,1216100,48166,7.8896468311826045,217.88047510642926,93.31006399069226,,
53033005600,3022785,1546484,Census Tract 56,Washington,King County,2861,248,2774,217,87,119,3,4.15102402643347,86.8,10.4840553485454,10.2,4.67052930550246,2774,217,2482,209,292,136,89.5,2.78855285912791,10.5,4.83302219951183,2320,517,1157000,66117,2026,333,3273,744,886400,52157,1611400,108263,3.8302612407055685,746.9464405182395,96.95910520796924,,
53033005700,5085640,2365806,Census Tract 57,Washington,King County,3206,492,2989,501,217,128,6.8,3.85502691756614,65.1,9.26834944872036,28.1,7.19723847238036,2989,501,2088,437,901,269,69.9,8.75522115254291,30.1,7.44753037437331,1648,146,890600,44076,1185,251,1963,303,710600,151089,1152500,178483,2.5511482704662845,1256.6890122046984,93.23144104803494,,
53033005801,1822365,260223,Census Tract 58.01,Washington,King County,3350,360,3153,374,197,147,5.9,4.34231663653785,30,3.76308883804643,64.1,7.20594665470303,3153,374,1005,166,2148,334,31.9,3.66381769390787,68.1,6.84931126795904,2073,211,691200,98960,1668,84,2753,263,442800,111955,907700,65094,7.439217179346478,450.31619849741924,94.11940298507463,,
53033006000,1340653,160754,Census Tract 60,Washington,King County,3344,486,3076,470,268,144,8,4.14570291653928,36.5,2.55836479205967,55.5,11.8761080648364,3076,470,1221,197,1855,480,39.7,2.0568627304562,60.3,12.5936536963347,1736,199,1089400,50301,1297,334,2185,230,843600,99082,1274100,187738,10.094101811956818,331.28257098010585,91.98564593301435,,
53033006100,1227451,652743,Census Tract 61,Washington,King County,3328,223,3065,259,263,148,7.9,4.41547605861074,42.3,6.66276080115948,49.8,6.63076051091805,3065,259,1409,241,1656,247,46,6.83636757548876,54,6.64065236809294,1662,131,966300,102132,1360,52,2146,130,663300,186013,1664700,120263,10.97228172346346,303.30974758725927,92.09735576923077,,
53033006200,2437426,239356,Census Tract 62,Washington,King County,1650,143,1632,147,18,20,1.1,1.20842831392639,89.9,4.56838497183554,9,2.99018647266556,1632,147,1483,149,149,51,90.9,4.04487838795874,9.1,3.01485404795161,3134,208,1159900,72002,1868,1230,3455,280,932500,63292,1653600,147131,2.7394936695349417,602.3010815279982,98.9090909090909,,
53033006300,2610569,3533560,Census Tract 63,Washington,King County,2900,359,2648,378,252,163,8.7,5.51679073480425,55.3,9.51700918805375,36,6.80918998501884,2648,378,1604,340,1044,236,60.6,9.4917699995839,39.4,6.91056617622051,1797,179,1916700,314322,1427,92,2356,241,1002800,291159,2000001,,4.495527076648723,645.0856485913685,91.3103448275862,,
53033006400,903649,0,Census Tract 64,Washington,King County,1466,234,1460,231,6,10,0.4,0.678992777730834,80.9,9.14837371001973,18.7,4.56935328250572,1460,231,1186,232,274,80,81.2,9.34429557165962,18.8,4.60516455263276,2255,440,1221600,353753,1681,264,2734,170,752500,192211,1856100,200151,6.565260975487483,223.2965308574267,99.59072305593452,,
53033006500,1147619,0,Census Tract 65,Washington,King County,2876,332,2665,352,211,144,7.3,4.93480644249592,38.2,6.12137807381478,54.5,10.7442583438239,2665,352,1099,217,1566,358,41.2,6.05256246878284,58.8,10.9643428725632,1769,75,1068300,110991,1483,131,2125,218,690400,146690,1614000,131305,10.14165770244496,283.58283077397215,92.663421418637,,
53033006600,1117109,831139,Census Tract 66,Washington,King County,2486,209,2351,208,135,115,5.4,4.60332161784121,18.9,4.98295659024918,75.7,6.77016838061741,2351,208,469,130,1882,231,19.9,5.24032704233667,80.1,6.81049061755904,1898,109,915700,196217,1578,89,2374,185,682500,102067,1682300,692808,9.005822230495154,276.0436455854088,94.56958970233306,,
53033006800,718106,0,Census Tract 68,Washington,King County,1592,189,1537,186,55,55,3.5,3.43034150412992,39.6,5.39772725649384,56.9,8.02449485441922,1537,186,631,114,906,167,41.1,5.5072747107919,58.9,8.1957654179492,1969,202,1358300,157413,1595,194,2465,314,1085500,78867,1652000,73771,8.971649623399163,177.44785706386358,96.54522613065326,,
53033006900,905121,0,Census Tract 69,Washington,King County,2248,175,2142,191,106,96,4.7,4.25465735687586,55.1,7.99635176358786,40.2,6.44319444950132,2142,191,1239,204,903,161,57.8,8.00624098740831,42.2,6.50881267868118,1961,234,1125700,179660,1511,175,2682,287,702700,145967,1655700,259015,10.050958090194603,223.66026997894636,95.2846975088968,,
53033007600,571882,0,Census Tract 76,Washington,King County,2259,185,2219,191,40,63,1.8,2.78507204510784,38.2,8.56692115525693,60.1,5.98427028542658,2219,191,862,206,1357,175,38.8,8.66039170703834,61.2,5.87267996357853,1586,141,841000,139646,1144,111,1939,111,595000,91269,1105900,103824,15.985550617437562,141.3151197642081,98.22930500221338,,
53033007700,1058322,0,Census Tract 77,Washington,King County,2596,228,2537,201,59,98,2.3,3.76975762674748,56.4,7.29720196095496,41.3,8.12566047307187,2537,201,1465,229,1072,231,57.7,7.78108463358791,42.3,8.46747718369321,1771,281,895100,39475,1103,270,2376,403,750900,71872,1136300,157322,9.926694590635178,261.51706152509826,97.72727272727273,,
53033007800,2097740,3632914,Census Tract 78,Washington,King County,2279,152,2231,145,48,77,2.1,3.37575337173597,77.4,7.73643546770533,20.4,6.70787824152945,2231,145,1765,212,466,156,79.1,7.99117855275681,20.9,6.85933279560806,2381,284,1142900,132692,2022,764,2921,1014,848200,67159,1869600,422279,4.396534263850347,518.3628429189412,97.89381307591049,,
53033008002,234314,0,Census Tract 80.02,Washington,King County,3395,418,2744,415,651,206,19.2,5.58960624149096,15.3,2.60102434157229,65.5,8.42276535119117,2744,415,519,109,2225,396,18.9,2.75618091583283,81.1,7.60772790541237,1863,317,1042200,135608,,,2571,342,680900,119259,1277900,148084,58.63532505120369,57.90025035309847,80.82474226804123,,
53033008200,375785,0,Census Tract 82,Washington,King County,3493,250,2856,278,637,238,18.2,6.68744558796845,11.9,4.26766964357599,69.9,5.78034504201818,2856,278,415,152,2441,267,14.5,5.13073962517772,85.5,4.2644093148943,2155,113,489000,135047,1402,225,2665,280,419800,174306,817700,588150,37.616375010825166,92.85849577464047,81.76352705410822,,
53033008300,237955,0,Census Tract 83,Washington,King County,2361,269,2055,260,306,212,13,8.85699289727235,17.2,4.08659099517836,69.8,6.04915231708819,2055,260,406,107,1649,236,19.8,4.56757570643863,80.2,5.36791424465843,1733,160,539700,96017,1180,223,2329,185,438700,33973,714700,91336,40.15308782453078,58.79996104702043,87.03939008894537,,
53033008500,450978,0,Census Tract 85,Washington,King County,2307,217,1920,186,387,127,16.8,5.27400559651395,8.5,3.729828659919,74.7,3.58163740943165,1920,186,196,88,1724,182,10.2,4.47537231601387,89.8,3.76689799675874,1432,74,648100,532914,1024,208,1873,140,313300,247779,1195900,598159,20.701891813961268,111.43909072330139,83.22496749024707,,
53033008600,711350,0,Census Tract 86,Washington,King County,3259,310,2931,330,328,178,10.1,5.3772424161842,13.9,4.3774780047703,76.1,7.81122547047773,2931,330,452,149,2479,347,15.4,4.77788630759714,84.6,7.03418486598608,1635,132,683300,127139,1138,112,2069,178,538500,81904,1010600,260555,18.540388107965633,175.77841310667137,89.93556305615219,,
53033008700,732385,0,Census Tract 87,Washington,King County,2038,197,1841,202,197,104,9.7,5.01676902448414,42.5,3.64568794538493,47.8,8.09777094607006,1841,202,867,112,974,190,47.1,3.21090439591781,52.9,8.53312133166756,1751,121,798800,66856,1207,308,2325,352,599600,48103,1000400,83846,11.261144601338154,180.9762748058333,90.33366045142296,,
53033008800,948581,0,Census Tract 88,Washington,King County,1784,152,1650,155,134,88,7.5,4.89104476933635,53.9,6.08329323831463,38.6,7.00287613738592,1650,155,962,136,688,138,58.3,6.15959101763408,41.7,7.38969672867721,2001,259,889600,55010,1384,211,2406,234,684800,85893,1136800,113949,7.610938715366916,234.39946985750956,92.48878923766816,,
53033008900,1270033,1798066,Census Tract 89,Washington,King County,2653,292,2543,306,110,100,4.1,3.74159032291806,66.8,10.3591739226298,29.1,6.19635960080467,2543,306,1772,337,771,185,69.7,10.2621846734542,30.3,6.29397567553356,1832,152,749600,83351,1505,224,2329,298,586000,40630,962100,168740,8.453567811723788,313.8319889408943,95.85375047116472,,
53033009000,855872,0,Census Tract 90,Washington,King County,2205,180,2080,178,125,82,5.7,3.6899149579441,21,3.95273116961141,73.3,6.93447616273829,2080,178,463,95,1617,202,22.3,4.15109862070299,77.7,7.07491758160147,1408,227,596200,69849,859,294,2047,307,435500,51730,787500,107068,10.425996423988439,211.4905770470697,94.33106575963718,,
53033009100,410621,0,Census Tract 91,Washington,King County,1943,239,1773,251,170,88,8.7,4.39935267005707,4.6,2.87899254506694,86.7,7.47623045768746,1773,251,89,57,1684,253,5,3.13536544923565,95,4.77725866382819,851,205,469400,100225,502,123,1560,238,393200,147476,591100,165788,19.149147337138267,101.4666588434308,91.25064333504889,,
53033009200,338451,154864,Census Tract 92,Washington,King County,2212,302,1891,308,321,147,14.5,6.34335870945185,4.9,1.82607924165503,80.6,8.00360754783087,1891,308,108,43,1783,301,5.7,2.07495098653111,94.3,4.18518570337903,1082,152,484000,84117,413,329,1471,166,430000,39515,653200,174668,26.448869722200946,83.63306346294515,85.4882459312839,,
53033009300,9444110,639051,Census Tract 93,Washington,King County,1777,212,1558,204,219,136,12.3,7.51079004201286,32.4,4.16539692395224,55.3,7.61596752941947,1558,204,576,101,982,179,37,4.31179795982145,63,7.99304359398499,1897,101,606300,91225,1616,75,2308,147,390700,57601,836100,78717,0.761454902855289,2333.690404167915,87.67585818795723,,
53033009400,1686311,0,Census Tract 94,Washington,King County,3275,367,3103,383,172,132,5.3,3.98733423932618,39.3,4.7027701718198,55.5,10.0869973382474,3103,383,1287,211,1816,388,41.5,4.47555912783928,58.5,10.206417510696,1430,296,646200,50103,969,114,2012,207,506800,126054,805100,78690,7.859436831853526,416.6965229272849,94.74809160305342,,
53033009500,2597717,2916270,Census Tract 95,Washington,King County,2969,246,2876,259,93,89,3.1,2.98638584742014,55.6,5.71475765967119,41.2,7.9536411154394,2876,259,1652,218,1224,257,57.4,5.54051759235631,42.6,8.07236022997647,1595,325,914600,42610,901,136,2270,454,739000,63861,1223100,131689,4.625260071865171,641.9098502287524,96.86763219939374,,
53033009600,1906922,1385222,Census Tract 96,Washington,King County,3171,367,2847,376,324,176,10.2,5.42285966759426,55.5,1.1816787435773,34.3,11.3065323261928,2847,376,1759,207,1088,380,61.8,10.9291719673328,38.2,12.3563519015449,1299,295,830600,68012,1094,80,1809,221,597300,59957,1180400,164457,6.729473840791683,471.21068823813874,89.78240302743615,,
53033009701,1861358,1607123,Census Tract 97.01,Washington,King County,3010,271,2791,249,219,162,7.3,5.34204693082011,54,3.81570443105336,38.7,7.17019143371887,2791,249,1625,186,1166,240,58.2,4.17505717821882,41.8,7.74933831034815,1693,116,853300,77250,1399,105,1997,194,536700,112006,1144300,87679,6.5441671249828195,459.9515786369686,92.72425249169434,,
53033009702,2220441,0,Census Tract 97.02,Washington,King County,2302,196,2215,226,87,98,3.8,4.24498899894694,75.8,6.38537091659737,20.4,5.82792775171033,2215,226,1745,209,470,140,78.8,4.94164402394198,21.2,5.93818178911949,2199,172,822400,41764,1713,310,2620,403,653200,43016,971000,37475,4.195501472169099,548.6829203303444,96.22067767158993,,
53033009900,6565170,2370735,Census Tract 99,Washington,King County,3251,342,2981,359,270,164,8.3,4.96836761343408,47.6,7.86381680337472,44.1,5.33760987704625,2981,359,1546,303,1435,230,51.9,8.01909854934057,48.1,5.09129304350774,1715,101,567300,96861,1179,277,2038,209,373000,55649,774900,92399,2.003958805213293,1622.2888372468203,91.69486311904029,,
53033010001,2327512,0,Census Tract 100.01,Washington,King County,1762,153,1627,175,135,92,7.7,5.17878067964536,38.1,6.72218281518805,54.3,7.42886651047009,1627,175,671,132,956,155,41.2,6.79298972823686,58.8,7.1285071339131,989,194,623200,58331,244,221,1668,205,476400,59599,798600,98602,3.0635979605126273,575.1407406294157,92.33825198637912,,
53033010002,948077,0,Census Tract 100.02,Washington,King County,2090,167,1975,178,115,82,5.5,3.898732525613,47.4,3.79361493205309,47.1,7.79866236705169,1975,178,990,112,985,181,50.1,3.42768090513877,49.9,7.9865381949056,1575,161,704800,36119,1199,180,1945,176,573100,27385,881500,44885,8.921142399631929,234.27492874525012,94.49760765550239,,
53033010200,2795533,2076618,Census Tract 102,Washington,King County,2065,125,1935,153,130,82,6.3,3.95261668869122,79.2,6.08567915453108,14.5,3.5246175191271,1935,153,1636,160,299,75,84.5,4.86625034640406,15.5,3.67836057797519,2095,411,835700,40001,1431,311,2534,429,629200,42737,1034600,74511,2.9893256535536668,690.7912483690621,93.7046004842615,,
53033010401,1629874,0,Census Tract 104.01,Washington,King County,1553,127,1388,141,165,86,10.6,5.46908384627542,62.1,7.9859537702535,27.2,8.00228858892907,1388,141,965,147,423,129,69.5,7.89199591706162,30.5,8.76317045453238,1659,393,638100,40966,1229,238,2315,980,496900,46365,797100,69724,3.8559839742133946,402.7506365134222,89.37540244687702,,
53033010402,1742875,0,Census Tract 104.02,Washington,King County,1691,116,1591,147,100,68,5.9,4.00077493860642,69.2,9.32715395334179,24.8,7.01059554548606,1591,147,1171,177,420,122,73.6,8.80466116441166,26.4,7.26987965771947,1602,243,605700,40251,1355,119,1978,221,433400,104931,740400,59988,3.9264056287905165,430.6737917245939,94.08633944411591,,
53033010701,1457384,3664,Census Tract 107.01,Washington,King County,1815,204,1784,208,31,37,1.7,2.02950832818646,53.1,7.00689813289394,45.2,8.32189934352689,1784,208,963,167,821,177,54,6.92954002890772,46,8.34548904137004,1305,144,588900,32202,955,424,1600,278,467900,62474,698900,20499,5.039882698489802,360.12742926415007,98.29201101928375,,
53033010702,780116,0,Census Tract 107.02,Washington,King County,1893,255,1815,253,78,58,4.1,3.01322441853423,46.5,9.09298302859314,49.4,7.58518368131727,1815,253,880,209,935,191,48.5,9.32316860551402,51.5,7.69265626126764,1083,436,582700,47474,387,269,1431,97,477300,49241,690900,29345,9.819948837869054,192.7708617686428,95.8795562599049,,
53033010800,4140525,322633,Census Tract 108,Washington,King County,1907,187,1839,199,68,60,3.6,3.12681295450106,72.5,4.6466792781713,23.9,7.61793582008372,1839,199,1383,162,456,152,75.2,3.37277601798164,24.8,7.81771023836564,2053,336,562900,33330,1453,333,2360,130,434700,34382,686000,21658,1.8638590993935926,1023.146009599354,96.43418982695333,,
53033010900,5389781,414929,Census Tract 109,Washington,King County,723,106,625,107,98,56,13.6,7.48622942577849,50.1,11.7225316588385,36.4,6.53769560628554,625,107,362,100,263,61,57.9,12.5568645713324,42.1,6.58472480995098,1244,257,532200,86839,796,209,1984,480,439600,32333,671000,56635,0.5428564153896317,1331.843890029505,86.44536652835409,,
53033011001,1080391,0,Census Tract 110.01,Washington,King County,1910,253,1826,252,84,60,4.4,3.08687321586218,43.8,10.3147046599398,51.8,7.97537336242723,1826,252,836,226,990,201,45.8,10.6425015824403,54.2,8.07367075589804,825,456,553200,53250,255,162,1247,183,411300,86680,665600,27559,7.154350384984561,266.97043018869726,95.6020942408377,,
53033011002,1719569,0,Census Tract 110.02,Washington,King County,1324,107,1296,94,28,48,2.1,3.62134685578537,61.1,7.50987287312509,36.8,7.83899386587564,1296,94,809,119,487,111,62.4,7.9882372579123,37.6,8.11958626830704,1132,143,541600,37123,681,207,1448,255,386400,61118,650100,19089,3.1159191072050607,424.91475370412,97.88519637462235,,
53033011101,1136851,0,Census Tract 111.01,Washington,King County,2204,208,2153,191,51,84,2.3,3.80499074721242,43,6.66517725280302,54.7,7.73891401269554,2153,191,948,172,1205,205,44,6.96874654528977,56,8.12453763091449,1587,180,534500,58282,1265,184,1956,137,434200,22943,675600,54645,7.845594149954069,280.92200002633365,97.68602540834846,,
53033011102,1303226,1143440,Census Tract 111.02,Washington,King County,1969,268,1892,278,77,54,3.9,2.69036073963477,56.6,10.9709994631539,39.5,6.23244157784304,1892,278,1115,264,777,162,58.9,10.9415822146318,41.1,6.07469573051021,1549,254,845600,58979,1123,88,1971,376,620400,82749,1063600,127945,6.114258229735633,322.0341578679341,96.08938547486034,,
53033011200,2483779,139646,Census Tract 112,Washington,King County,1513,160,1451,169,62,54,4.1,3.54266270258277,38,7.66904851544692,57.9,9.57844732206645,1451,169,575,131,876,172,39.6,7.75928333331902,60.4,9.54311190885382,1061,147,467300,23209,755,193,1402,173,406600,24850,585800,72885,2.4651524016794912,613.755157275146,95.90218109715796,,
53033011300,3419308,42220,Census Tract 113,Washington,King County,3099,294,2811,336,288,179,9.3,5.70837312403868,49,7.59760882795885,41.7,7.79763158330874,2811,336,1518,276,1293,271,54,7.39855471018016,46,7.91918279229972,1221,85,498300,42424,1042,63,1751,252,416100,23917,650000,32626,3.6677620305094965,844.929407693746,90.70667957405615,,
53033011401,1233155,0,Census Tract 114.01,Washington,King County,1867,167,1841,167,26,34,1.4,1.81683810312115,51,7.00098047023468,47.6,4.22447998368477,1841,167,952,156,889,112,51.7,7.05686501099173,48.3,4.22174972518531,1688,107,540200,60442,1366,119,2027,185,409000,42521,685400,60786,6.126951551605969,304.719236683148,98.6073915372255,,
53033011402,1186191,0,Census Tract 114.02,Washington,King County,2031,161,1918,184,113,77,5.6,3.76549427429537,46.6,7.29177378345196,47.9,8.92695564178905,1918,184,946,166,972,197,49.3,7.24692932021816,50.7,9.04764225953794,1175,97,484200,28041,986,76,1640,216,409300,23108,621100,38156,6.929040427632857,293.1141795479238,94.43623830625307,,
53033011500,1538373,0,Census Tract 115,Washington,King County,2113,216,1979,247,134,98,6.3,4.5924253205178,68,7.10702847789287,25.7,7.504262919065,1979,247,1436,210,543,168,72.6,5.53012313092002,27.4,7.76774067518168,1588,406,603600,25731,1194,171,2190,204,491800,33634,714200,27301,5.558474843572423,380.1402470037947,93.65830572645528,,
53033011700,3515808,0,Census Tract 117,Washington,King County,1740,178,1595,186,145,85,8.3,4.81009839596673,60.6,7.4741666222112,31,9.36135981097503,1595,186,1055,169,540,172,66.1,7.26436086850214,33.9,10.0349825043732,1646,191,553700,34604,1315,206,1979,214,422700,41514,670200,22133,2.002819885208711,868.775077005328,91.66666666666666,,
53033012000,1437048,0,Census Tract 120,Washington,King County,1555,166,1499,165,56,54,3.6,3.45132292773217,75.6,5.85572505426517,20.8,7.05307804515065,1499,165,1175,155,324,115,78.4,5.69868615752471,21.6,7.29354311210855,1780,252,582700,30372,1278,416,2255,443,452600,37448,705700,25495,4.379019863520134,355.1022942266337,96.39871382636656,,
53033012100,1739952,1380849,Census Tract 121,Washington,King County,1275,136,1162,138,113,68,8.9,5.24887987131121,80.5,5.78847249633532,10.7,4.32338072553705,1162,138,1026,132,136,57,88.3,4.36863259978068,11.7,4.70428509454244,1495,292,862100,83859,1200,163,1948,403,624100,53970,1233100,250109,2.9654507357443785,429.95150269456536,91.13725490196079,,
53033000101,414848,0,Census Tract 1.01,Washington,King County,1889,233,1691,244,198,135,10.5,7.02872037171252,6.9,4.47283734286213,82.6,9.17041601381304,1691,244,130,86,1561,259,7.7,4.96329570998259,92.3,7.5609568528456,1486,152,637900,483160,1213,166,1899,194,,,1003800,412383,18.427259579203604,102.51117329089253,89.5182636315511,,
53033000102,1495019,918878,Census Tract 1.02,Washington,King County,2278,293,2146,282,132,126,5.8,5.48072406573491,35.4,7.14273753659482,58.8,6.42396441887432,2146,282,807,193,1339,226,37.6,7.5142329507973,62.4,6.60909322920406,1448,278,784700,155872,1030,120,1906,122,515400,97300,1123500,189356,6.166302187615694,369.427240295667,94.20544337137841,,
53033000201,1806749,0,Census Tract 2.01,Washington,King County,2477,421,2326,402,151,139,6.1,5.5151452872366,46,13.1541729155922,47.9,0.909208728898448,2326,402,1139,379,1187,203,49,13.9238022276182,51,12.4079165714513,1557,129,611800,62622,1233,115,1863,81,451100,102465,753900,205962,5.54812171379899,446.4574008604279,93.90391602745257,,
53033000202,1480085,0,Census Tract 2.02,Washington,King County,1550,84,1550,84,0,13,0,0.838709677419355,66.6,7.42806996751101,33.4,7.85851694421901,1550,84,1032,128,518,125,66.6,7.42806996751101,33.4,7.85851694421901,1564,261,607700,42470,1159,152,1940,199,478600,54819,735200,49953,4.2380183940245875,365.7369685288363,100,,
53033000403,669384,62871,Census Tract 4.03,Washington,King County,1736,130,1714,132,22,37,1.3,2.12922259236035,37.3,8.84428644422705,61.5,8.38161523702246,1714,132,647,161,1067,166,37.7,8.9320609582397,62.3,8.41509323533115,1269,370,521300,128740,340,124,1669,179,328800,81873,718600,123761,10.495235543852658,165.4083886680201,98.73271889400922,,
53033000404,617482,13535,Census Tract 4.04,Washington,King County,2351,285,2310,258,41,66,1.7,2.79934448790297,13.9,5.93263508306007,84.3,4.53792504210073,2310,258,327,145,1983,263,14.2,6.07468029138302,85.8,6.13994604913309,1316,72,348500,66074,1109,65,1510,144,279900,33110,491900,181821,15.407994806427103,152.58312515911106,98.25606125053169,,
53033000601,1431268,0,Census Tract 6.01,Washington,King County,1988,242,1799,261,189,100,9.5,4.89524136185168,49.6,5.68866227500863,40.8,11.2214368387661,1799,261,987,165,812,244,54.9,4.55684039315674,45.1,11.8775451888787,1692,157,698300,69131,1376,146,1998,330,570000,38063,850300,70415,5.620995206859266,353.67402512175346,90.49295774647888,,
53033000602,2355577,55191,Census Tract 6.02,Washington,King County,1537,96,1497,102,40,66,2.6,4.29100170167518,63.8,8.0469957876523,33.6,9.19704774161637,1497,102,980,138,517,145,65.5,8.06744075446041,34.5,9.39585522039235,1455,159,588500,42535,1226,199,1753,149,436400,66667,723100,51676,2.6405497766486437,582.0757531602919,97.3975276512687,,
53033001201,1008240,0,Census Tract 12.01,Washington,King County,2454,319,2286,305,168,163,6.8,6.58233140302359,9.8,5.01664286215471,83.4,6.72464364174931,2286,305,240,127,2046,313,10.5,5.37606873651846,89.5,6.69898113637349,1389,103,362400,98188,990,139,1712,92,303000,134797,567100,223354,9.849823118076463,249.14152981045947,93.15403422982885,,
53033001202,821426,0,Census Tract 12.02,Washington,King County,1610,169,1454,159,156,140,9.7,8.63596513819878,26.3,6.31593094298061,64,9.17059141408784,1454,159,424,111,1030,183,29.2,6.9362028663281,70.8,9.91959520529695,1493,151,674200,63024,1311,79,1832,136,548600,74510,829500,104788,7.931863418084985,202.97878507705158,90.31055900621118,,
53033003201,1152079,1354300,Census Tract 32.01,Washington,King County,2601,477,2538,488,63,98,2.4,3.7415057148764,42,16.9828374457634,55.6,13.8286091791308,2538,488,1092,485,1446,243,43,17.2259397136936,57,14.549168971464,1641,198,923100,100619,1021,165,2152,236,784900,72986,1115900,177125,9.136416473750673,284.68492077531573,97.57785467128028,,
53033003202,956016,0,Census Tract 32.02,Washington,King County,2175,320,2105,330,70,96,3.2,4.38832057721005,74.7,12.0093205730237,22.1,8.05751766173867,2105,330,1624,354,481,189,77.1,11.684721175287,22.9,8.23305577514132,1881,468,848700,79775,1359,227,2356,649,657700,123118,1016200,168609,9.206867582467066,236.23669836871798,96.7816091954023,,
53033003301,669207,0,Census Tract 33.01,Washington,King County,2168,228,2120,239,48,75,2.2,3.45156490444476,37.5,3.9540908293164,60.3,9.23972754513579,2120,239,812,121,1308,243,38.3,3.73242650141264,61.7,9.11061351709388,1746,120,912100,49866,1407,117,2223,311,779900,46515,1065900,77577,13.110419830878989,165.3646510155004,97.7859778597786,,
53033003302,627071,0,Census Tract 33.02,Washington,King County,1681,220,1610,178,71,116,4.2,6.8784790828667,48,7.38574845556771,47.8,4.84917238531664,1610,178,807,163,803,133,50.1,8.47287661503526,49.9,6.15104746148221,1847,216,773100,78602,1376,346,2243,135,615700,54592,916400,46579,10.848477518581266,154.95261866199974,95.77632361689471,,
53033003601,674139,0,Census Tract 36.01,Washington,King County,2060,311,1927,342,133,142,6.5,6.82394246106255,45.7,14.5664992619715,47.9,4.27915023164607,1927,342,941,332,986,173,48.8,14.8903390767511,51.2,12.7697159341148,1653,300,825900,110077,1124,481,2281,294,528000,400655,981900,118104,12.366180016500815,166.58337475689652,93.54368932038835,,
53033003602,522326,0,Census Tract 36.02,Washington,King County,2787,400,2669,408,118,107,4.2,3.79085815125438,17.9,4.77261055361719,77.9,9.67160791020453,2669,408,498,151,2171,412,18.7,4.88593483627452,81.3,9.14726382042894,1735,96,642000,81472,1443,204,1995,219,493100,69846,821600,133785,21.5930067605836,129.06956548022103,95.76605669178328,,
53033004101,1601973,3290570,Census Tract 41.01,Washington,King County,1426,191,1412,190,14,22,1,1.53716260955966,84.7,7.11754871562743,14.3,4.13590192909321,1412,190,1208,191,204,65,85.6,7.10288595676449,14.4,4.17274910294831,1919,664,1838100,100146,1245,280,2793,483,1520300,153652,2000001,,3.6023186772450546,395.8561492651067,99.01823281907434,,
53033004102,1689910,2027249,Census Tract 41.02,Washington,King County,1643,221,1616,221,27,31,1.6,1.87379956761375,67.7,8.08081113162261,30.7,5.11698099891479,1616,221,1112,200,504,108,68.8,8.03822585901368,31.2,5.14516757181731,1801,145,1186100,98348,1529,180,2214,457,950000,109579,1757800,419679,3.9345202419081935,417.5858551951852,98.35666463785758,,
53033004201,1244114,0,Census Tract 42.01,Washington,King County,1544,156,1464,182,80,89,5.2,5.74042739742759,68.7,8.29898608548946,26.2,5.62757780797414,1464,182,1060,167,404,96,72.4,7.00731033331527,27.6,5.58839417172766,1773,218,1056800,137501,1221,472,2330,606,826300,55215,1364700,70619,5.022326182476432,307.4272645586467,94.81865284974094,,
53033004202,1220977,0,Census Tract 42.02,Washington,King County,1892,285,1793,250,99,126,5.2,6.61281090703654,69.2,14.3326767818103,25.5,11.7548465405163,1793,250,1310,186,483,234,73.1,1.95858635386059,26.9,12.498582020964,1736,703,916100,47063,1326,194,2511,520,768300,49583,1085400,59876,6.270922671909999,301.70998734764083,94.76744186046511,,
53033004401,694919,0,Census Tract 44.01,Washington,King County,1225,179,1225,179,0,13,0,1.06122448979592,48.5,12.5924358925967,51.5,2.94280660817524,1225,179,594,177,631,99,48.5,12.5924358925967,51.5,2.94280660817524,1571,259,1045700,130909,1226,178,2158,679,655400,391294,1245300,122756,7.133779789356612,171.7182245837843,100,,
53033004402,294988,0,Census Tract 44.02,Washington,King County,1786,209,1651,216,135,124,7.6,6.88631249376994,8.8,3.66394675760034,83.6,8.37537823213536,1651,216,158,68,1493,230,9.6,3.92380270472976,90.4,7.35528037044284,1356,67,927100,139282,1125,101,1657,214,789900,118005,1079700,143547,24.501625728525447,72.89312226823753,92.44120940649496,,
53033004701,571393,176916,Census Tract 47.01,Washington,King County,2353,294,2204,275,149,170,6.3,7.18136530438392,22.5,8.55893860383816,71.1,6.56352666404996,2204,275,530,212,1674,260,24,9.13893284859178,76,7.0250858579148,1791,82,466000,41694,1549,91,2110,288,411000,60831,607900,158340,16.664980428368953,141.19428523267067,93.66765830854229,,
53033004702,266414,0,Census Tract 47.02,Washington,King County,2395,407,2214,352,181,231,7.6,9.55920735055347,40.8,8.34843145443898,51.6,13.0213915186001,2214,352,978,260,1236,376,44.2,9.41197563867434,55.8,14.4788636501686,1942,378,547200,73290,1414,200,2558,358,426100,86795,671100,44637,36.38029957752902,65.83233309819462,92.44258872651358,,
53033004703,1188631,155567,Census Tract 47.03,Washington,King County,2032,223,2032,223,0,13,0,0.639763779527559,23.4,9.7555423204022,76.6,9.31996238103244,2032,223,476,205,1556,255,23.4,9.7555423204022,76.6,9.31996238103244,1858,138,813100,117563,1559,136,2291,261,664400,117803,944700,101198,6.918221256484682,293.71711667870375,100,,
53033004901,497144,0,Census Tract 49.01,Washington,King County,2052,210,1989,215,63,74,3.1,3.59252418616012,36.5,8.09809909186109,60.4,6.42558996411055,1989,215,749,183,1240,183,37.7,8.25117603133579,62.3,6.26402430522429,1690,140,784000,132142,1330,129,2099,341,492200,159117,979900,85641,16.70371035105451,122.84695776411476,96.9298245614035,,
53033004902,597604,17368,Census Tract 49.02,Washington,King County,1942,228,1854,233,88,91,4.5,4.65559225215049,29.8,7.68529281206539,65.7,6.02550728800098,1854,233,579,164,1275,190,31.2,7.92737157925156,68.8,5.50713179611327,1725,160,880800,34275,1353,95,2309,311,752400,117378,1111400,618807,13.1508409788098,147.67116438630666,95.46858908341915,,
53033005201,699701,73218,Census Tract 52.01,Washington,King County,1734,190,1646,205,88,95,5.1,5.45036803985299,32.8,6.45041878033109,62.2,9.45010447845497,1646,205,568,128,1078,202,34.5,6.48089923309225,65.5,9.16924163434791,1661,109,1003000,178748,1094,136,2013,387,587500,187258,1143300,51069,10.028925264422186,172.8998825179603,94.92502883506344,,
53033005202,269234,19268,Census Tract 52.02,Washington,King County,1887,230,1479,220,408,172,21.6,8.72570446836927,2.3,2.15409284986581,76,6.5343016532386,1479,220,44,41,1435,214,3,2.73659446054983,97,1.03195433444638,1601,183,,,1251,192,2079,218,,,,,28.36349818027685,66.52917027393204,78.37837837837837,,
53033005303,2432843,749176,Census Tract 53.03,Washington,King County,24,17,24,17,0,13,0,54.1666666666667,0,54.1666666666667,100,100.173460668094,24,17,0,13,24,17,0,54.1666666666667,100,100.173460668094,1000,320,,,925,84,1313,363,,,,,0.0399222449363145,601.1685975647342,100,,
53033005304,73030,0,Census Tract 53.04,Washington,King County,148,37,148,37,0,13,0,8.78378378378378,0,8.78378378378378,100,35.3553390593274,148,37,0,13,148,37,0,8.78378378378378,100,35.3553390593274,1568,121,,,1377,72,1804,70,,,,,8.201215261059685,18.046106008547422,100,,
53033005305,212967,0,Census Tract 53.05,Washington,King County,1593,113,1215,174,378,140,23.7,8.62575463615574,0,0.816070307595731,76.3,9.48871373375821,1215,174,0,13,1215,174,0,1.06995884773663,100,20.2529349673184,1443,66,,,1243,92,1763,100,,,,,30.270616015077824,52.62529177491879,76.27118644067797,,
53033005306,200489,0,Census Tract 53.06,Washington,King County,1845,234,1640,237,205,154,11.1,8.22706383133237,3.1,4.86172753726013,85.7,7.23592956073749,1640,237,58,90,1582,241,3.5,5.46395460312473,96.5,4.64963563956301,1710,79,,,1168,297,2024,167,,,,,37.24119577297437,49.541910824971445,88.88888888888889,,
53033005307,130030,0,Census Tract 53.07,Washington,King County,425,191,361,191,64,70,15.1,15.0159814348542,0,3.05882352941176,84.9,23.7168369105526,361,191,0,13,361,191,0,3.601108033241,100,74.8240416657233,878,85,,,832,19,1160,565,,,,,13.227055137429575,32.131112752176115,84.94117647058823,,
53033005401,756239,615226,Census Tract 54.01,Washington,King County,2164,186,2003,212,161,121,7.4,5.55480976995606,31.1,6.79437158882803,61.5,7.52721913989648,2003,212,673,158,1330,199,33.6,7.04105574926723,66.4,7.02244787769936,1811,131,731300,102317,1468,130,2374,247,541000,89304,1029300,125120,11.580197924298318,186.87072657535117,92.56007393715342,,
53033005402,463900,0,Census Tract 54.02,Washington,King County,1871,261,1660,272,211,159,11.3,8.35124790269525,28.4,11.4684320642824,60.3,2.44460907059141,1660,272,531,227,1129,164,32,12.6303254185555,68,14.8928438150309,1911,191,887900,46665,1435,121,2484,344,781200,117458,994600,102062,16.321768411964342,114.63218646262015,88.72260823089258,,
53033005803,832097,0,Census Tract 58.03,Washington,King County,1546,162,1497,173,49,60,3.2,3.8667464680074,43.7,6.0232749555963,53.1,11.391359887338,1497,173,676,117,821,196,45.2,5.81815344514652,54.8,11.4566031427177,1672,160,863000,75653,1301,203,2034,205,676300,94300,1125000,197935,7.518883049728917,205.61564660268775,96.83053040103493,,
53033005804,2334443,1169687,Census Tract 58.04,Washington,King County,1693,248,1529,245,164,123,9.7,7.12528722607297,25.5,5.67176726244402,64.8,11.542409462384,1529,245,432,115,1097,253,28.3,6.00610180880596,71.7,11.9008676093039,1651,166,583300,90340,1282,168,2027,221,456000,42765,758900,163207,2.9348876469132343,576.8534280283646,90.31305375073833,,
53033005901,778385,173882,Census Tract 59.01,Washington,King County,1353,271,1297,288,56,80,4.1,5.8543812013053,47.2,5.80560145180127,48.7,16.3842216623914,1297,288,638,150,659,258,49.2,3.80073207537064,50.8,16.3830254285685,1681,178,799700,127674,1387,170,1980,200,548300,126541,1060000,140973,7.03430402629431,192.3431223533231,95.8610495195861,,
53033005902,1022976,0,Census Tract 59.02,Washington,King County,1782,188,1716,195,66,69,3.7,3.85228821427438,65,7.18164833491433,31.3,8.5920709542078,1716,195,1159,177,557,164,67.5,6.89098873091225,32.5,8.81663026690183,1798,331,1083500,73917,1361,151,2439,484,876300,64757,1331100,158004,7.049528185135003,252.7828747117597,96.29629629629629,,
53033006701,380256,105441,Census Tract 67.01,Washington,King County,2397,296,1992,300,405,235,16.9,9.57932934513881,5,3.49179539158258,78.1,8.17198129733868,1992,300,120,85,1872,303,6,4.16950608623218,94,5.57336675482029,2230,87,467200,73778,1960,184,2476,158,418000,53812,619000,328229,25.509958671244156,93.96330393518019,83.10387984981227,,
53033006702,304748,0,Census Tract 67.02,Washington,King County,2351,365,1980,403,371,280,15.8,11.6551092767544,24.2,10.489257589914,60,13.3677169624235,1980,403,570,262,1410,383,28.8,11.8643323861211,71.2,12.8096477170752,2113,227,871700,228984,1698,184,2567,421,654000,132776,1109200,201777,31.21976009378969,75.30487079135712,84.2194810718843,,
53033006703,597133,0,Census Tract 67.03,Washington,King County,1882,423,1882,423,0,13,0,0.690754516471838,56.6,16.9528997394264,43.4,2.4254506553643,1882,423,1066,399,816,189,56.6,16.9528997394264,43.4,2.4254506553643,1768,178,673700,346449,1417,213,2295,417,357700,192315,1034400,240660,12.754585305043696,147.5547777516356,100,,
53033007001,358281,0,Census Tract 70.01,Washington,King County,3143,541,2870,535,273,216,8.7,6.70781283728433,32.1,11.2494654089317,59.2,12.6716580086383,2870,535,1010,394,1860,511,35.2,12.0593953305362,64.8,13.0791088676319,1402,78,534700,316748,1131,170,1700,124,305400,116014,1075300,341602,35.50082124255252,88.53316317743914,91.31403118040089,,
53033007002,441021,0,Census Tract 70.02,Washington,King County,2503,249,2245,274,258,203,10.3,8.04518347185301,23.2,4.42808016567365,66.5,9.41563398527222,2245,274,581,125,1664,288,25.9,4.58531407566841,74.1,9.09587764589411,1641,90,634900,142069,1385,92,1886,81,385200,190345,,,22.967798869593533,108.97866244003278,89.69236915701158,,
53033007101,495054,0,Census Tract 71.01,Washington,King County,2050,282,1860,296,190,168,9.3,8.09533894070741,14.4,6.58703213056964,76.3,8.65688907937471,1860,296,295,141,1565,279,15.9,7.14812209036857,84.1,6.76078698038376,1827,60,424500,60272,1629,40,2082,201,287500,106524,498300,122757,16.75788028360511,122.33050751684837,90.73170731707317,,
53033007102,335908,0,Census Tract 71.02,Washington,King County,1882,183,1680,214,202,133,10.7,6.98945891175865,18,6.18615539155043,71.3,6.28099268628272,1680,214,339,121,1341,176,20.2,6.72811354153258,79.8,2.52345830968368,1866,144,656600,29331,1556,118,2317,232,570200,22605,743100,306126,22.673421850496734,83.00467447787413,89.26673751328374,,
53033007201,150744,0,Census Tract 72.01,Washington,King County,3816,434,3535,447,281,245,7.4,6.36547865762964,19.6,7.45779757964232,73.1,5.04744650863345,3535,447,747,297,2788,371,21.1,7.96545740820563,78.9,3.2691487235193,1944,187,945400,119944,1454,325,2362,126,794300,76081,1238500,205166,102.44390561400859,37.24965362388707,92.63626834381552,,
53033007202,280585,0,Census Tract 72.02,Washington,King County,2179,252,1932,318,247,205,11.3,9.31620213727115,17.3,4.0278593558622,71.4,12.9165852687438,1932,318,377,98,1555,334,19.5,3.92606127333026,80.5,11.1069209681441,2192,305,890500,39158,1459,226,2752,226,811500,27621,969600,62724,31.427553662560133,69.33406345896589,88.66452501147315,,
53033007203,579631,0,Census Tract 72.03,Washington,King County,2218,363,1982,365,236,211,10.6,9.35233451223532,9.2,5.57119418168232,80.2,9.63254920523317,1982,365,204,128,1778,361,10.3,6.17369963145249,89.7,7.66991062259142,2092,156,435700,137433,1640,192,2448,216,362200,78407,,,15.48558918498671,143.2299393651972,89.35978358881876,,
53033007301,250787,0,Census Tract 73.01,Washington,King County,2238,257,1916,271,322,208,14.4,9.14597319125593,0,0.580875781948168,85.6,7.06931078993566,1916,271,0,13,1916,271,0,0.678496868475992,100,20.0027074845046,2106,175,,,1439,186,2492,227,,,,,36.113772537376455,61.97081730200716,85.61215370866846,,
53033007302,312981,0,Census Tract 73.02,Washington,King County,3482,392,3091,303,391,323,11.2,9.18973390021967,13.5,4.58033688374103,75.3,4.30102271218865,3091,303,469,168,2622,331,15.2,5.22766016234433,84.8,6.7474541952662,2459,193,783700,213130,1168,205,2984,276,588000,126045,1032900,174884,45.02239453128636,77.33928939697633,88.77082136703044,,
53033007303,313527,0,Census Tract 73.03,Washington,King County,2036,264,1844,206,192,220,9.4,10.7360910822497,6.2,3.89530339871907,84.3,14.5687296205885,1844,206,127,81,1717,196,6.9,4.32471779759784,93.1,2.18541716196111,2231,139,710400,166755,1585,296,3107,344,578100,99764,904500,247059,26.279713313386868,77.47420893525741,90.56974459724951,,
53033007403,118559,0,Census Tract 74.03,Washington,King County,1958,298,1911,308,47,74,2.4,3.76166778883095,12.6,4.45585690355317,85,9.73748764457447,1911,308,247,95,1664,317,12.9,4.5136894016912,87.1,8.84382668545656,1782,139,369800,41079,1387,215,2176,186,318800,32731,445900,77678,66.8337694739248,29.296566921366207,97.59959141981614,,
53033007404,153725,0,Census Tract 74.04,Washington,King County,2062,308,2046,309,16,26,0.8,1.25557356672005,16.9,4.25181831223814,82.3,8.13874048711229,2046,309,349,102,1697,304,17.1,4.26813691672198,82.9,7.99094360844479,1652,126,505700,152794,1387,75,1960,117,372000,47230,811200,118525,54.282764306317404,37.98627476604071,99.22405431619786,,
53033007405,131830,0,Census Tract 74.05,Washington,King County,2073,327,1850,340,223,147,10.8,6.88514948565846,6.3,4.32461423437667,82.9,10.3673685787871,1850,340,131,92,1719,346,7.1,4.79967184194776,92.9,7.62676102361796,1438,157,419700,161755,1073,137,1895,155,288100,132976,591900,371601,63.63599608309977,32.57590243881702,89.24264351181861,,
53033007406,150829,0,Census Tract 74.06,Washington,King County,2018,266,1914,267,104,105,5.2,5.15863560099685,16.8,4.43315021406634,78,9.8913987550293,1914,267,339,100,1575,288,17.7,4.60353329659326,82.3,9.72846667117623,1526,161,468100,53485,1236,250,2014,171,376300,69340,741700,497369,54.14446996534517,37.27065758131178,94.84638255698712,,
53033007501,298283,0,Census Tract 75.01,Washington,King County,3151,459,2844,545,307,276,9.7,8.64338055023169,14.8,7.53826736343512,75.5,15.1931420529981,2844,545,465,247,2379,591,16.4,8.1000821203354,83.6,13.2239984798873,1508,235,641400,47028,1078,362,1982,251,552800,42801,730000,466522,42.75015534570244,73.70733450017187,90.2570612503967,,
53033007502,315931,0,Census Tract 75.02,Washington,King County,2099,231,1757,398,342,349,16.3,16.5299920167706,11.1,8.34285814435273,72.6,13.92866618083,1757,398,234,177,1523,337,13.3,9.61164995540887,86.7,27.4488060952879,1763,95,478400,154263,1536,189,1989,200,,,676300,306868,26.88673042726874,78.06825027230448,83.70652691757981,,
53033007503,187541,0,Census Tract 75.03,Washington,King County,1798,240,1662,352,136,206,7.6,11.4126008395638,15.9,8.35701124246138,76.6,15.376966538723,1662,352,285,155,1377,332,17.1,8.58988931038087,82.9,9.54589443352365,1834,118,590200,132950,1595,105,2273,450,477400,71741,717400,153900,38.79817131973842,46.34239034573453,92.43604004449388,,
53033007901,267231,0,Census Tract 79.01,Washington,King County,2163,301,2032,308,131,126,6.1,5.76395178253528,29.1,6.79145534059452,64.9,8.75552505958136,2032,308,629,171,1403,272,31,6.98596700363154,69,8.34584714651515,1445,392,542100,95192,536,399,1989,233,393800,52770,739600,89650,32.755744811234614,66.0342181948533,93.94359685621822,,
53033007902,431244,0,Census Tract 79.02,Washington,King County,2055,233,1930,259,125,101,6.1,4.86621245115229,25.2,8.43402741214043,68.7,7.05603997303616,1930,259,518,183,1412,216,26.8,8.77115078589469,73.2,5.3723978882416,1864,211,732200,139036,1327,300,2334,122,555300,86041,1013600,187033,19.284418909090544,106.56271312542826,93.91727493917274,,
53033008003,197152,0,Census Tract 80.03,Washington,King County,3030,391,2826,383,204,203,6.7,6.6430985072177,30.3,8.00534560232194,62.9,9.338666377306,2826,383,919,270,1907,375,32.5,8.47688248803054,67.5,9.61478223332384,1732,358,555800,83878,1266,515,2341,216,424600,67830,721400,122743,62.19553927868736,48.717320167015494,93.26732673267327,,
53033008004,284626,526767,Census Tract 80.04,Washington,King County,2412,283,2154,277,258,235,10.7,9.66178193838404,33,8.26065157357441,56.3,8.77531626013023,2154,277,795,220,1359,265,36.9,9.04374554096291,63.1,9.2481073546511,2229,164,633700,37124,1730,234,2847,400,540300,32181,727100,83978,34.29418848182743,70.33261630547473,89.30348258706468,,
53033008101,270324,277671,Census Tract 81.01,Washington,King County,2160,197,1833,178,327,172,15.1,7.84234555946658,13.3,3.9368357709996,71.5,6.2404677279922,1833,178,288,89,1545,195,15.7,4.6094713031256,84.3,6.79541414283806,1749,240,972200,291774,686,635,2404,141,640100,106149,1622500,329331,32.33604812145364,66.79851513973126,84.86111111111111,,
53033008102,556705,91220,Census Tract 81.02,Washington,King County,1764,343,1460,349,304,179,17.2,9.57812978786118,17,8.26748895687626,65.8,14.5638591935217,1460,349,299,157,1161,342,20.5,9.57449217947198,79.5,13.6888533508511,2241,109,1010800,412918,1544,1269,2629,272,659700,128422,2000001,,12.823047626864257,137.56480138968087,82.76643990929705,,
53033008401,250921,0,Census Tract 84.01,Washington,King County,2279,244,2153,274,126,129,5.5,5.62934174707395,15.8,5.81431281018269,78.7,8.88369415383842,2153,274,360,138,1793,279,16.7,6.04611506569536,83.3,7.4565112982753,1800,217,1066000,204034,1326,181,2268,143,,,1365400,943610,36.75573501878849,62.00392942312376,94.47125932426503,,
53033008402,145446,0,Census Tract 84.02,Washington,King County,2375,420,2099,428,276,163,11.6,6.54824675568668,5.3,3.62609090937646,83,11.5710251690533,2099,428,127,89,1972,444,6.1,4.05665656287688,93.9,8.96987540725695,1732,94,414700,235918,1390,222,2056,223,352000,125442,588000,234571,66.08145980776246,35.94048931287401,88.37894736842105,,
53033009801,1004708,0,Census Tract 98.01,Washington,King County,1784,227,1461,255,323,205,18.1,11.2577287641933,51.5,8.25154754739778,30.4,9.62246493053566,1461,255,919,188,542,185,62.9,6.71182188892015,37.1,10.8818629104267,1559,225,763400,84727,1293,149,1904,220,586000,75738,930400,55917,7.185761293392174,248.26875360311743,81.89461883408072,,
53033009802,922319,0,Census Tract 98.02,Washington,King County,1817,306,1764,310,53,74,2.9,4.0429130125292,57.2,12.981918987874,39.8,15.6261333567597,1764,310,1040,158,724,309,59,13.6957945141408,41,15.9631210337037,1420,74,713300,70334,1291,59,1854,536,540000,49896,923100,76910,7.97244567172601,227.90998832941875,97.08310401761145,,
53033010101,871622,0,Census Tract 101.01,Washington,King County,1646,244,1614,250,32,54,1.9,3.26799788612177,43.7,1.65268591142597,54.4,13.6551613800958,1614,250,719,110,895,261,44.5,9.69855672811137,55.5,13.7013099509977,1047,129,622000,53045,459,425,1249,423,491200,50179,762600,91162,7.642218382819932,215.38248680517765,98.05589307411907,,
53033010102,1623225,2170065,Census Tract 101.02,Washington,King County,1795,201,1734,220,61,95,3.4,5.27878079129879,71.4,9.79627966474068,25.2,8.57327683416901,1734,220,1282,227,452,162,73.9,9.131761530088,26.1,8.73760501749206,1877,637,851100,116602,1390,113,2952,1284,628500,61289,1117200,151380,4.475108058468705,401.107632832047,96.6016713091922,,
53033010301,1002658,0,Census Tract 103.01,Washington,King County,1523,234,1484,242,39,60,2.6,3.91989741228952,63.7,5.50511356831717,33.7,14.2535267415745,1484,242,970,171,514,231,65.4,4.3774095276509,34.6,14.5051465681432,1846,716,606700,36757,1246,271,2300,291,457200,85133,737300,49272,6.147023542738485,247.76218757110973,97.4392646093237,,
53033010302,632167,0,Census Tract 103.02,Washington,King County,1763,172,1586,197,177,98,10,5.47173034443048,31.3,7.39368188979422,58.7,9.26280049703695,1586,197,551,141,1035,192,34.7,7.77273458471985,65.3,8.99156062671596,1772,163,662600,102128,1399,166,2264,262,487800,98343,856900,96397,11.285954301143633,156.21186768595643,89.96029495178672,,
53033010501,742016,0,Census Tract 105.01,Washington,King County,2325,163,2102,201,223,183,9.6,7.84219179751584,31.7,8.17730772954613,58.8,10.6736626698076,2102,201,736,197,1366,266,35,8.75354740062819,65,11.0237780600193,1823,103,644600,49577,1573,106,2209,294,538600,44678,751500,97210,12.680240294117407,183.35614673474362,90.40860215053763,,
53033010502,975912,0,Census Tract 105.02,Washington,King County,3130,445,3054,450,76,122,2.4,3.88244640809149,37.9,6.73723348092059,59.7,11.5269590799774,3054,450,1186,270,1868,448,38.8,6.73928027517548,61.2,11.5741323898522,1846,191,734600,108255,1515,145,2458,677,516500,84562,875500,48910,12.979306128126064,241.15310703838878,97.57188498402556,,
53033010601,1089233,0,Census Tract 106.01,Washington,King County,2040,221,1975,252,65,99,3.2,4.84064964755455,66.6,8.85692026032269,30.2,7.23370505645394,1975,252,1358,233,617,162,68.8,7.88722745829827,31.2,7.16884158068862,1617,193,708300,52651,1254,215,1993,257,551200,47597,890800,46185,7.579266421138403,269.15533597162994,96.81372549019608,,
53033010602,1505061,817134,Census Tract 106.02,Washington,King County,2237,337,1943,320,294,154,13.1,6.59336362545992,50,8.85442750454981,36.9,8.96836299746331,1943,320,1118,260,825,236,57.5,9.44763056281169,42.5,9.93118645428071,1468,211,815300,86799,1259,157,2137,311,638000,62552,999700,198869,6.014917546138416,371.9086725363603,86.85739830129639,,
53033011601,1554538,184845,Census Tract 116.01,Washington,King County,1493,124,1377,152,116,81,7.8,5.38680499309865,68.9,10.2285661237951,23.3,6.55186478529902,1377,152,1029,175,348,102,74.7,9.66801295552237,25.3,6.86202228479391,1422,109,838600,55335,1240,124,1860,418,649600,43617,1044900,98038,3.8866574111685184,384.1347054952115,92.23040857334226,,
53033011602,1565825,786358,Census Tract 116.02,Washington,King County,1522,216,1478,221,44,71,2.9,4.64683773292983,72.8,9.14518586363099,24.3,8.17143686168668,1478,221,1108,210,370,135,75,8.73082055798996,25,8.33172441360429,1576,231,677200,40848,1356,81,1964,326,555100,34813,836200,65778,3.9335912218113034,386.92378393583147,97.10906701708278,,
53033011801,1160802,630417,Census Tract 118.01,Washington,King County,1353,210,1137,231,216,112,16,7.89834379421076,54.4,13.3746892601396,29.6,9.51551349128805,1137,231,736,214,401,143,64.7,13.464416836033,35.3,10.3362504735647,1145,138,477100,72268,978,75,1504,381,377300,71551,654700,84641,4.716908430125979,286.8404210178538,84.03547671840354,,
53033011802,1139611,1037832,Census Tract 118.02,Washington,King County,2035,273,1872,280,163,99,8,4.74471075232582,47.6,8.42024754780045,44.4,9.37129046249749,1872,280,968,215,904,226,51.7,8.49038403644039,48.3,9.67356301890785,1269,313,534300,87536,823,428,2053,580,416500,47504,703800,62087,7.226459572243375,281.6040108791831,91.99017199017199,,
53033011901,1682374,0,Census Tract 119.01,Washington,King County,1446,352,1337,375,109,97,7.5,6.45230545536082,80.2,16.9786141386765,12.3,5.37618993316926,1337,375,1159,374,178,89,86.7,13.8323746914798,13.3,5.51070886193464,1641,528,526200,105595,1285,258,2536,749,390400,66224,713300,117465,3.4782720053866085,415.7236690404486,92.46196403872753,,
53033011902,1580686,1217487,Census Tract 119.02,Washington,King County,1442,141,1229,198,213,141,14.8,9.67082517533728,76.7,13.365585096247,8.5,7.5825606043833,1229,198,1106,221,123,110,90,10.6374670255789,10,8.803936355619,2079,1365,549200,59515,,,2289,316,381100,72545,695300,49112,3.6917939180208403,390.59601700981506,85.22884882108183,,
