Geographic Identifier - FIPS Code,Area of Land (Square Meters),Area of Water (Square Meters),Name,State,County,Median Earnings of Total Full-Time Year-Round Civilian Employed Population 16 Years and Over with Earnings,Median Earnings of Total Full-Time Year-Round Civilian Employed Population 16 Years and Over with Earnings - Margin of Error,"Median Earnings of All Management, Business, Science, and Arts Occupations","Median Earnings of All Management, Business, Science, and Arts Occupations - Margin of Error","Median Earnings of All Management, Business, and Financial Occupations","Median Earnings of All Management, Business, and Financial Occupations - Margin of Error",Median Earnings of Management Occupations,Median Earnings of Management Occupations - Margin of Error,Median Earnings of Business and Financial Operations Occupations,Median Earnings of Business and Financial Operations Occupations - Margin of Error,"Median Earnings of All Computer, Engineering, and Science Occupations","Median Earnings of All Computer, Engineering, and Science Occupations - Margin of Error",Median Earnings of Computer and Mathematical Occupations,Median Earnings of Computer and Mathematical Occupations - Margin of Error,Median Earnings of Architecture and Engineering Occupations,Median Earnings of Architecture and Engineering Occupations - Margin of Error,"Median Earnings of Life, Physical, and Social Science Occupations","Median Earnings of Life, Physical, and Social Science Occupations - Margin of Error","Median Earnings of All Education, Legal, Community Service, Arts, and Media Occupations","Median Earnings of All Education, Legal, Community Service, Arts, and Media Occupations - Margin of Error",Median Earnings of Community and Social Service Occupations,Median Earnings of Community and Social Service Occupations - Margin of Error,Median Earnings of Legal Occupations,Median Earnings of Legal Occupations - Margin of Error,"Median Earnings of Educational Instruction, and Library Occupations","Median Earnings of Educational Instruction, and Library Occupations - Margin of Error","Median Earnings of Arts, Design, Entertainment, Sports, and Media Occupations","Median Earnings of Arts, Design, Entertainment, Sports, and Media Occupations - Margin of Error",Median Earnings of All Healthcare Practitioners and Technical Occupations,Median Earnings of All Healthcare Practitioners and Technical Occupations - Margin of Error,Median Earnings of Health Diagnosing and Treating Practitioners and Other Technical Occupations,Median Earnings of Health Diagnosing and Treating Practitioners and Other Technical Occupations - Margin of Error,Median Earnings of Health Technologists and Technicians Occupations,Median Earnings of Health Technologists and Technicians Occupations - Margin of Error,Median Earnings of All Service Occupations,Median Earnings of All Service Occupations - Margin of Error,Median Earnings of Healthcare Support Occupations,Median Earnings of Healthcare Support Occupations - Margin of Error,Median Earnings of All Protective Service Occupations,Median Earnings of All Protective Service Occupations - Margin of Error,"Median Earnings of Fire Fighting and Prevention, and Other Protective Service Workers including Supervisors","Median Earnings of Fire Fighting and Prevention, and Other Protective Service Workers including Supervisors - Margin of Error",Median Earnings of Law Enforcement Workers including Supervisors,Median Earnings of Law Enforcement Workers including Supervisors - Margin of Error,Median Earnings of Food Preparation and Serving Related Occupations,Median Earnings of Food Preparation and Serving Related Occupations - Margin of Error,Median Earnings of Building and Grounds Cleaning and Maintenance Occupations,Median Earnings of Building and Grounds Cleaning and Maintenance Occupations - Margin of Error,Median Earnings of Personal Care and Service Occupations,Median Earnings of Personal Care and Service Occupations - Margin of Error,Median Earnings of All Sales and Office Occupations,Median Earnings of All Sales and Office Occupations - Margin of Error,Median Earnings of Sales and Related Occupations,Median Earnings of Sales and Related Occupations - Margin of Error,Median Earnings of Office and Administrative Support Occupations,Median Earnings of Office and Administrative Support Occupations - Margin of Error,"Median Earnings of All Natural Resources, Construction, and Maintenance Occupations","Median Earnings of All Natural Resources, Construction, and Maintenance Occupations - Margin of Error","Median Earnings of Farming, Fishing, and Forestry Occupations","Median Earnings of Farming, Fishing, and Forestry Occupations - Margin of Error",Median Earnings of Construction and Extraction Occupations,Median Earnings of Construction and Extraction Occupations - Margin of Error,"Median Earnings of Installation, Maintenance, and Repair Occupations","Median Earnings of Installation, Maintenance, and Repair Occupations - Margin of Error","Median Earnings of All Production, Transportation, and Material Moving Occupations","Median Earnings of All Production, Transportation, and Material Moving Occupations - Margin of Error",Median Earnings of Production Occupations,Median Earnings of Production Occupations - Margin of Error,Median Earnings of Transportation Occupations,Median Earnings of Transportation Occupations - Margin of Error,Median Earnings of Material Moving Occupations,Median Earnings of Material Moving Occupations - Margin of Error,Occupation with Highest Median Earnings,Highest Median Earnings,x,y
53033000300,1211013,0,Census Tract 3,Washington,King County,77564,9426,84872,10909,94375,29692,103750,97541,80469,21881,97639,22480,136389,50760,104567,10411,83250,2812,76083,24739,,,,,76250,29927,250001,,93090,23815,125375,63384,92639,44894,37900,5212,,,,,,,,,31776,10765,,,,,53359,16936,60885,22155,46964,16677,84000,39190,,,84750,33963,59167,54130,34938,74306,34875,69257,89125,64869,,,"Computer, Engineering, and Science Occupations",97639,,
53033000402,1798938,0,Census Tract 4.02,Washington,King County,67787,14919,93620,17495,89531,42275,185521,8948,75809,24991,120333,36114,130982,43164,188173,100610,73021,26858,79894,25832,,,,,92943,52408,91786,316609,108250,88993,109125,85021,,,35348,3145,,,,,,,,,33673,14745,43750,14944,,,77527,22269,46058,47413,77879,13020,38750,95825,,,38750,95825,,,48500,7522,48425,1931,,,44673,45754,"Computer, Engineering, and Science Occupations",120333,,
53033000500,2898252,953717,Census Tract 5,Washington,King County,126957,13994,137614,14167,138333,24261,116786,49012,155833,51283,134000,39919,187344,50898,133500,39909,93750,35226,138472,23662,79583,36953,250001,,128250,25827,187917,165729,118194,40204,119306,48167,,,73333,66532,,,,,,,,,,,,,,,150714,84973,150893,146321,124875,96361,120125,74220,,,,,120125,74220,42361,49802,40972,54531,,,,,Sales and Office Occupations,150714,,
53033000700,1294438,0,Census Tract 7,Washington,King County,57948,18665,79674,16110,59773,55288,106528,41516,33750,14827,128511,31095,128165,32397,101042,34410,146277,13265,62174,9750,62120,19523,,,58984,24831,,,79091,159392,79091,159392,,,39083,10227,,,,,,,,,20662,31882,40298,11584,,,60396,24431,47875,39865,60915,19853,62702,54666,,,44421,22066,98250,1149,46284,5269,63729,27110,46284,463,,,"Computer, Engineering, and Science Occupations",128511,,
53033000800,1141931,0,Census Tract 8,Washington,King County,102228,11242,106700,13842,107100,17748,123750,60365,85156,63145,106250,24801,102418,55773,135833,51709,74271,30265,95781,51425,,,,,148438,52140,50385,29560,120234,84275,120234,84275,,,44583,113447,,,,,,,,,,,,,,,76458,87057,90000,42032,61719,188005,65156,66934,,,66406,158828,43750,63459,,,,,,,,,Healthcare Practitioners and Technical Occupations,120234,,
53033000900,1004853,1849039,Census Tract 9,Washington,King County,107895,16532,111034,6059,93917,15945,94167,13605,84375,51040,125625,30905,146250,23760,86750,34617,,,120536,21760,,,242500,190351,109000,84944,41875,360812,118125,190151,119688,244203,,,40781,40274,,,,,,,,,,,40469,32658,,,100833,54722,160000,70496,56667,12171,,,,,,,,,,,,,,,,,"Computer, Engineering, and Science Occupations",125625,,
53033001000,954203,0,Census Tract 10,Washington,King County,91780,10744,105536,7611,113281,18156,128594,13953,67143,68624,107857,22788,126071,11567,100625,39847,126406,30204,91607,11080,105208,25166,,,91250,15880,80469,24018,107083,98743,107083,98743,,,90250,64877,,,108333,34765,,,108333,34765,,,,,,,33947,8391,32829,7368,52750,25247,55938,84428,,,,,,,,,,,,,,,"Management, Business, and Financial Occupations",113281,,
53033001100,1060685,0,Census Tract 11,Washington,King County,69479,14808,94130,11446,116250,74899,150000,61642,96944,45216,101179,2857,132625,51084,101447,9618,92717,29026,51667,47004,,,,,73098,32727,88188,12830,76953,112289,76953,112289,,,34135,22158,,,,,,,,,31146,10089,,,,,55313,12338,57083,14382,42188,21978,50982,25017,,,51116,18641,,,,,,,,,,,"Management, Business, and Financial Occupations",116250,,
53033001300,1180877,0,Census Tract 13,Washington,King County,71875,9623,89922,16279,93750,24005,103855,17191,55833,4549,94670,23988,99779,31771,94511,59137,,,72456,7719,73792,35425,79110,9775,71190,455,,,131250,23645,131250,23645,,,31603,7197,26696,15870,,,,,,,35183,16364,,,,,44358,16079,43937,14590,54327,21439,,,,,,,,,33633,16481,,,,,,,Healthcare Practitioners and Technical Occupations,131250,,
53033001400,2152767,213389,Census Tract 14,Washington,King County,83889,23483,108944,22339,88125,40449,89625,76798,85735,27472,118681,43695,183733,39025,108654,16060,93382,23532,76438,49438,74407,2911,,,66786,99058,,,146038,12601,146038,12601,,,32438,31062,,,,,,,,,20667,19281,,,62849,21105,72014,58688,134205,17252,39500,28842,93988,17689,,,,,,,33263,6502,7417,29376,,,,,Healthcare Practitioners and Technical Occupations,146038,,
53033001500,1167711,526885,Census Tract 15,Washington,King County,83451,24857,115476,23954,160188,32462,137750,27653,187604,104418,116250,45713,62333,144244,153229,141467,116146,34923,72083,30971,34260,23236,,,80658,11600,84125,38292,106500,55553,117222,123374,,,43945,1802,,,,,,,,,45313,32614,,,,,75500,27816,76250,184286,51667,85280,115078,80955,,,,,,,55125,27013,79792,42030,72857,32803,,,"Management, Business, and Financial Occupations",160188,,
53033001600,2020358,320118,Census Tract 16,Washington,King County,121616,13189,126171,5707,152019,34534,153958,43987,121818,75620,157083,19047,158681,4736,79531,90328,,,106887,15211,,,250001,,187719,155629,105270,13076,129688,119080,215341,174541,98864,558,111176,92290,,,,,,,,,,,,,,,82663,11150,81548,70940,83533,13511,134097,47892,,,115500,94818,,,,,,,,,,,"Computer, Engineering, and Science Occupations",157083,,
53033001701,892768,0,Census Tract 17.01,Washington,King County,67317,6801,80732,14505,73214,27264,107885,25911,68731,13458,106115,4957,117132,4310,105428,51180,,,58125,14976,,,,,57813,14595,,,81433,6535,81616,5228,,,39558,3925,38646,1143,,,,,,,39524,16158,,,43403,80676,56944,18594,49292,55772,65081,16416,,,,,,,,,34973,13450,,,,,38831,17005,"Computer, Engineering, and Science Occupations",106115,,
53033001702,1280220,0,Census Tract 17.02,Washington,King County,70926,16460,83606,11338,89265,15613,92727,17491,84091,66478,94417,43993,72245,136206,82961,10423,112188,85933,56575,13369,56169,408,,,65605,17920,,,105107,74947,106214,15517,,,39349,7566,38958,8317,,,,,,,,,32321,24001,,,83969,31982,66406,96355,84123,26894,51429,10990,,,49635,6671,,,44651,15494,,,,,,,Healthcare Practitioners and Technical Occupations,105107,,
53033001800,946085,0,Census Tract 18,Washington,King County,79348,3646,82061,4471,89408,33613,84500,45619,100795,36943,85547,22287,123357,32465,78179,52124,59205,38052,66129,30229,,,83393,4288,40972,18036,72422,182965,81615,4566,81719,9355,,,36250,2136,,,,,,,,,33984,25717,,,,,71250,24714,80813,19636,60000,26660,46182,5119,,,,,,,47717,13294,105433,92099,,,38385,3839,"Management, Business, and Financial Occupations",89408,,
53033001900,1667272,0,Census Tract 19,Washington,King County,86628,14202,103173,7232,100741,12374,109181,11170,72361,19253,124896,24537,156625,11283,102865,12096,110978,9641,62546,13422,38190,12341,97625,83349,58409,15100,74224,23422,92969,32939,91932,31862,111250,69608,38500,10225,32500,18467,,,,,,,38125,58399,,,,,50375,11358,55875,11741,49671,13232,85875,82396,,,,,110938,186264,71136,65677,,,,,,,"Computer, Engineering, and Science Occupations",124896,,
53033002000,1103313,28680,Census Tract 20,Washington,King County,93558,19168,99722,21147,85104,36047,98984,60863,67206,29521,112946,26073,94392,22419,119688,26560,188099,115243,70313,13245,,,,,69926,12790,58750,21903,143208,30887,143792,18837,,,41534,32586,,,,,,,,,41023,8690,105078,23224,,,84531,37117,98203,17882,66328,33408,66466,27003,,,66552,70270,,,78750,69209,103826,4308,46818,10373,,,Healthcare Practitioners and Technical Occupations,143208,,
53033002100,1365468,0,Census Tract 21,Washington,King County,99550,17128,106290,6484,106102,20274,103636,61046,106263,13937,116453,24888,136136,53121,128523,62219,80139,51988,63920,18395,60139,68617,,,63355,25143,61058,34091,128798,66427,129856,110827,85833,94531,51434,1657,,,,,,,,,51250,10517,,,,,97500,68805,114359,21286,45900,4538,84133,1359,,,83851,598,,,42500,56498,,,62083,128828,,,Healthcare Practitioners and Technical Occupations,128798,,
53033002200,2804076,1154953,Census Tract 22,Washington,King County,115942,20305,125175,21882,130862,37040,156326,8280,110406,31503,129375,33239,184236,53378,135179,45845,116452,2965,95898,35857,,,171382,158483,75313,25496,104688,66941,139049,4857,139049,4857,,,36591,14613,,,,,,,,,,,,,,,74911,80467,155156,168670,73750,65810,,,,,,,,,58156,46810,,,,,,,Healthcare Practitioners and Technical Occupations,139049,,
53033002400,962528,0,Census Tract 24,Washington,King County,94547,11976,103971,18175,163438,25585,161477,32457,164375,112182,102500,40797,172500,111596,,,88909,23196,94410,3642,,,178009,30438,94199,697,85729,35794,83787,558,83934,610,,,34625,36406,,,,,,,,,,,,,,,37047,26262,78295,38913,36250,1554,,,,,,,,,113083,56641,,,114542,54733,,,"Management, Business, and Financial Occupations",163438,,
53033002500,984334,0,Census Tract 25,Washington,King County,86042,10767,95357,22354,116806,40524,137500,76942,111250,45339,119643,24754,113393,38183,93750,50284,146641,18936,83333,20720,92875,30895,250001,,56750,26786,80850,42422,72981,37082,59816,44256,,,28750,21687,,,,,,,,,,,,,,,48851,6849,40750,84444,50125,9107,,,,,,,,,,,,,,,,,"Computer, Engineering, and Science Occupations",119643,,
53033002600,1216627,28175,Census Tract 26,Washington,King County,76436,10559,87042,8597,99667,48546,138558,114993,77396,30482,106569,28308,123667,47350,157647,118447,32428,90999,74444,24343,,,110865,87654,73056,43595,46250,53671,64226,13625,73529,10285,,,42625,66474,,,,,,,,,23162,12370,,,,,50346,9410,51543,12083,41864,21494,50676,8487,,,,,,,,,,,,,,,"Computer, Engineering, and Science Occupations",106569,,
53033002700,1584847,0,Census Tract 27,Washington,King County,109917,26520,134224,16546,158182,59923,164851,26084,128640,48555,152632,41730,208929,91977,153553,62586,94167,49408,72826,15580,55625,12718,,,74130,25776,,,144306,56663,157955,70252,,,34178,21509,,,,,,,,,,,,,,,66357,10187,79519,49050,60313,37842,51181,506,,,51181,506,,,35977,9459,37188,24818,,,,,"Management, Business, and Financial Occupations",158182,,
53033002800,988287,0,Census Tract 28,Washington,King County,96578,8497,101453,21517,121833,45690,137530,61178,115598,58393,129621,26268,129621,26100,146806,89602,,,96148,30069,,,,,95077,38097,146563,57696,69565,15631,69212,19617,73313,40526,29653,68638,,,,,,,,,,,,,,,51708,42979,147578,106388,44773,12269,61563,128721,,,125509,107825,,,60952,22817,,,,,,,"Computer, Engineering, and Science Occupations",129621,,
53033002900,986209,0,Census Tract 29,Washington,King County,97500,11551,106402,8767,123365,35837,148897,40721,77500,42572,104722,23211,112411,90663,96458,14687,105341,72250,90739,9918,,,92070,74154,80026,27098,125385,96455,110446,35703,110446,35703,,,33875,17662,,,,,,,,,,,,,,,63232,6180,106458,85547,62710,10328,75732,45060,,,75732,45060,,,,,,,,,,,"Management, Business, and Financial Occupations",123365,,
53033003000,1493249,0,Census Tract 30,Washington,King County,99438,11806,110821,10754,153846,44788,161583,52510,94821,31074,136250,40631,140521,56596,96477,39757,148897,122060,75145,26756,,,33816,62542,98125,32914,60096,40904,96544,15788,96250,77244,,,89028,61840,,,,,,,,,,,,,,,55750,55100,56625,126348,51705,35730,54219,35714,,,54219,35714,,,57171,103202,,,,,,,"Management, Business, and Financial Occupations",153846,,
53033003100,2236733,472744,Census Tract 31,Washington,King County,105122,17149,115417,20960,152813,42511,178456,64048,114420,32908,123333,45705,131103,40588,85167,8236,,,82152,33118,51974,75499,138156,44045,80838,12028,79779,64558,208967,167380,250001,,,,51696,31580,,,141250,171593,,,,,,,,,,,102153,51772,167969,65423,78056,28713,56000,6427,,,55893,12794,,,70992,13838,,,70813,24508,,,Healthcare Practitioners and Technical Occupations,208967,,
53033003400,787161,0,Census Tract 34,Washington,King County,110351,13055,114141,22746,106957,30926,129524,32660,86667,35034,157125,25449,133036,45201,157000,19367,161296,40638,95417,26024,,,101648,60404,46250,45431,113438,56405,102361,193064,102361,193064,,,38646,17888,,,,,,,,,,,,,,,133105,59330,143875,188619,63750,40655,,,,,,,,,60433,25145,,,37083,109512,,,"Computer, Engineering, and Science Occupations",157125,,
53033003500,1284745,0,Census Tract 35,Washington,King County,89971,9659,109103,9871,134444,15079,135575,14340,126964,27861,111944,28995,172703,75367,79432,56669,96083,40006,69023,2684,30313,31523,161250,149081,67650,14851,71118,12645,108558,12846,108702,10756,,,47845,15857,,,,,,,,,,,,,48578,3642,44861,11448,39286,20221,45972,18428,,,,,,,,,31979,32507,42875,63027,,,,,"Management, Business, and Financial Occupations",134444,,
53033003800,624606,0,Census Tract 38,Washington,King County,118529,37782,136932,48189,99306,19248,108750,76153,56875,64178,174306,20198,187857,20166,175938,35796,112292,22960,92083,54109,,,250001,,70469,27414,152679,173574,70833,57945,70833,57945,,,,,,,,,,,,,,,,,,,43281,9772,56250,16591,42500,4693,,,,,,,,,,,,,,,,,"Computer, Engineering, and Science Occupations",174306,,
53033003900,973808,0,Census Tract 39,Washington,King County,117837,24866,134038,37028,163603,16106,163419,10335,171042,180586,129375,22223,129167,44395,130417,83056,112250,35594,106667,21433,,,170250,151552,115511,49128,88750,54058,167750,255498,167750,255498,,,56875,44050,,,,,,,,,40179,8170,,,,,109464,87868,158090,94387,49706,78713,,,,,,,,,43578,12527,,,,,,,Healthcare Practitioners and Technical Occupations,167750,,
53033004000,2574586,3232248,Census Tract 40,Washington,King County,148209,41094,162031,79020,216725,65427,236364,99977,216425,37307,87083,39914,134531,82898,,,64886,84255,74861,37640,98047,31097,250001,,49643,50650,,,250001,,250001,,,,,,,,,,,,,,,,,,,,106618,92130,107132,117496,,,,,,,,,,,95466,14569,,,,,,,Healthcare Practitioners and Technical Occupations,250001,,
53033004301,979236,0,Census Tract 43.01,Washington,King County,104650,17314,113580,16593,151125,46467,158250,46820,109167,102363,110833,23545,101932,134324,116705,45990,94444,23383,103850,40054,89063,37978,141587,60940,104028,94901,49750,27113,68839,68740,68839,68740,,,46250,51756,,,,,,,,,,,,,,,91389,73899,145625,142571,61563,30393,,,,,,,,,,,,,,,,,"Management, Business, and Financial Occupations",151125,,
53033004302,331137,0,Census Tract 43.02,Washington,King County,40243,7940,53261,14346,54896,16357,44457,52031,,,79625,20752,86326,10774,59500,47899,36750,26311,21855,45472,,,,,20726,10156,,,49143,9246,58646,24317,,,43889,11685,,,,,,,,,39766,16967,,,,,22212,7238,21474,611,40350,32068,39107,15488,,,39107,15488,,,22069,10856,,,,,,,"Computer, Engineering, and Science Occupations",79625,,
53033004500,670997,0,Census Tract 45,Washington,King County,77260,23145,111949,20187,127500,33589,119844,55789,137550,70480,154531,65192,192823,38797,66667,49592,66250,6891,90000,29695,,,154886,49452,43906,30382,111944,31372,81042,7373,81563,13292,,,58125,52398,52857,37281,,,,,,,,,,,,,41875,42116,37500,32128,77969,72877,55520,534,,,,,55421,132,34464,102881,31927,3083,,,,,"Computer, Engineering, and Science Occupations",154531,,
53033004600,1552358,1033232,Census Tract 46,Washington,King County,90313,28385,104313,26140,130469,26023,144297,26935,100500,39983,139342,16775,148021,31975,78523,28773,,,68305,4886,53345,15755,178281,57318,68082,2412,97361,212847,79659,72898,105750,54089,,,39125,92564,,,,,,,,,,,,,,,61023,35526,113229,92865,40000,15941,77727,35207,,,,,78636,67215,40658,1544,,,,,,,"Computer, Engineering, and Science Occupations",139342,,
53033004800,1278329,26886,Census Tract 48,Washington,King County,98462,35948,114911,35041,138590,74367,139000,106668,132308,102173,128750,25255,109438,53184,167697,34714,120179,49944,61152,16673,,,123819,167891,43750,9700,95982,120242,105074,15727,105074,15727,,,43219,5735,,,,,,,,,44063,18712,,,,,72143,98556,250001,,56250,21685,48654,14482,,,48654,14482,,,29219,145254,,,125625,171668,,,"Management, Business, and Financial Occupations",138590,,
53033005000,757380,0,Census Tract 50,Washington,King County,83311,11212,89607,17977,90313,19090,98611,108910,84073,13864,131583,17368,156150,35562,110972,21074,68750,174056,62759,15920,,,,,56583,29216,46500,97180,77353,9967,77353,11616,,,32308,97341,,,,,,,,,,,,,,,65037,56286,130400,96213,42124,11967,,,,,,,,,40938,12516,,,40938,12516,,,"Computer, Engineering, and Science Occupations",131583,,
53033005100,881731,0,Census Tract 51,Washington,King County,104632,17446,109022,11539,115694,36733,110000,35260,131797,36644,119028,25484,145278,34176,101250,26087,69167,59391,84625,4856,69375,16466,,,107750,86817,80833,57104,78533,24155,79130,41155,,,44286,29715,73864,121896,,,,,,,,,,,,,57222,64136,116719,79778,55417,40635,,,,,,,,,32857,16822,,,,,,,"Computer, Engineering, and Science Occupations",119028,,
53033005600,3022785,1546484,Census Tract 56,Washington,King County,129583,38597,147548,26825,188403,114568,250001,,109926,53797,148235,35417,94753,96387,152188,20659,152188,250685,101667,62067,,,178929,68529,64485,67287,111094,48833,97500,114363,97500,114363,,,,,,,,,,,,,,,,,,,84145,102408,138750,135409,69844,17322,58750,1868,,,,,,,,,,,,,,,"Management, Business, and Financial Occupations",188403,,
53033005700,5085640,2365806,Census Tract 57,Washington,King County,117426,40322,139405,33423,123672,30320,137897,22101,92039,23597,188343,21883,169400,64795,134265,64430,188655,8732,80857,28522,,,168462,234141,56786,13144,67604,46862,72014,46936,145430,70182,44244,30983,30455,21202,,,,,,,,,,,,,,,47193,27202,130313,171625,38973,14954,53875,15792,,,53875,15792,,,32165,33877,52625,50753,,,,,"Computer, Engineering, and Science Occupations",188343,,
53033005801,1822365,260223,Census Tract 58.01,Washington,King County,96044,9222,100999,6310,94605,28872,100634,32582,81136,26665,132074,24037,140854,20937,98333,47727,96827,11679,73488,18770,64097,33403,247891,314023,73430,35010,71771,54357,109625,16530,109500,11058,,,54554,33541,,,,,,,,,80325,32257,,,35139,18943,71531,11988,57165,40936,75255,9891,,,,,,,,,,,,,,,,,"Computer, Engineering, and Science Occupations",132074,,
53033006000,1340653,160754,Census Tract 60,Washington,King County,85492,16808,112917,22184,126292,29755,177738,43740,96484,52833,131875,54671,159531,22098,130174,121377,64323,78834,83456,51872,,,143431,50730,36653,33801,71667,86377,62372,90038,62372,90038,,,56071,33898,,,,,,,,,67169,34144,,,38156,11611,58409,7670,85129,61894,57614,10961,59412,12186,,,,,,,50927,204867,,,,,,,"Computer, Engineering, and Science Occupations",131875,,
53033006100,1227451,652743,Census Tract 61,Washington,King County,102275,23643,114174,17940,140743,19154,142083,15639,121455,36082,136481,14695,140677,15230,,,88239,110729,90043,30766,,,112946,7931,56708,9913,222796,334685,64737,8669,64737,8669,,,77798,152911,,,,,,,,,,,,,,,66250,18687,73750,76285,45221,13574,44318,45785,,,,,,,58833,21568,73650,33789,,,,,"Management, Business, and Financial Occupations",140743,,
53033006200,2437426,239356,Census Tract 62,Washington,King County,112161,28652,128750,25816,110039,24345,137841,19565,81929,13100,131806,86623,192222,112225,118750,103785,99531,155364,98594,29898,83194,16303,168750,23746,80000,9824,57361,19584,243833,22362,250001,,,,,,,,,,,,,,,,,,,,61528,38976,75888,87271,53824,7750,,,,,,,,,,,,,,,,,Healthcare Practitioners and Technical Occupations,243833,,
53033006300,2610569,3533560,Census Tract 63,Washington,King County,106276,29502,126029,31053,131696,78538,175000,112381,82208,81116,127375,53748,245282,132301,,,123333,48197,130982,73808,,,164063,94503,,,69141,12076,106678,134135,106678,134135,,,52188,9002,,,,,,,,,,,,,,,74342,66035,142557,145777,11984,65771,,,,,,,,,,,,,,,,,"Management, Business, and Financial Occupations",131696,,
53033006400,903649,0,Census Tract 64,Washington,King County,123472,32573,131591,36268,107335,37015,123750,105954,76667,45914,162344,66696,187679,22362,93542,48398,110781,11474,125781,142205,,,250001,,125625,94162,31667,80008,250001,,250001,,,,50288,13133,,,,,,,,,,,,,,,170694,182990,250001,,54091,13648,,,,,,,,,35048,10024,,,,,35096,12330,Healthcare Practitioners and Technical Occupations,250001,,
53033006500,1147619,0,Census Tract 65,Washington,King County,105183,24034,117391,29879,148796,25096,167786,31214,66250,32800,130551,17468,132485,33373,106458,42536,73083,70777,77875,15885,51563,3188,120156,89790,65583,21889,82750,6188,101058,14153,101314,9790,,,,,,,,,,,,,,,,,,,74125,50940,74250,87622,59917,65471,49402,13385,,,50673,23238,,,37500,25905,,,,,,,"Management, Business, and Financial Occupations",148796,,
53033006600,1117109,831139,Census Tract 66,Washington,King County,88026,16108,81325,12959,87426,24635,105313,62441,77868,16934,105859,57577,158000,42595,85417,45260,66118,14531,72008,13797,,,,,55781,29743,70809,10316,65708,2369,65708,2369,,,73365,46490,,,,,,,,,,,,,,,139710,16205,159107,26230,106227,65965,,,,,,,,,42292,16069,,,,,41319,22312,Sales and Office Occupations,139710,,
53033006800,718106,0,Census Tract 68,Washington,King County,93397,7012,101442,13507,135104,61690,107344,45882,146250,55383,103049,14148,117083,83549,86486,43085,216719,174250,91923,3773,90597,31662,96500,95317,72083,59572,132500,149854,93438,77629,93750,132569,,,39583,41438,,,,,,,,,,,,,,,86591,19683,94063,124234,85455,53173,,,,,,,,,,,,,,,,,"Management, Business, and Financial Occupations",135104,,
53033006900,905121,0,Census Tract 69,Washington,King County,101174,17389,116996,17081,140705,40401,158355,23402,115672,28793,131250,69986,135417,60518,250001,,56814,46540,81319,26799,21875,43191,81319,116079,85588,61506,98015,16235,,,,,,,52860,3663,,,,,,,,,,,,,49797,6910,100663,53809,150652,51855,63000,20494,,,,,,,,,42768,6020,43482,4091,,,,,"Management, Business, and Financial Occupations",140705,,
53033007600,571882,0,Census Tract 76,Washington,King County,79013,14997,84810,20364,115895,18343,108646,61743,116080,15973,98558,21482,104167,43354,103661,24036,,,70466,5761,65489,12093,171250,325732,66250,19603,71337,29485,66466,21442,66034,25288,,,44333,7956,,,,,,,,,42143,4284,,,,,60188,14129,57109,66232,60344,18034,,,,,,,,,188111,148061,,,,,,,"Production, Transportation, and Material Moving Occupations",188111,,
53033007700,1058322,0,Census Tract 77,Washington,King County,96641,19473,113101,20129,115750,59480,159028,33580,90658,9053,143854,20160,163300,18714,73250,34000,96944,91463,62426,9028,53403,23448,,,58750,13730,80347,46579,78750,97633,79018,113836,,,38596,1050,,,,,,,,,,,,,,,50688,27212,99417,93609,42262,23461,82734,80757,,,83965,13325,,,,,,,,,,,"Computer, Engineering, and Science Occupations",143854,,
53033007800,2097740,3632914,Census Tract 78,Washington,King County,125112,46330,141333,56539,141500,57032,175313,35594,76990,38316,96313,120753,170313,114997,,,96125,83844,163828,62833,,,186569,52760,148750,66862,,,92106,82373,163250,148197,,,46964,52568,,,,,,,,,,,,,,,157616,69399,157733,77859,,,27426,67836,,,,,,,,,,,,,,,"Education, Legal, Community Service, Arts, and Media Occupations",163828,,
53033008002,234314,0,Census Tract 80.02,Washington,King County,87825,27437,91307,41015,108077,33206,91071,48760,109615,28236,118615,70106,142625,20735,74355,40927,,,63906,16148,,,,,,,65757,7175,37344,116382,36953,98887,,,19196,60015,,,,,,,,,,,,,,,66900,55227,94273,34835,31989,25277,,,,,,,,,,,,,,,,,"Computer, Engineering, and Science Occupations",118615,,
53033008200,375785,0,Census Tract 82,Washington,King County,95867,25546,125089,24394,125351,27890,146597,75564,95816,4093,127031,30471,140117,29779,,,,,42337,42128,,,,,70781,148483,,,238984,160674,250001,,,,33438,13650,,,,,,,,,,,,,,,65036,29047,78984,159676,56250,23354,,,,,,,,,66761,35414,,,,,,,Healthcare Practitioners and Technical Occupations,238984,,
53033008300,237955,0,Census Tract 83,Washington,King County,103835,19730,115000,15973,108292,26601,123608,8212,62344,24786,144147,10304,149145,5468,142983,75515,107798,48031,61053,66296,,,,,79625,123350,62105,117217,73409,22455,78125,141151,,,39375,34033,,,,,,,,,,,,,,,57368,21942,69712,31315,46364,16190,,,,,,,,,61250,32121,,,,,,,"Computer, Engineering, and Science Occupations",144147,,
53033008500,450978,0,Census Tract 85,Washington,King County,62394,12462,79896,6149,79034,22462,80417,27274,70764,39675,99265,22460,110234,16756,73000,48204,,,77614,25324,,,,,58409,36305,,,79103,7144,79103,7144,,,38724,1390,,,,,,,,,34973,13341,,,,,49792,10305,54861,16615,48906,10789,,,,,,,,,35987,2236,,,,,,,"Computer, Engineering, and Science Occupations",99265,,
53033008600,711350,0,Census Tract 86,Washington,King County,61394,7546,91667,18524,92813,83910,89327,141700,127756,86838,125265,37158,126824,69023,93056,64325,100233,85503,71444,15857,70250,25078,,,52500,32322,130455,96608,49756,15889,49756,15889,,,50702,16936,,,,,,,,,54868,47212,,,50702,16109,42939,12269,41417,23768,44257,21005,89044,38544,,,,,,,,,,,,,,,"Computer, Engineering, and Science Occupations",125265,,
53033008700,732385,0,Census Tract 87,Washington,King County,77883,4919,92813,13731,94663,17361,103139,20223,92788,35904,138403,56613,180313,49941,132708,73603,56971,53924,78045,9732,62500,6789,250001,,78250,9881,72500,31084,111406,55359,110156,63233,,,45049,27688,,,,,,,,,45518,21811,,,,,54643,31912,61500,43114,34412,33136,44432,34943,,,,,,,31713,45098,31250,68361,31818,74386,,,"Computer, Engineering, and Science Occupations",138403,,
53033008800,948581,0,Census Tract 88,Washington,King County,85497,8204,101813,11944,117621,24745,140375,58496,98333,21610,128015,45805,147375,29499,105391,16524,75625,53588,83973,12723,85417,45443,163750,132761,100469,55373,75865,12914,89000,28388,84432,92432,,,41958,13497,,,,,,,,,40333,17818,,,,,61688,38104,61875,36511,59583,49866,27434,187646,,,,,,,,,,,,,,,"Computer, Engineering, and Science Occupations",128015,,
53033008900,1270033,1798066,Census Tract 89,Washington,King County,82596,24242,108989,16875,119965,31192,135491,34864,89821,26725,107946,30645,167177,25884,86016,13161,,,99271,50484,,,111442,54353,49327,23194,106458,208215,99081,53280,131161,51982,62000,30502,41938,15120,,,,,,,,,43500,48274,,,,,38189,15541,55313,24549,29486,14748,,,,,,,,,,,,,,,,,"Management, Business, and Financial Occupations",119965,,
53033009000,855872,0,Census Tract 90,Washington,King County,83092,23289,97404,14719,98125,20628,125278,57830,84866,28879,126875,53731,140750,100263,,,,,92635,4967,91667,12387,98438,23046,91964,57083,,,73854,28961,73854,28961,,,30815,15640,,,,,,,,,41389,29662,,,,,55556,15160,52422,42550,55694,18251,59286,52697,,,,,,,39583,30000,,,,,,,"Computer, Engineering, and Science Occupations",126875,,
53033009100,410621,0,Census Tract 91,Washington,King County,58938,12418,78080,10184,65603,13754,58448,22190,67155,14847,111115,18222,126563,20684,78304,8399,,,83452,41803,,,,,,,84750,69155,,,,,,,21944,15907,,,,,,,,,21250,15449,,,,,82794,39086,33750,78035,83015,30066,55885,2500,,,,,,,23851,12683,24561,17546,,,,,"Computer, Engineering, and Science Occupations",111115,,
53033009200,338451,154864,Census Tract 92,Washington,King County,54698,22481,57955,35646,105568,32210,110724,47890,53922,22619,60833,117686,44898,163061,,,,,44875,75331,,,,,41213,5783,,,36228,3367,,,,,41318,41021,,,,,,,,,32147,8460,,,,,62560,48699,,,41295,25814,,,,,,,,,51750,42311,,,67864,32360,,,"Management, Business, and Financial Occupations",105568,,
53033009300,9444110,639051,Census Tract 93,Washington,King County,83879,11340,94096,22766,88393,36910,77394,37880,109044,3569,117143,50858,135313,44967,141071,104332,,,88646,31387,,,119773,322257,,,87344,65218,93500,32914,94542,49089,61250,1392,52841,28308,,,,,,,,,53841,683,,,,,51875,17726,39559,14089,59554,33092,100278,46323,,,,,,,,,,,,,,,"Computer, Engineering, and Science Occupations",117143,,
53033009400,1686311,0,Census Tract 94,Washington,King County,73889,16007,96913,6717,96139,4271,97829,22398,94554,9801,138824,55522,114383,43680,146071,19854,91375,63071,73949,20631,,,113542,78871,74868,17599,73000,44259,93393,41428,94196,85614,77219,82831,31815,2385,,,,,,,,,31418,2982,,,88182,86932,37337,7865,29444,25831,39091,5618,34871,117880,,,127949,63717,,,46020,2272,28750,23452,46310,932,,,"Computer, Engineering, and Science Occupations",138824,,
53033009500,2597717,2916270,Census Tract 95,Washington,King County,91397,24684,113839,24486,125800,14133,132188,24519,119375,40676,132640,37176,133958,22461,105469,83326,,,63750,22547,71382,43633,,,50867,14956,164063,116110,192125,160624,192125,160624,,,48125,16449,,,,,,,,,33125,12933,,,,,55750,10299,67232,178833,55056,16138,,,,,,,,,50813,16352,49135,62343,130491,125059,50063,61505,Healthcare Practitioners and Technical Occupations,192125,,
53033009600,1906922,1385222,Census Tract 96,Washington,King County,113234,9315,114172,22319,114523,17208,137153,39622,113427,24570,131842,37429,172411,111421,110568,45184,131184,87326,74640,54507,,,157159,65900,73744,411,113220,27699,143891,76951,143908,96103,,,40750,38318,,,,,,,,,,,,,,,66167,101779,133750,68340,57045,41754,83264,31316,,,83264,31316,,,43403,55266,,,,,,,Healthcare Practitioners and Technical Occupations,143891,,
53033009701,1861358,1607123,Census Tract 97.01,Washington,King County,92500,11316,111184,19391,111930,13133,111336,21875,122569,48629,133594,125193,99375,118062,,,250001,,90978,14617,,,106786,281870,77194,13398,92310,108578,132880,38319,132880,38319,,,53646,12510,41402,11824,,,,,,,53906,4923,,,,,63363,28587,212917,30739,44852,9644,89750,28021,,,64342,56709,,,73714,26281,,,74286,43896,,,"Computer, Engineering, and Science Occupations",133594,,
53033009702,2220441,0,Census Tract 97.02,Washington,King County,111087,7172,121250,9915,129219,12233,138333,28437,115074,44459,121319,31331,137917,20099,113750,36864,,,107833,90476,,,250001,,58681,124295,63906,75452,65688,19102,61838,46427,,,57337,41559,,,,,,,,,,,,,,,88092,29655,89276,37267,63500,69931,120000,86885,,,129231,104487,,,89135,79319,37500,42824,87596,74116,,,"Management, Business, and Financial Occupations",129219,,
53033009900,6565170,2370735,Census Tract 99,Washington,King County,74512,6653,80300,11325,75916,10319,68836,16833,88158,22254,104145,41880,117500,17827,86786,79972,,,74432,38027,,,124861,74264,44583,2670,102684,59572,85927,13668,85565,21908,,,41875,97051,,,,,,,,,,,,,,,54464,30103,78750,31310,30625,17075,62500,49235,,,60481,10877,,,68906,68545,69188,86664,,,,,"Computer, Engineering, and Science Occupations",104145,,
53033010001,2327512,0,Census Tract 100.01,Washington,King County,63681,18042,88598,9890,94444,23431,93472,35134,103375,39509,89261,47126,77321,95413,89318,66825,,,62917,27000,52460,29034,,,64107,47008,64659,98235,86591,172858,86591,172858,,,34063,5680,34438,11810,,,,,,,22125,20523,,,,,57386,20172,85550,39351,55625,19198,,,,,,,,,40673,17242,40529,20982,,,,,"Management, Business, and Financial Occupations",94444,,
53033010002,948077,0,Census Tract 100.02,Washington,King County,66277,12658,86009,12602,95000,43768,86310,47866,120833,26327,85433,19271,121500,60135,63750,25883,57375,32833,69500,37408,68625,20930,89441,49366,73929,18306,46648,12530,132361,92246,132361,92246,,,31607,8842,47991,32361,,,,,,,30705,14144,55938,9264,26213,1844,53864,30757,66042,44247,52727,33862,34556,18966,,,34556,39809,,,52204,4190,57500,15861,,,,,Healthcare Practitioners and Technical Occupations,132361,,
53033010200,2795533,2076618,Census Tract 102,Washington,King County,90060,8593,103711,12594,138818,16477,146389,35792,135268,53554,95787,18693,148750,172409,90694,30872,70114,13622,86544,12227,,,87188,23385,59875,48658,142727,96225,94141,51173,93828,124500,95625,181735,47841,14677,,,134306,32365,138625,54409,,,35216,1175,,,,,83594,28875,94844,50280,55893,31916,45587,1887,,,,,,,31667,15645,29231,16448,,,17436,36779,"Management, Business, and Financial Occupations",138818,,
53033010401,1629874,0,Census Tract 104.01,Washington,King County,54154,18099,80104,11062,81047,13121,80648,20818,82125,43601,158219,46800,158813,57826,82125,112808,,,43375,8717,,,,,36653,9368,137981,83748,90417,17788,90682,12206,,,37561,10930,,,,,,,,,38527,4257,17250,27842,52829,15592,39012,981,38925,1384,39375,24811,,,,,,,,,38869,49562,38155,41200,37333,47491,,,"Computer, Engineering, and Science Occupations",158219,,
53033010402,1742875,0,Census Tract 104.02,Washington,King County,55400,7733,82411,24655,89000,113995,161071,121406,75000,47006,111806,62596,93611,23553,150962,33774,,,52125,16759,,,,,56429,18684,52946,25927,95742,33897,95294,49459,,,26250,29636,,,,,,,,,36196,10984,4083,20135,42550,34202,58958,11931,43375,33436,60556,10430,48750,5435,,,51667,25508,47695,7441,44605,10934,60069,25983,44659,12921,34769,2832,"Computer, Engineering, and Science Occupations",111806,,
53033010701,1457384,3664,Census Tract 107.01,Washington,King County,74069,5890,86797,7849,92188,51690,130800,16827,70875,24528,98625,22290,122143,43844,86912,21020,,,65679,29480,,,,,67361,20294,49306,48497,85893,33648,110185,55523,,,44706,9708,33654,4436,51106,940,50737,1873,,,44706,7715,,,,,63000,9925,63125,4788,57411,23437,107679,45028,,,95833,55146,,,43818,4454,44352,33227,37438,27212,,,"Natural Resources, Construction, and Maintenance Occupations",107679,,
53033010702,780116,0,Census Tract 107.02,Washington,King County,102188,23767,123750,11991,116250,15786,106657,33924,119398,12417,128918,1832,128903,9337,,,,,97656,71540,49250,13170,122656,30466,82813,137463,,,135817,40333,136082,6929,,,28125,8319,19808,24017,,,,,,,,,25833,65623,,,83611,35916,110909,59194,47232,83306,40750,10505,,,,,,,37531,2065,43347,2275,36272,28051,,,Healthcare Practitioners and Technical Occupations,135817,,
53033010800,4140525,322633,Census Tract 108,Washington,King County,83076,4761,94583,15172,107321,27793,83000,30521,142009,33648,112031,17434,143056,28813,111875,9172,94583,16540,71806,27770,47188,16742,149231,98992,56563,18964,87000,170906,83760,779,83648,715,,,52899,13657,,,112727,12220,,,,,53492,2791,40507,1640,,,72625,41537,85278,21466,47625,50792,72366,20266,,,72143,14692,85625,87145,47692,24824,77708,110060,60329,22802,,,Protective Service Occupations,112727,,
53033010900,5389781,414929,Census Tract 109,Washington,King County,67386,18078,78625,14056,77031,21905,88750,70053,76563,16516,105341,31017,152000,53915,87431,2314,,,54226,7247,25208,31585,,,40833,42502,86250,43156,,,,,,,53125,15334,,,,,,,,,55441,4235,,,,,49167,33265,,,49167,36932,34236,65041,,,34653,189577,,,,,,,,,,,"Computer, Engineering, and Science Occupations",105341,,
53033011001,1080391,0,Census Tract 110.01,Washington,King County,44640,10089,96500,28557,75893,16326,76684,28797,59922,22424,137344,16499,136719,16710,147955,168468,,,101023,89610,,,,,61250,49894,,,83164,15966,83125,13702,107656,111993,27188,28131,,,,,,,,,18304,18666,22188,7459,,,41690,1571,40000,50952,41690,1141,45964,24322,,,45929,23365,,,35521,9492,41081,3441,,,,,"Computer, Engineering, and Science Occupations",137344,,
53033011002,1719569,0,Census Tract 110.02,Washington,King County,41021,4964,73403,13180,74167,47367,91607,71356,58750,43779,124000,133202,111250,70644,190329,202811,,,54625,19226,,,,,70250,38355,60781,20601,59048,23305,,,,,36250,9356,,,,,,,,,40519,14634,34375,5758,,,49097,14863,32196,57813,49722,17140,21694,17074,,,32500,17979,7396,29296,34970,9342,42596,15289,63167,33093,33621,5653,"Computer, Engineering, and Science Occupations",124000,,
53033011101,1136851,0,Census Tract 111.01,Washington,King County,48578,7213,80561,24667,58750,15671,54766,17043,99479,134395,81250,12910,81300,38961,64455,20183,93261,22549,53646,62666,39161,27949,,,84926,18379,95577,38700,91968,43371,117733,55072,70625,71953,37019,9996,30550,19421,,,,,,,41318,11309,,,29808,29755,42332,3048,44402,3604,41265,13671,53839,13143,,,,,63942,40413,45682,8422,46518,14932,,,30938,27097,Healthcare Practitioners and Technical Occupations,91968,,
53033011102,1303226,1143440,Census Tract 111.02,Washington,King County,67590,11609,89226,15249,130833,27328,128214,34330,148088,52494,107813,20429,108021,23560,102083,121064,,,68468,13845,77143,34196,96957,5457,60877,2413,103839,14075,83779,4866,84128,6988,,,39953,3793,,,41017,11393,41017,11393,,,32500,39299,36346,7157,,,53500,10422,,,53571,9714,68297,18834,,,68415,24753,,,36607,12230,45000,30883,,,40583,12664,"Management, Business, and Financial Occupations",130833,,
53033011200,2483779,139646,Census Tract 112,Washington,King County,49889,5378,66953,21441,81500,39638,125333,63927,44914,56716,66563,35802,65781,33004,,,,,62692,26318,,,,,48594,24201,,,78906,34945,100972,127942,,,36866,10748,,,,,,,,,37031,22714,37333,22526,,,62699,15273,73750,11030,54875,13811,23362,25286,53229,19581,12813,16156,50000,4519,38074,6063,34643,8867,,,37917,16119,"Management, Business, and Financial Occupations",81500,,
53033011300,3419308,42220,Census Tract 113,Washington,King County,77708,9242,92266,15062,82279,25275,105096,43045,77903,20842,104548,28997,111250,47100,93214,15161,,,74193,8029,71923,5020,119554,55440,73558,36216,40917,85568,90000,15379,92880,19120,,,39331,59953,,,,,,,,,37587,23860,,,,,80938,26043,85417,52498,80547,45108,56641,28601,,,79911,90723,32460,51933,56071,86765,44808,24940,,,165714,178386,"Computer, Engineering, and Science Occupations",104548,,
53033011401,1233155,0,Census Tract 114.01,Washington,King County,58350,11319,70262,5809,71723,12411,79929,17030,60938,2825,85208,16659,69681,27942,108125,34903,,,65066,18800,,,,,65855,29116,14602,82905,75227,37270,66250,29371,,,31775,5124,,,,,,,,,32529,4057,,,,,45378,3382,45011,16963,45925,5543,74671,26746,,,,,74737,27672,37500,21793,36250,27376,60536,59299,,,"Computer, Engineering, and Science Occupations",85208,,
53033011402,1186191,0,Census Tract 114.02,Washington,King County,48402,7390,74107,14909,79063,39051,105000,11036,58529,23025,66652,27901,65625,16163,56250,30792,101359,6469,66167,5699,66208,13388,96071,72226,42243,39252,64125,32627,132763,52579,111607,50236,250001,,36620,8222,48472,37629,45278,28757,,,,,7378,46978,43478,50452,41420,5112,46618,4814,47390,29350,44327,5641,60893,50755,,,61786,84155,58750,54751,43963,3985,43750,8155,43225,1971,49391,22599,Healthcare Practitioners and Technical Occupations,132763,,
53033011500,1538373,0,Census Tract 115,Washington,King County,82358,4275,93929,5031,94363,8217,104500,27275,83846,11081,120119,37632,126591,83551,107500,54589,71000,183518,85568,10370,,,88281,126302,64712,35419,92750,14110,93250,23963,93250,23963,,,45625,10471,,,,,,,,,52738,16641,,,,,59605,7864,80417,14833,46953,20171,98472,96430,,,44375,84836,,,82578,42971,83000,6534,26944,100900,,,"Computer, Engineering, and Science Occupations",120119,,
53033011700,3515808,0,Census Tract 117,Washington,King County,47122,7116,69792,19828,68125,18434,70909,59426,66875,28887,95739,17144,105417,48453,84125,44553,,,62813,19870,51696,26233,,,64000,15277,,,98594,61604,67434,122784,,,32839,7658,33828,16265,39554,224054,39554,224054,,,29720,14222,33571,19065,,,53698,10650,55969,5897,43750,16943,44821,27773,,,55804,38937,,,40625,11695,38239,5700,68309,24626,32000,4242,Healthcare Practitioners and Technical Occupations,98594,,
53033012000,1437048,0,Census Tract 120,Washington,King County,82692,13363,102802,25161,104250,18857,107833,18860,102750,56506,128693,15262,129773,40211,128523,76319,124000,60405,57841,30105,58295,14374,,,29883,77283,62206,20659,87222,44539,86528,35115,,,47895,22668,,,,,,,,,,,,,,,64838,11460,140357,68175,63356,3153,52833,9957,,,53333,21472,49700,105061,39844,74353,,,66000,124538,,,"Computer, Engineering, and Science Occupations",128693,,
53033012100,1739952,1380849,Census Tract 121,Washington,King County,120583,22945,132375,23571,132875,32187,141000,50565,101042,92106,148555,36247,141250,65492,237833,82569,147734,81740,100000,73623,80341,29400,229934,133660,93571,30148,,,121667,74541,81667,86856,,,90536,99905,,,,,,,,,,,,,91607,59103,107292,53869,122143,186150,98375,48355,,,,,,,,,93409,73530,,,93409,73530,,,"Computer, Engineering, and Science Occupations",148555,,
53033000101,414848,0,Census Tract 1.01,Washington,King County,58431,5767,75595,15716,82250,42827,102708,66791,69821,49246,78275,10107,78785,1085,76250,56275,,,58728,854,,,,,,,,,77554,39782,78641,23111,,,38194,22300,,,,,,,,,37708,16401,,,,,46287,18874,55694,7352,39111,14523,,,,,,,,,36837,32003,,,,,63315,29709,"Management, Business, and Financial Occupations",82250,,
53033000102,1495019,918878,Census Tract 1.02,Washington,King County,78926,15480,106161,26227,63917,43730,73583,77198,,,102393,23113,100761,26796,,,67216,225582,150313,124390,,,,,34776,92290,,,134345,37217,155714,51769,,,35999,538,,,,,,,,,,,,,,,68750,16207,66083,115710,69931,18375,,,,,,,,,,,,,,,,,"Education, Legal, Community Service, Arts, and Media Occupations",150313,,
53033000201,1806749,0,Census Tract 2.01,Washington,King County,82515,19391,84944,39667,85197,45422,101389,181808,64609,42268,170174,113725,170630,76432,,,,,61205,22601,,,,,45588,41296,83077,61884,,,,,,,38472,24665,,,,,,,,,14500,32907,,,,,57314,17671,90417,43712,55980,5486,108152,49800,,,108152,49800,,,83716,412,,,,,,,"Computer, Engineering, and Science Occupations",170174,,
53033000202,1480085,0,Census Tract 2.02,Washington,King County,68311,8579,94327,13327,88219,17199,79167,22212,97292,30957,113092,15260,124444,21347,121250,41186,98750,10386,61822,8484,60466,5143,,,84333,124177,,,100481,204040,,,,,34487,2338,,,,,,,,,,,49531,105396,,,46806,11300,39151,13763,49667,11862,60179,99342,,,17193,91177,,,105179,144432,39188,105960,,,,,"Computer, Engineering, and Science Occupations",113092,,
53033000403,669384,62871,Census Tract 4.03,Washington,King County,66729,21360,95563,44847,168981,73081,169907,75225,,,89306,81724,163393,31688,,,82625,14238,39676,45558,6839,75678,,,,,,,,,,,,,37064,3019,,,,,,,,,36715,1058,,,,,58309,29104,,,48355,49711,,,,,,,,,31786,33892,,,,,,,"Management, Business, and Financial Occupations",168981,,
53033000404,617482,13535,Census Tract 4.04,Washington,King County,62379,12676,83162,21651,85972,42000,69196,85460,86285,44259,82966,26866,,,,,,,,,,,,,,,,,,,,,,,34583,26169,34167,31801,,,,,,,,,,,,,53750,15204,46875,8184,59688,31898,52891,46942,,,,,,,62533,44172,63816,527,,,,,"Management, Business, and Financial Occupations",85972,,
53033000601,1431268,0,Census Tract 6.01,Washington,King County,70804,14836,83014,15146,95608,32360,82269,33754,120724,55114,110986,15195,203289,117527,84931,42233,111726,74121,70359,27390,,,,,46645,11102,57333,200645,64135,75732,68235,3766,,,39977,49958,38601,627,76270,564,,,76387,655,,,,,,,47225,13929,62740,22012,40833,19924,41818,23839,,,27472,55843,,,67833,40395,67833,40395,,,,,"Computer, Engineering, and Science Occupations",110986,,
53033000602,2355577,55191,Census Tract 6.02,Washington,King County,70757,11657,98184,14941,97616,22224,98023,34301,94028,27905,125259,96827,142155,74771,126379,1890,70435,6078,99524,46061,,,,,107939,36573,,,96302,56099,115250,88443,,,34462,4440,36359,9706,,,,,,,34354,35274,,,,,45323,7335,,,60156,49925,76786,51257,,,32321,40197,,,38472,23531,,,,,,,"Computer, Engineering, and Science Occupations",125259,,
53033001201,1008240,0,Census Tract 12.01,Washington,King County,55155,9206,62639,19597,56220,15601,67784,16611,50842,3628,77917,23293,,,,,,,55234,31708,,,,,,,,,56683,114399,,,,,32079,4908,,,,,,,,,31750,2069,,,,,43594,35721,,,65938,6634,61967,20835,,,,,,,27941,43382,,,,,,,"Computer, Engineering, and Science Occupations",77917,,
53033001202,821426,0,Census Tract 12.02,Washington,King County,55547,8076,65583,13692,67868,33930,138750,95503,56997,19991,69911,54604,120294,95589,,,64792,7135,46714,19590,,,,,47885,35149,,,59167,46839,,,,,48125,13389,,,,,,,,,53380,35843,,,,,36509,55049,92375,272318,34879,16175,53519,26941,,,,,,,43750,33022,58438,92481,,,,,"Computer, Engineering, and Science Occupations",69911,,
53033003201,1152079,1354300,Census Tract 32.01,Washington,King County,89797,50518,138385,77148,86131,42083,49491,137385,86786,25399,171603,60780,171603,60780,,,,,168133,124215,,,,,125125,257577,168411,69669,,,,,,,38958,23666,,,,,,,,,,,,,,,68405,17228,46523,56450,68944,4670,,,,,,,,,,,,,,,,,"Computer, Engineering, and Science Occupations",171603,,
53033003202,956016,0,Census Tract 32.02,Washington,King County,91596,41564,130123,41991,179896,74927,183654,58463,117838,51008,145114,83861,146932,89795,,,,,87676,39478,,,,,62480,260292,66837,16052,77078,72748,,,,,29716,76044,,,,,,,,,,,,,,,44357,132210,147600,224001,,,,,,,,,,,58696,14135,,,,,,,"Management, Business, and Financial Occupations",179896,,
53033003301,669207,0,Census Tract 33.01,Washington,King County,80443,8384,82261,18040,81024,24043,72935,30574,95703,11906,146667,14448,147083,41050,116042,130034,150735,134255,72902,16959,58571,87527,76250,142569,66029,29919,64583,22447,,,,,,,,,,,,,,,,,,,,,,,53920,25541,129107,95314,51250,3697,42120,70584,,,,,,,74444,78542,,,,,,,"Computer, Engineering, and Science Occupations",146667,,
53033003302,627071,0,Census Tract 33.02,Washington,King County,109201,25791,120714,23622,122647,37389,140192,35218,95357,27620,146518,124554,209583,130141,85846,26012,,,85625,58900,,,126875,63256,57969,27613,82857,60398,121607,57267,121607,57267,,,,,,,,,,,,,,,,,,,89706,125871,75903,22351,202202,167467,,,,,,,,,,,,,,,,,"Computer, Engineering, and Science Occupations",146518,,
53033003601,674139,0,Census Tract 36.01,Washington,King County,87010,15470,96758,11646,115646,59912,94722,67640,116563,60653,104669,49510,130603,47431,96827,26003,,,70227,33378,53542,14052,,,72813,65600,78378,48025,,,,,,,43243,16186,,,,,,,,,,,,,,,39516,41388,41563,363765,38508,41486,,,,,,,,,45417,16430,,,,,,,"Management, Business, and Financial Occupations",115646,,
53033003602,522326,0,Census Tract 36.02,Washington,King County,93819,13919,97917,17278,93042,14520,140313,101623,81184,33942,105450,7356,105868,2221,105438,23409,58889,15832,72165,20288,,,,,71451,13054,91600,62479,106844,40573,106844,40573,,,42974,5135,38125,2428,,,,,,,,,,,,,98667,51042,110658,34239,48636,27861,,,,,,,,,,,,,,,,,Healthcare Practitioners and Technical Occupations,106844,,
53033004101,1601973,3290570,Census Tract 41.01,Washington,King County,194044,36599,218810,54491,222031,67333,232396,84936,175592,120640,166375,60273,190755,75206,,,127237,85827,250001,,,,250001,,,,52727,17500,250001,,250001,,,,,,,,,,,,,,,,,,,,92240,94730,106339,137047,,,,,,,,,,,,,,,,,,,"Education, Legal, Community Service, Arts, and Media Occupations/Healthcare Practitioners and Technical Occupations",250001,,
53033004102,1689910,2027249,Census Tract 41.02,Washington,King County,113399,16711,108958,21720,94792,75289,136932,141607,88036,32829,135556,21021,156534,28577,,,75350,44646,115096,136565,50795,19773,,,48108,58740,,,100000,24905,103424,30682,,,,,,,,,,,,,,,,,,,182857,264951,183263,205856,,,,,,,,,,,62167,88103,,,,,,,Sales and Office Occupations,182857,,
53033004201,1244114,0,Census Tract 42.01,Washington,King County,137083,34149,154107,28166,188690,89894,188571,85531,250001,,147330,25206,149844,84340,145227,107593,153173,54429,117237,116310,,,,,184048,101436,,,158224,69446,158224,69446,,,,,,,,,,,,,,,,,,,91250,248722,220288,327970,,,36397,19398,,,,,,,46597,18624,,,,,,,"Management, Business, and Financial Occupations",188690,,
53033004202,1220977,0,Census Tract 42.02,Washington,King County,94525,26094,116884,24760,116814,40471,131389,50815,93716,38958,134313,46756,155192,31318,86667,77132,153897,93108,95268,22836,,,250001,,88967,11734,,,79519,138890,79519,138890,,,61157,665,,,,,,,,,,,,,,,45313,14815,,,45781,12397,81750,100094,,,,,81750,100094,,,,,,,,,"Computer, Engineering, and Science Occupations",134313,,
53033004401,694919,0,Census Tract 44.01,Washington,King County,75304,7960,86433,18240,103461,13417,104368,70086,66632,15612,99479,49717,99063,99606,114265,89204,52500,1965,86559,10111,,,,,86208,13985,,,69238,25831,69238,25831,,,41688,5428,,,,,,,,,42500,11679,,,,,65750,63779,123182,1593,32109,40893,75417,81950,,,,,,,37304,65947,,,,,,,"Management, Business, and Financial Occupations",103461,,
53033004402,294988,0,Census Tract 44.02,Washington,King County,54142,20695,77500,75162,49079,111922,49211,220426,,,148712,142456,176750,117527,57386,30594,,,70221,69893,,,,,71103,50553,41429,145552,38692,142606,225192,396292,,,40955,16078,,,,,,,,,41538,72510,,,,,26107,14310,34141,31646,25357,655,155511,182343,,,155511,182343,,,,,,,,,,,"Natural Resources, Construction, and Maintenance Occupations",155511,,
53033004701,571393,176916,Census Tract 47.01,Washington,King County,83975,20924,91586,6583,83150,21124,63996,92161,84575,15528,110944,30423,139483,56196,,,,,69943,63590,,,,,66494,27824,,,,,,,,,,,,,,,,,,,,,,,,,55079,12855,56766,33037,47739,7752,,,,,,,,,66990,31129,70208,37555,,,,,"Computer, Engineering, and Science Occupations",110944,,
53033004702,266414,0,Census Tract 47.02,Washington,King County,89985,49878,120808,42256,121831,45614,89083,98923,122151,63645,180013,142921,202132,34880,,,,,43063,119425,,,,,,,,,64240,22979,64240,22979,,,,,,,,,,,,,,,,,,,76094,31609,,,57365,42100,,,,,,,,,,,,,,,,,"Computer, Engineering, and Science Occupations",180013,,
53033004703,1188631,155567,Census Tract 47.03,Washington,King County,81300,13343,83090,11785,88427,17494,81169,35272,95481,28606,116058,105040,157886,61049,,,74065,88813,34762,22879,,,,,33065,3348,,,84757,7229,87722,7259,,,52894,17287,,,,,,,,,,,,,,,113050,131434,,,,,,,,,,,,,,,,,,,,,"Computer, Engineering, and Science Occupations",116058,,
53033004901,497144,0,Census Tract 49.01,Washington,King County,83679,17306,92153,20273,102938,26654,98452,28181,125682,78353,142850,16925,144350,44265,139943,81446,110234,158803,51199,8726,,,,,69904,75698,51115,1778,59471,15805,,,,,41563,20588,,,,,,,,,,,,,,,49779,34367,45592,5244,94079,143859,,,,,,,,,,,,,,,,,"Computer, Engineering, and Science Occupations",142850,,
53033004902,597604,17368,Census Tract 49.02,Washington,King County,84789,18152,96156,12093,96285,25475,104932,101898,72411,10575,133375,66484,171545,6241,81696,33062,76250,22593,71827,31564,,,109432,103817,64464,3237,,,93385,25455,93906,14654,,,25708,13818,,,,,,,,,45000,17715,,,,,60888,21354,44943,126242,61612,4054,,,,,,,,,37363,180899,,,,,,,"Computer, Engineering, and Science Occupations",133375,,
53033005201,699701,73218,Census Tract 52.01,Washington,King County,67500,20801,97458,28848,151726,51354,151964,53451,109706,351886,112632,13408,126375,64881,110625,9168,56888,3887,61339,27749,,,,,82823,41348,58724,9418,78816,76304,85147,122596,,,43125,13619,,,,,,,,,,,,,,,24701,15622,16250,22520,40910,11420,,,,,,,,,,,,,,,,,"Management, Business, and Financial Occupations",151726,,
53033005202,269234,19268,Census Tract 52.02,Washington,King County,84304,25313,84406,21472,92676,22248,93320,18179,,,106168,35185,106698,66058,,,,,19583,44399,,,,,54145,24266,,,,,,,,,41346,103027,,,,,,,,,,,,,,,102991,60029,103914,23843,36938,73312,,,,,,,,,36707,1628,,,,,,,"Computer, Engineering, and Science Occupations",106168,,
53033005303,2432843,749176,Census Tract 53.03,Washington,King County,32250,23145,32250,62330,,,,,,,,,,,,,,,,,,,,,,,,,,,,,,,,,,,,,,,,,,,,,,,,,,,,,,,,,,,,,,,,,,,,,"Management, Business, Science, and Arts Occupations",32250,,
53033005304,73030,0,Census Tract 53.04,Washington,King County,6767,12326,6563,15915,,,,,,,,,,,,,,,6813,24968,,,,,,,,,,,,,,,,,,,,,,,,,,,,,,,7222,45914,,,,,,,,,,,,,,,,,,,,,Sales and Office Occupations,7222,,
53033005305,212967,0,Census Tract 53.05,Washington,King County,36422,4037,39960,22938,41250,97717,,,,,62688,13095,64469,2589,,,,,35172,11341,,,,,31161,9667,,,39315,80537,,,,,34015,4011,,,,,,,,,,,,,,,33489,4832,32778,18113,34315,20427,,,,,,,,,,,,,,,,,"Computer, Engineering, and Science Occupations",62688,,
53033005306,200489,0,Census Tract 53.06,Washington,King County,74931,34589,88714,19720,88446,6047,88542,30739,88413,23150,105458,53868,105104,69168,,,,,,,,,,,,,,,,,,,,,,,,,,,,,,,,,,,,,33897,108589,33897,108589,,,,,,,,,,,,,,,,,,,"Computer, Engineering, and Science Occupations",105458,,
53033005307,130030,0,Census Tract 53.07,Washington,King County,21994,6492,85469,53141,,,,,,,,,,,,,,,,,,,,,,,,,,,,,,,,,,,,,,,,,,,,,,,21304,414,,,,,,,,,,,,,,,,,,,,,"Management, Business, Science, and Arts Occupations",85469,,
53033005401,756239,615226,Census Tract 54.01,Washington,King County,98338,10116,105100,12803,83832,6754,81864,15448,84592,34459,119688,3156,121691,37588,116250,10701,39063,88234,84286,29680,,,106968,8260,77330,18229,120341,164574,79333,25122,79333,25122,,,,,,,,,,,,,,,,,,,93191,12797,93880,22235,82454,23999,,,,,,,,,,,,,,,,,"Computer, Engineering, and Science Occupations",119688,,
53033005402,463900,0,Census Tract 54.02,Washington,King County,73894,4550,74795,10529,92857,49564,138580,136746,81250,31986,101591,52514,124375,53214,80500,8151,145147,68141,73129,2108,62014,9754,,,73193,1754,106176,24929,,,,,,,43036,33746,,,,,,,,,38929,631,,,,,80089,44847,125234,51228,50789,4567,76083,65229,,,,,,,42143,27743,,,,,,,"Computer, Engineering, and Science Occupations",101591,,
53033005803,832097,0,Census Tract 58.03,Washington,King County,94423,29184,106930,8120,125658,23707,133421,34674,117083,28269,105458,12077,116161,28968,105511,20013,74200,50457,79491,129793,,,,,79398,167446,48977,177690,65625,55820,67250,128396,,,41359,10620,,,,,,,,,41495,11717,,,,,58239,11995,97500,118689,45875,23701,,,,,,,,,46197,5741,,,,,,,"Management, Business, and Financial Occupations",125658,,
53033005804,2334443,1169687,Census Tract 58.04,Washington,King County,82470,8957,89279,7450,89194,15972,81776,11693,105027,35317,87411,38495,89444,69678,,,,,94655,38506,,,98750,46198,,,,,83819,24731,,,,,54080,21443,,,,,,,,,,,,,,,75417,42626,81202,13299,53382,10395,,,,,,,,,80424,24557,,,,,,,"Education, Legal, Community Service, Arts, and Media Occupations",94655,,
53033005901,778385,173882,Census Tract 59.01,Washington,King County,90281,26729,91156,26178,87414,61646,147778,127406,72470,51783,115350,37307,250001,,103299,17002,,,70227,19418,,,69500,47407,,,87500,71083,56250,45645,56250,45645,,,34028,119562,,,,,,,,,,,,,,,69408,91832,69408,91832,,,,,,,,,,,,,,,,,,,"Computer, Engineering, and Science Occupations",115350,,
53033005902,1022976,0,Census Tract 59.02,Washington,King County,115664,26797,159344,29000,152935,54254,158472,27702,79632,15780,239722,22907,248306,14951,193750,47904,,,112083,53088,,,214792,144842,,,99214,39314,82279,107961,81103,80759,,,43438,20596,43711,211,,,,,,,,,,,,,51944,56207,72875,53006,38125,85370,,,,,,,,,,,,,,,,,"Computer, Engineering, and Science Occupations",239722,,
53033006701,380256,105441,Census Tract 67.01,Washington,King County,106742,13647,112188,14144,100083,25127,115241,7203,88625,26050,134107,31929,160739,45572,128810,55962,,,69034,33133,,,,,,,67784,83722,,,,,,,,,,,,,,,,,,,,,,,75709,36737,119688,27153,,,,,,,,,,,,,,,,,,,"Computer, Engineering, and Science Occupations",134107,,
53033006702,304748,0,Census Tract 67.02,Washington,King County,105227,14803,111331,17383,113965,21756,114222,32729,,,123000,46251,106951,60496,,,211314,161423,80750,1860,,,,,80750,1860,,,,,,,,,,,,,,,,,,,,,,,,,99973,57751,99973,57751,,,,,,,,,,,,,,,,,,,"Computer, Engineering, and Science Occupations",123000,,
53033006703,597133,0,Census Tract 67.03,Washington,King County,104388,19469,110781,6218,110859,23249,104758,22503,126167,62569,121344,50523,167647,134216,,,,,110750,35544,,,,,,,,,,,,,,,,,,,,,,,,,,,,,,,65903,69362,153353,160597,41938,51694,,,,,,,,,72845,81983,,,,,,,"Computer, Engineering, and Science Occupations",121344,,
53033007001,358281,0,Census Tract 70.01,Washington,King County,91594,13748,93680,18989,84057,31757,61838,169080,85500,12375,132054,80813,199618,48437,93485,113828,131116,43268,94112,72676,,,,,,,97656,121043,,,,,,,,,,,,,,,,,,,,,,,50946,23963,74310,27197,47027,5823,,,,,,,,,,,,,,,,,"Computer, Engineering, and Science Occupations",132054,,
53033007002,441021,0,Census Tract 70.02,Washington,King County,62560,8442,68157,14139,87679,5261,87584,19706,90450,11540,172802,154966,173793,79095,,,,,49091,15705,,,,,46823,32309,,,49927,39497,49927,39497,,,39418,104400,,,,,,,,,,,,,,,56689,13329,32335,243846,56926,10412,,,,,,,,,,,,,,,,,"Computer, Engineering, and Science Occupations",172802,,
53033007101,495054,0,Census Tract 71.01,Washington,King County,94267,22803,107578,11439,103478,19720,104183,22843,88778,13397,115515,24048,114734,21376,215909,141867,,,63525,2018,,,64116,130036,,,83563,54244,,,,,,,51508,1971,,,,,,,,,51949,7386,,,,,53750,37531,52014,95688,55547,55897,,,,,,,,,38750,10418,,,,,,,"Computer, Engineering, and Science Occupations",115515,,
53033007102,335908,0,Census Tract 71.02,Washington,King County,90104,13033,102917,13722,92426,49387,119531,210554,88125,43624,128382,31808,130212,32278,,,106250,73685,54803,105032,,,,,,,,,78700,3807,78700,3807,,,43015,52270,,,,,,,,,,,,,,,42607,11519,53403,15814,35805,2193,,,,,,,,,,,,,,,,,"Computer, Engineering, and Science Occupations",128382,,
53033007201,150744,0,Census Tract 72.01,Washington,King County,124346,13308,125616,11763,134542,37921,133583,61254,140871,60644,123772,11149,125317,21307,122888,12751,,,86106,102659,,,,,,,85625,61607,131500,168414,131500,168414,,,,,,,,,,,,,,,,,,,138935,151531,148438,57238,47824,10876,,,,,,,,,,,,,,,,,Sales and Office Occupations,138935,,
53033007202,280585,0,Census Tract 72.02,Washington,King County,119078,11973,118768,9612,126329,22565,163245,147025,125316,37530,207719,116514,207529,122695,,,,,79237,1048,,,,,,,74722,35880,,,,,,,,,,,,,,,,,,,,,,,126275,805,,,,,,,,,,,,,,,,,,,,,"Computer, Engineering, and Science Occupations",207719,,
53033007203,579631,0,Census Tract 72.03,Washington,King County,121855,21176,131603,28461,103705,69090,103705,125973,116250,51068,145829,27661,146039,35094,,,,,,,,,,,,,,,,,,,,,,,,,,,,,,,,,,,,,132870,163995,,,52727,51470,137740,182979,,,,,,,,,,,,,,,"Computer, Engineering, and Science Occupations",145829,,
53033007301,250787,0,Census Tract 73.01,Washington,King County,101875,34150,114741,34840,145395,65257,163080,60612,92183,61881,142083,51944,160909,44180,,,,,52155,32228,,,,,,,88080,22028,63262,12337,63262,12337,,,,,,,,,,,,,,,,,,,44963,34599,,,61667,75955,,,,,,,,,117821,134763,,,,,,,"Management, Business, and Financial Occupations",145395,,
53033007302,312981,0,Census Tract 73.02,Washington,King County,125291,20334,138591,14417,147803,31696,170417,65187,122222,66305,141696,22711,139604,27142,148659,137621,,,43841,24520,39701,30119,,,,,,,250001,,250001,,,,64740,54424,,,,,,,,,110181,105653,,,,,103468,121085,168830,11575,85507,56804,,,,,,,,,22109,58133,,,,,,,Healthcare Practitioners and Technical Occupations,250001,,
53033007303,313527,0,Census Tract 73.03,Washington,King County,135333,36814,136438,43062,64531,53968,,,78558,144296,155060,53394,155301,48337,106023,158563,,,188333,64466,,,,,,,,,103409,58500,103409,58500,,,,,,,,,,,,,,,,,,,,,,,,,,,,,,,,,,,,,,,,,"Education, Legal, Community Service, Arts, and Media Occupations",188333,,
53033007403,118559,0,Census Tract 74.03,Washington,King County,70388,21892,81667,14783,56369,25862,55952,28073,78958,48508,118786,35713,142391,43577,80089,57336,,,69250,142755,,,,,,,57262,70173,,,,,,,43650,310,,,,,,,,,43582,606,,,,,76528,38403,106917,24636,58125,19181,,,,,,,,,,,,,,,,,"Computer, Engineering, and Science Occupations",118786,,
53033007404,153725,0,Census Tract 74.04,Washington,King County,91912,22770,106241,13212,105796,4059,106657,40501,97574,17770,132555,25838,133946,5393,81333,18966,,,65745,9653,,,48906,16534,73235,55012,65851,12991,136250,115799,121103,66823,,,42168,16032,,,,,,,,,41289,10122,,,,,66103,12667,68750,4483,47434,36095,108529,47506,,,,,,,,,,,,,,,Healthcare Practitioners and Technical Occupations,136250,,
53033007405,131830,0,Census Tract 74.05,Washington,King County,70798,17221,96159,11289,95821,18097,103333,15474,77596,22751,112059,29656,131944,60120,66528,12665,,,63611,27904,,,,,,,80029,48658,61389,38487,,,,,36734,10456,,,,,,,,,35968,7600,,,,,48766,21206,,,49205,28311,,,,,,,,,,,,,,,,,"Computer, Engineering, and Science Occupations",112059,,
53033007406,150829,0,Census Tract 74.06,Washington,King County,85792,17880,94018,17945,91944,93518,92361,92200,62000,169851,140069,46547,147409,6142,113688,17087,40570,3068,71458,47643,76359,32853,,,40000,35386,,,87019,18648,90188,5874,,,47969,12882,,,,,,,,,43897,25973,,,,,73000,41094,51544,41720,,,,,,,,,,,,,,,,,,,"Computer, Engineering, and Science Occupations",140069,,
53033007501,298283,0,Census Tract 75.01,Washington,King County,84721,28905,95256,8119,67067,30795,66635,45932,82745,48513,96779,51253,145210,95471,,,,,123186,84291,,,,,,,83828,55343,223320,304651,223320,304651,,,40848,9218,,,,,,,,,41326,14163,,,,,64877,25099,,,65714,42855,,,,,,,,,,,,,,,,,Healthcare Practitioners and Technical Occupations,223320,,
53033007502,315931,0,Census Tract 75.02,Washington,King County,88958,32451,98497,16468,110607,2746,111615,1789,78939,50030,105059,26958,105059,26958,,,,,12212,102926,,,,,,,11894,123619,,,,,,,39125,19924,,,,,,,,,39125,19924,,,,,,,,,,,,,,,,,,,,,,,,,,,"Management, Business, and Financial Occupations",110607,,
53033007503,187541,0,Census Tract 75.03,Washington,King County,84490,59668,121117,71372,57303,66678,56829,36665,,,165417,37363,165417,37363,,,,,,,,,,,,,,,,,,,,,,,,,,,,,,,,,,,,,49956,79018,101995,95565,48824,1286,,,,,,,,,,,,,,,,,"Computer, Engineering, and Science Occupations",165417,,
53033007901,267231,0,Census Tract 79.01,Washington,King County,85409,22334,98036,26205,115875,52464,150223,86183,105652,63681,136176,69826,149375,93556,120357,68470,,,66875,36946,66797,18622,,,32281,14663,120559,51427,26472,30111,26472,30111,,,,,,,,,,,,,,,,,,,57243,6518,57625,15544,56944,10868,,,,,,,,,,,,,,,,,"Computer, Engineering, and Science Occupations",136176,,
53033007902,431244,0,Census Tract 79.02,Washington,King County,85082,16599,101667,12073,103398,15399,113750,27273,82697,7337,150735,52577,162750,24317,107708,80608,,,97610,64278,,,,,55208,41786,101061,10093,38782,32660,,,,,53317,6910,,,,,,,,,,,,,,,56483,33069,55911,139322,69485,52866,,,,,,,,,,,,,,,,,"Computer, Engineering, and Science Occupations",150735,,
53033008003,197152,0,Census Tract 80.03,Washington,King County,118750,24625,123378,20238,117609,38063,120682,42581,94310,109846,128868,30407,147067,28173,103750,60860,,,49671,132862,,,,,,,121424,98620,,,,,,,,,,,,,,,,,,,,,,,65000,62374,81402,94954,,,,,,,,,,,,,,,,,,,"Computer, Engineering, and Science Occupations",128868,,
53033008004,284626,526767,Census Tract 80.04,Washington,King County,141035,19244,142003,26082,163750,25070,162416,19997,177772,112533,141691,23051,146750,25739,138072,37490,,,71925,55005,,,,,,,71350,42598,,,,,,,,,,,,,,,,,,,,,,,59792,234560,163500,87709,58125,115617,,,,,,,,,,,,,,,,,"Management, Business, and Financial Occupations",163750,,
53033008101,270324,277671,Census Tract 81.01,Washington,King County,107241,18162,110190,15487,107054,42369,117396,127757,90167,43524,131667,26698,129018,30494,187560,138824,,,86346,5622,,,83833,43352,,,86538,29039,,,,,,,41083,516,,,,,,,,,,,,,,,125068,82991,126250,37885,,,,,,,,,,,,,,,,,,,"Computer, Engineering, and Science Occupations",131667,,
53033008102,556705,91220,Census Tract 81.02,Washington,King County,135785,7377,137017,33756,137048,121592,137461,186381,81464,14957,145347,43396,145903,51946,134338,150355,,,,,,,,,,,,,,,,,,,,,,,,,,,,,,,,,,,85915,4990,134702,40478,82639,14621,,,,,,,,,,,,,,,,,"Computer, Engineering, and Science Occupations",145347,,
53033008401,250921,0,Census Tract 84.01,Washington,King County,70568,59904,114559,43555,59560,125701,57917,129158,106141,176783,131444,44639,131746,54740,,,,,50769,8244,,,,,,,,,121400,61756,121350,51943,,,39375,11719,,,,,,,,,22260,33946,,,,,87500,97035,116509,56009,42857,16114,,,,,,,,,,,,,,,,,"Computer, Engineering, and Science Occupations",131444,,
53033008402,145446,0,Census Tract 84.02,Washington,King County,78491,23687,96386,26637,89482,49556,95679,110490,71797,27186,139737,58183,187538,93899,,,,,60915,21665,,,,,,,57426,76723,79750,60663,79778,42973,,,53209,13042,,,,,,,,,,,,,,,135563,129296,,,84293,78502,,,,,,,,,29967,132635,,,29967,132635,,,"Computer, Engineering, and Science Occupations",139737,,
53033009801,1004708,0,Census Tract 98.01,Washington,King County,100859,20287,97325,10174,102439,24385,130357,21232,57377,55608,121500,60383,161429,161630,86993,86770,88162,26223,92788,11079,91917,13751,107500,83495,,,100978,84626,,,,,,,,,,,,,,,,,,,,,,,141425,28414,169565,31030,42153,219328,,,,,,,,,,,,,,,,,Sales and Office Occupations,141425,,
53033009802,922319,0,Census Tract 98.02,Washington,King County,79063,18500,110991,16824,110972,31520,124474,12939,65897,17576,153289,100668,71307,67436,168258,46290,,,84236,20160,,,106250,239,83333,24561,,,250001,,250001,,,,34427,12121,,,,,,,,,,,,,,,59630,20500,67083,199569,58241,13938,70333,49741,,,,,,,49229,38553,,,49237,39101,,,Healthcare Practitioners and Technical Occupations,250001,,
53033010101,871622,0,Census Tract 101.01,Washington,King County,61686,17722,80052,28640,112216,39426,82422,67064,,,162850,102568,168864,143455,112216,105386,,,46442,20413,,,,,57552,38004,,,39309,21450,39002,23664,,,27260,15445,37730,29707,,,,,,,35361,2605,,,,,250001,,,,250001,,91806,19536,,,91111,24614,,,60917,29483,70093,17989,,,,,Sales and Office Occupations,250001,,
53033010102,1623225,2170065,Census Tract 101.02,Washington,King County,88723,12802,99963,6330,101990,17736,102321,87119,78375,58069,113083,19645,137232,80850,113333,56494,,,89679,12825,,,211328,87112,88393,22744,97578,6913,89671,100315,89671,100315,,,,,,,,,,,,,,,,,,,59360,19524,50192,54526,59600,46122,32143,44526,,,32143,44526,,,,,,,,,,,"Computer, Engineering, and Science Occupations",113083,,
53033010301,1002658,0,Census Tract 103.01,Washington,King County,66818,19989,105774,17203,104871,15788,104440,20104,105543,95989,179076,64335,177717,81640,,,,,59583,31712,36071,33607,59821,120321,63828,47701,22277,108542,,,,,,,46222,13763,46985,18531,,,,,,,,,27978,25639,,,52279,136137,176220,62368,47436,4234,86389,40433,,,92981,43253,,,77656,37790,,,77656,37790,,,"Computer, Engineering, and Science Occupations",179076,,
53033010302,632167,0,Census Tract 103.02,Washington,King County,62404,19911,67962,21295,104358,27182,141125,74089,79543,25815,108125,55252,117076,31775,59684,33260,,,51160,7250,38818,8936,59345,6866,61389,815,47321,7200,61536,6096,61536,6096,,,45938,5611,,,,,,,,,,,,,,,54066,5640,53951,4007,,,,,,,,,,,,,,,,,,,"Computer, Engineering, and Science Occupations",108125,,
53033010501,742016,0,Census Tract 105.01,Washington,King County,91755,19836,106835,6772,104648,39600,111004,16352,76647,29273,106788,6440,115365,20479,106007,10425,,,200026,159337,,,201587,38153,200797,119669,,,,,,,,,,,,,,,,,,,,,,,,,82083,19514,86520,3981,48750,33229,,,,,,,,,,,,,,,,,"Education, Legal, Community Service, Arts, and Media Occupations",200026,,
53033010502,975912,0,Census Tract 105.02,Washington,King County,99906,13647,94699,28197,92162,25454,108841,37110,86157,10711,116020,51986,117039,30959,176045,898,75060,30941,76023,24928,54637,10898,,,88750,73876,,,,,,,,,33509,21757,,,,,,,,,,,,,,,101659,9690,124205,91776,101491,7349,,,,,,,,,,,,,,,,,"Computer, Engineering, and Science Occupations",116020,,
53033010601,1089233,0,Census Tract 106.01,Washington,King County,84943,18382,106683,12827,84889,57815,131382,36236,31933,62189,135609,54693,156888,152137,113580,33905,,,76538,46634,62500,9280,174821,154319,64861,22819,55938,94569,,,,,,,36806,16425,,,,,,,,,37431,2585,,,,,54573,17301,88875,73923,44891,26387,49540,58161,,,49540,58161,,,105238,40773,69250,95586,105774,2604,,,"Computer, Engineering, and Science Occupations",135609,,
53033010602,1505061,817134,Census Tract 106.02,Washington,King County,81182,15094,108839,32348,144000,26185,108482,66322,146250,69640,135729,163508,210131,201741,82348,34925,,,105417,52369,121339,93016,,,84000,45222,,,69442,27676,69442,27676,,,38359,20695,,,,,,,,,29692,44049,,,,,93520,13454,108523,22892,63417,51068,56603,50214,,,,,,,34327,35508,,,,,,,"Management, Business, and Financial Occupations",144000,,
53033011601,1554538,184845,Census Tract 116.01,Washington,King County,123685,26404,136354,22382,169896,63048,175740,87820,134750,80161,146698,67156,145967,5674,217893,151825,,,63611,33148,,,,,64861,43835,59583,92461,98106,72647,,,,,,,,,,,,,,,,,,,,,68750,47674,80074,61550,39939,98592,,,,,,,,,122794,188171,,,122794,188171,,,"Management, Business, and Financial Occupations",169896,,
53033011602,1565825,786358,Census Tract 116.02,Washington,King County,102794,9725,111466,9463,114177,27900,180486,73556,105655,46294,140328,21428,141302,395,126250,36023,81250,84129,81424,14194,81076,49890,103150,91860,83646,32718,52216,40841,112083,81194,,,,,22135,99678,,,,,,,,,,,,,,,80179,30295,93750,90757,76442,21887,99107,75646,,,100786,2625,43125,8912,54271,87301,,,,,,,"Computer, Engineering, and Science Occupations",140328,,
53033011801,1160802,630417,Census Tract 118.01,Washington,King County,73403,28737,89408,22981,102528,29920,99188,24493,103200,70318,88438,33281,108200,47210,87563,30252,,,102708,86967,44716,85004,,,,,,,54728,35022,54728,35022,,,32238,6118,,,,,,,,,,,31192,7112,,,49392,41770,,,49493,44788,91759,17909,,,,,91759,17909,39448,69927,39926,140923,,,,,"Education, Legal, Community Service, Arts, and Media Occupations",102708,,
53033011802,1139611,1037832,Census Tract 118.02,Washington,King County,57766,9809,82083,12258,65250,26400,64179,62581,67167,30120,117308,16985,100729,69325,118942,3106,,,78333,20673,86250,29752,,,,,,,,,,,,,38077,6804,47563,6902,,,,,,,,,,,37778,14080,40893,10924,35000,25879,45000,13917,42535,33749,,,43646,31359,,,59069,26541,57770,22098,,,,,"Computer, Engineering, and Science Occupations",117308,,
53033011901,1682374,0,Census Tract 119.01,Washington,King County,77438,34594,107000,30386,105880,24203,105972,4042,,,250001,,250001,,,,,,98314,57028,,,,,63417,106395,,,107109,30967,,,,,37074,9287,,,,,,,,,52981,10981,36023,5947,,,86377,24652,211474,28610,61172,38363,52813,52684,,,,,65833,29249,36546,946,36250,1297,,,,,"Computer, Engineering, and Science Occupations",250001,,
53033011902,1580686,1217487,Census Tract 119.02,Washington,King County,60893,7112,71161,23234,65568,29372,90185,33814,,,127743,88064,129201,23931,59934,136679,,,84150,11619,,,,,,,,,54630,6949,,,,,32239,23931,,,,,,,,,,,,,,,63750,27032,17292,100139,66875,28000,82512,44036,,,82512,44036,,,29899,64864,,,29552,54723,,,"Computer, Engineering, and Science Occupations",127743,,
