Geographic Identifier - FIPS Code,Area of Land (Square Meters),Area of Water (Square Meters),Name,State,County,Total Population for whom Poverty Status is Determined,Total Population for whom Poverty Status is Determined - Margin of Error,Population whose income in the past 12 months is below federal poverty level,Population whose income in the past 12 months is below federal poverty level - Margin of Error,Population whose income in the past 12 months is below federal poverty level under 6 years,Population whose income in the past 12 months is below federal poverty level under 6 years - Margin of Error,Population whose income in the past 12 months is below federal poverty level 6 to 11 years,Population whose income in the past 12 months is below federal poverty level 6 to 11 years - Margin of Error,Population whose income in the past 12 months is below federal poverty level 12 to 17 years,Population whose income in the past 12 months is below federal poverty level 12 to 17 years - Margin of Error,Population whose income in the past 12 months is below federal poverty level 18 to 59 years,Population whose income in the past 12 months is below federal poverty level 18 to 59 years - Margin of Error,Population whose income in the past 12 months is below federal poverty level 60 to 74 years,Population whose income in the past 12 months is below federal poverty level 60 to 74 years - Margin of Error,Population whose income in the past 12 months is below federal poverty level 75 to 84 years,Population whose income in the past 12 months is below federal poverty level 75 to 84 years - Margin of Error,Population whose income in the past 12 months is below federal poverty level 85 years and over,Population whose income in the past 12 months is below federal poverty level 85 years and over - Margin of Error,Population whose income in the past 12 months is at or above federal poverty level,Population whose income in the past 12 months is at or above federal poverty level - Margin of Error,Population whose income in the past 12 months is at or above federal poverty level under 6 years,Population whose income in the past 12 months is at or above federal poverty level under 6 years - Margin of Error,Population whose income in the past 12 months is at or above federal poverty level 6 to 11 years,Population whose income in the past 12 months is at or above federal poverty level 6 to 11 years - Margin of Error,Population whose income in the past 12 months is at or above federal poverty level 12 to 17 years,Population whose income in the past 12 months is at or above federal poverty level 12 to 17 years - Margin of Error,Population whose income in the past 12 months is at or above federal poverty level 18 to 59 years,Population whose income in the past 12 months is at or above federal poverty level 18 to 59 years - Margin of Error,Population whose income in the past 12 months is at or above federal poverty level 60 to 74 years,Population whose income in the past 12 months is at or above federal poverty level 60 to 74 years - Margin of Error,Population whose income in the past 12 months is at or above federal poverty level 75 to 84 years,Population whose income in the past 12 months is at or above federal poverty level 75 to 84 years - Margin of Error,Population whose income in the past 12 months is at or above federal poverty level 85 years and over,Population whose income in the past 12 months is at or above federal poverty level 85 years and over - Margin of Error,Percent of Population whose income in the past 12 months is below poverty level,Percent of Population whose income in the past 12 months is below poverty level - Margin of Error,Child Population (under 18 years) whose income in the past 12 months is below poverty level,Child Population (under 18 years) whose income in the past 12 months is below poverty level - Margin of Error,Percent of Children (under 18 years) whose income in the past 12 months is below poverty level,Percent of Children (under 18 years) whose income in the past 12 months is below poverty level - Margin of Error,Child Population (under 18 years) for whom Poverty Status is Determined,Child Population (under 18 years) for whom Poverty Status is Determined - Margin of Error,Population whose income in the past 12 months is under .50x (under 50% of) the federal poverty level,Population whose income in the past 12 months is under .50x (under 50% of) the federal poverty level - Margin of Error,Population whose income in the past 12 months is between .50x and .99x (50% to 99% of) the federal poverty level,Population whose income in the past 12 months is between .50x and .99x (50% to 99% of) the federal poverty level - Margin of Error,Population whose income in the past 12 months is between 1.00x and 1.24x (100% to 124% of) the federal poverty level,Population whose income in the past 12 months is between 1.00x and 1.24x (100% to 124% of) the federal poverty level - Margin of Error,Population whose income in the past 12 months is between 1.25x and 1.49x (125% to 149% of) the federal poverty level,Population whose income in the past 12 months is between 1.25x and 1.49x (125% to 149% of) the federal poverty level - Margin of Error,Population whose income in the past 12 months is between 1.50x and 1.84x (150% to 184% of) the federal poverty level,Population whose income in the past 12 months is between 1.50x and 1.84x (150% to 184% of) the federal poverty level - Margin of Error,Population whose income in the past 12 months is between 1.85x and 1.99x (185% to 199% of) the federal poverty level,Population whose income in the past 12 months is between 1.85x and 1.99x (185% to 199% of) the federal poverty level - Margin of Error,Population whose income in the past 12 months is 2.00x and over (200% or more of) the federal poverty level,Population whose income in the past 12 months is 2.00x and over (200% or more of) the federal poverty level - Margin of Error,Percent of population whose income in the past 12 months is under .50x (under 50% of) the federal poverty level,Percent of population whose income in the past 12 months is under .50x (under 50% of) the federal poverty level - Margin of Error,Percent of population whose income in the past 12 months is between .50x and .99x (50% to 99% of) the federal poverty level,Percent of population whose income in the past 12 months is between .50x and .99x (50% to 99% of) the federal poverty level - Margin of Error,Percent of population whose income in the past 12 months is between 1.00x and 1.24x (100% to 124% of) the federal poverty level,Percent of population whose income in the past 12 months is between 1.00x and 1.24x (100% to 124% of) the federal poverty level - Margin of Error,Percent of population whose income in the past 12 months is between 1.25x and 1.49x (125% to 149% of) the federal poverty level,Percent of population whose income in the past 12 months is between 1.25x and 1.49x (125% to 149% of) the federal poverty level - Margin of Error,Percent of population whose income in the past 12 months is between 1.50x and 1.84x (150% to 184% of) the federal poverty level,Percent of population whose income in the past 12 months is between 1.50x and 1.84x (150% to 184% of) the federal poverty level - Margin of Error,Percent of population whose income in the past 12 months is between 1.85x and 1.99x (185% to 199% of) the federal poverty level,Percent of population whose income in the past 12 months is between 1.85x and 1.99x (185% to 199% of) the federal poverty level - Margin of Error,Percent of population whose income in the past 12 months is 2.00x and over (200% of) the federal poverty level,Percent of population whose income in the past 12 months 2.00x and over (200% of) the federal poverty level - Margin of Error,x,y
53033000300,1211013,0,Census Tract 3,Washington,King County,2837,372,223,133,45,52,8,12,0,13,151,100,18,22,0,13,1,5,2614,345,102,48,108,48,223,152,1788,223,334,136,49,31,10,14,7.9,4.5733459089327,53,55,10.9,10.6137485774044,486,175,121,101,102,72,32,38,11,20,63,48,109,124,2399,320,4.3,3.51589773886756,3.6,2.49372068872141,1.1,1.33125231487697,0.4,0.703134349987648,2.2,1.66668341340552,3.8,4.34168300660677,84.6,2.06956661284042,,
53033000402,1798938,0,Census Tract 4.02,Washington,King County,5124,673,175,108,0,18,38,60,0,18,90,66,3,5,10,16,34,40,4949,664,212,134,310,148,222,89,3000,595,485,142,374,225,346,183,3.4,2.05944152470945,38,65,4.9,8.19038431763242,782,228,79,61,96,90,21,25,144,125,139,111,117,99,4528,653,1.5,1.1731272396859,1.9,1.73911741945956,0.4,0.484921568438052,2.8,2.4114140591186,2.7,2.13677466647013,2.3,1.90866633860096,88.4,5.26271808279501,,
53033000500,2898252,953717,Census Tract 5,Washington,King County,3397,387,262,223,59,70,44,84,8,13,150,99,1,8,0,13,0,13,3135,389,287,166,205,104,294,106,1366,240,731,133,129,59,123,95,7.7,6.50554660337135,111,110,12.4,11.7761786406678,897,248,211,206,51,48,18,20,23,37,20,29,18,20,3056,405,6.2,6.02274674824676,1.5,1.40262175670114,0.5,0.585651894627081,0.7,1.08646168063838,0.6,0.851055438232923,0.5,0.585651894627081,90,6.09121210683947,,
53033000700,1294438,0,Census Tract 7,Washington,King County,5251,717,355,156,0,18,0,18,0,18,279,138,60,45,11,17,5,9,4896,712,333,142,168,83,204,139,3471,632,508,177,140,89,72,66,6.8,2.82380129609539,0,31,0,4.39716312056738,705,218,161,88,194,109,108,90,204,205,110,66,117,84,4357,643,3.1,1.62273493702838,3.7,2.0135623898138,2.1,1.69079425817337,3.9,3.8678100456601,2.1,1.22392279309268,2.2,1.57049707827405,83,4.64568818637585,,
53033000800,1141931,0,Census Tract 8,Washington,King County,2670,286,174,107,7,13,0,13,0,13,135,83,31,34,1,2,0,13,2496,247,133,62,181,53,132,49,1461,234,464,82,93,54,32,29,6.5,3.94622521237014,7,23,1.5,5.06624559458927,453,98,39,46,135,92,26,24,35,32,68,39,20,14,2347,256,1.5,1.71572713179043,5.1,3.40286214089378,1,0.892803824907957,1.3,1.19024810168107,2.5,1.43497261035113,0.7,0.518169167404292,87.9,1.80914257894339,,
53033000900,1004853,1849039,Census Tract 9,Washington,King County,2092,224,93,67,0,13,0,13,8,14,39,24,42,55,0,13,4,12,1999,213,98,42,122,47,82,38,965,123,545,148,122,41,65,39,4.4,3.16710631564567,8,23,2.6,7.3916132580588,310,77,71,62,22,27,5,8,6,9,48,68,22,33,1918,214,3.4,2.94130721975565,1.1,1.28570954399497,0.2,0.381551906908455,0.3,0.429112848387384,2.3,3.24118029843486,1.1,1.57341377742041,91.7,2.8758513075863,,
53033001000,954203,0,Census Tract 10,Washington,King County,2059,238,243,91,11,11,6,9,21,18,153,66,33,21,14,11,5,8,1816,221,127,53,169,51,107,55,972,155,346,90,32,17,63,64,11.8,4.20381660364026,38,23,8.6,4.87391411049084,441,95,156,80,87,47,51,50,4,6,59,71,15,28,1687,181,7.6,3.78539543955434,4.2,2.22979825652549,2.5,2.41142605172176,0.2,0.290537091539654,2.9,3.4323315505149,0.7,1.35727370428501,81.9,12.9216484198325,,
53033001100,1060685,0,Census Tract 11,Washington,King County,2698,331,128,74,9,15,9,15,10,16,83,50,17,21,0,13,0,13,2570,336,142,73,193,92,89,56,1555,251,352,115,197,102,42,46,4.7,2.68030372769966,28,27,6.2,5.68855131386326,452,133,70,50,58,52,8,12,0,13,23,20,0,13,2539,335,2.6,1.8256845291235,2.1,1.90922349254407,0.3,0.443283766816102,0,0.481838398813936,0.9,0.733874977920551,0,0.481838398813936,94.1,4.56915244940736,,
53033001300,1180877,0,Census Tract 13,Washington,King County,4709,611,471,181,0,13,0,13,0,13,309,137,135,94,23,38,4,9,4238,579,320,136,66,62,92,72,3004,548,562,153,178,91,16,22,10,3.61798226091231,0,23,0,4.81171548117155,478,167,153,84,318,148,215,226,257,185,282,174,116,100,3368,576,3.2,1.73328636587336,6.8,3.01830726374834,4.6,4.76261769657126,5.5,3.86429969620568,6,3.61242956349331,2.5,2.09940160280492,71.5,7.96854700633743,,
53033001400,2152767,213389,Census Tract 14,Washington,King County,5190,669,486,373,0,18,0,18,0,18,451,372,8,9,0,18,27,35,4704,631,225,96,401,127,220,99,3013,527,583,148,250,151,12,20,9.4,7.08480876708858,0,31,0,3.66430260047281,846,190,100,130,386,357,17,29,73,74,66,55,74,60,4474,617,1.9,2.49247317377482,7.4,6.81147739003237,0.3,0.557169357846204,1.4,1.41424442874367,1.3,1.04697565283534,1.4,1.14136646925259,86.2,4.22570967164487,,
53033001500,1167711,526885,Census Tract 15,Washington,King County,2795,359,220,104,0,13,25,38,8,12,109,62,13,16,11,18,54,46,2575,329,97,53,107,45,171,67,1376,146,598,257,188,74,38,37,7.9,3.58094816172327,33,42,8.1,10.0814724240519,408,105,138,96,82,58,22,33,0,13,32,29,0,13,2521,337,4.9,3.37565073287092,2.9,2.04063261908122,0.8,1.17634324705971,0,0.465116279069767,1.1,1.02709307302569,0,0.465116279069767,90.2,3.34069108605795,,
53033001600,2020358,320118,Census Tract 16,Washington,King County,4707,576,83,58,0,13,0,13,7,11,67,51,0,13,0,13,9,15,4624,569,349,91,469,157,283,107,2672,388,604,125,179,70,68,46,1.8,1.21316682055023,7,21,0.6,1.89144815444191,1108,212,38,35,45,35,41,64,122,78,43,39,0,13,4418,570,0.8,0.736981497662906,1,0.734312520629406,0.9,1.35549262162618,2.6,1.62646982585432,0.9,0.820977134750013,0,0.276184406203527,93.9,3.83670075351023,,
53033001701,892768,0,Census Tract 17.01,Washington,King County,4244,621,211,142,24,37,12,20,12,21,146,97,17,27,0,13,0,13,4033,639,161,198,67,101,231,115,3201,474,307,103,55,46,11,25,5,3.26585590836507,48,47,9.5,7.9537898780515,507,255,104,78,107,127,201,304,207,117,119,107,21,33,3485,669,2.5,1.80257110740621,2.5,2.969632854907,4.7,7.12945169805228,4.9,2.66285035836222,2.8,2.48759849901964,0.5,0.774190047502729,82.1,10.2035445621642,,
53033001702,1280220,0,Census Tract 17.02,Washington,King County,5141,634,296,163,0,18,0,18,11,21,121,81,124,120,0,18,40,63,4845,602,401,176,163,75,159,95,3256,533,719,234,106,88,41,66,5.8,3.09006041562359,11,33,1.5,4.47423031124927,734,216,187,124,109,69,24,34,202,214,96,69,62,76,4461,668,3.6,2.36990244419077,2.1,1.31643611825279,0.5,0.658839350091207,3.9,4.13431512390138,1.9,1.32224774818602,1.2,1.47081131305796,86.8,7.37026049221792,,
53033001800,946085,0,Census Tract 18,Washington,King County,5002,638,305,258,0,18,0,18,5,15,281,250,19,32,0,18,0,18,4697,457,292,104,192,77,163,117,3736,471,168,85,38,46,108,98,6.1,5.09896424640953,5,30,0.8,4.59651488906664,652,177,270,245,35,38,95,89,135,111,68,63,123,105,4276,442,5.4,4.84941092090746,0.7,0.754435475601031,1.9,1.76272050986502,2.7,2.19224892169228,1.4,1.24750313578363,2.5,2.07559651870267,85.5,14.0346788518544,,
53033001900,1667272,0,Census Tract 19,Washington,King County,4950,388,389,148,17,14,40,46,23,38,245,102,46,38,11,19,7,12,4561,353,283,87,177,69,199,68,3033,213,523,225,192,104,154,87,7.9,2.92575751985787,80,61,10.8,7.98031451479561,739,144,202,141,187,93,106,71,92,75,75,59,95,67,4193,319,4.1,2.83046807053171,3.8,1.85530557590071,2.1,1.42448822615911,1.9,1.50813147640256,1.5,1.18598761245931,1.9,1.34514968552549,84.7,9.2528925222512,,
53033002000,1103313,28680,Census Tract 20,Washington,King County,4180,558,619,458,0,13,0,13,0,13,462,397,43,99,114,263,0,13,3561,418,288,107,243,101,222,91,2128,342,513,77,55,40,112,168,14.8,10.7771320764012,0,23,0,3.05444887118194,753,174,171,135,448,459,51,36,68,63,88,82,21,23,3333,413,4.1,3.18315937663176,10.7,10.8872543277531,1.2,0.845702852434346,1.6,1.49144956924489,2.1,1.94148732452305,0.5,0.546136793590361,79.7,14.5231885014734,,
53033002100,1365468,0,Census Tract 21,Washington,King County,4570,535,217,119,22,36,0,13,0,13,172,97,21,26,2,7,0,13,4353,538,367,136,194,64,259,159,2760,390,501,130,142,75,130,139,4.7,2.54391317549524,22,40,2.6,4.69992379842439,842,223,92,64,125,96,53,61,83,95,68,45,84,64,4065,524,2,1.38046512826694,2.7,2.0761080774012,1.2,1.32786937418919,1.8,2.0678727257864,1.5,0.969152671767904,1.8,1.3838075752962,88.9,4.79973604140799,,
53033002200,2804076,1154953,Census Tract 22,Washington,King County,5889,635,398,226,0,18,28,44,28,43,120,89,131,108,85,75,6,7,5491,704,464,147,479,157,280,119,2899,439,883,281,377,144,109,73,6.8,3.76783705209457,56,64,4.4,4.92778241576131,1279,254,186,158,212,163,16,21,16,22,178,213,26,29,5255,698,3.2,2.66126514919412,3.6,2.74051783692849,0.3,0.355391598306744,0.3,0.372427376356127,3,3.60219866029522,0.4,0.490137005290066,89.2,6.92114567709858,,
53033002400,962528,0,Census Tract 24,Washington,King County,3172,384,124,68,13,14,12,14,17,27,82,48,0,13,0,13,0,13,3048,383,194,51,212,74,191,69,1719,331,580,203,108,62,44,36,3.9,2.09086979269401,42,33,6.6,5.01966153689775,639,118,56,46,68,62,11,14,28,24,65,58,30,34,2914,393,1.8,1.43435376441129,2.1,1.93729720504473,0.3,0.439360783955301,0.9,0.749036051987356,2,1.81159324689689,0.9,1.06574639698413,91.9,5.46086070032042,,
53033002500,984334,0,Census Tract 25,Washington,King County,3466,467,158,90,0,13,0,13,0,13,117,71,13,15,15,17,13,15,3308,442,146,68,361,189,162,81,2114,290,435,121,75,37,15,15,4.6,2.52296531606469,0,23,0,3.43796711509716,669,218,54,34,104,82,41,33,10,15,72,46,96,63,3089,428,1.6,0.95823379650858,3,2.33103978033983,1.2,0.938670888260083,0.3,0.431026067691465,2.1,1.29732882392183,2.8,1.77893407179002,89.1,2.87914051901766,,
53033002600,1216627,28175,Census Tract 26,Washington,King County,5219,678,351,148,0,18,0,18,47,74,237,121,66,46,0,18,1,3,4868,670,311,108,335,101,372,122,3233,607,496,146,85,57,36,46,6.7,2.69784482179668,47,78,4.4,7.27354024602311,1065,207,152,112,199,125,69,66,54,47,167,93,68,55,4510,623,2.9,2.11238855240584,3.8,2.34331222996412,1.3,1.25289248417347,1,0.890467862786345,3.2,1.73278621125721,1.3,1.04015968587843,86.4,4.05816535194285,,
53033002700,1584847,0,Census Tract 27,Washington,King County,5965,748,272,148,11,18,7,13,0,18,173,123,66,73,0,18,15,23,5693,745,684,228,384,155,159,72,3385,478,966,255,95,66,20,33,4.6,2.41435129237703,18,29,1.4,2.30551790369096,1245,286,193,116,79,85,284,417,20,32,246,152,0,18,5143,571,3.2,1.90188123498912,1.3,1.41526814519521,4.8,6.9652386261414,0.3,0.534812560872392,4.1,2.49516911197678,0,0.30176026823135,86.2,14.4404805133845,,
53033002800,988287,0,Census Tract 28,Washington,King County,4695,540,193,122,0,13,0,13,0,13,159,117,21,34,0,13,13,21,4502,557,210,89,236,79,250,134,3218,455,419,118,147,147,22,34,4.1,2.5551334555418,0,23,0,3.30459770114942,696,181,74,60,119,111,50,50,21,33,52,49,47,44,4332,542,1.6,1.26503224178899,2.5,2.34617536581669,1.1,1.05789525259767,0.4,0.700990196058862,1.1,1.03585999765927,1,0.930067467277978,92.3,4.54387203149278,,
53033002900,986209,0,Census Tract 29,Washington,King County,4732,543,277,209,49,77,0,13,0,13,203,140,15,24,0,13,10,16,4455,577,294,94,382,135,253,104,2727,357,736,245,54,48,9,15,5.9,4.36535852974764,49,79,5,8.00574882695757,978,210,142,96,135,140,9,15,47,46,24,33,54,87,4321,575,3,1.99930283119896,2.9,2.94041174144398,0.2,0.316238481716561,1,0.96540020712982,0.5,0.694946767275887,1.1,1.83387672865084,91.3,6.15285707760164,,
53033003000,1493249,0,Census Tract 30,Washington,King County,6335,609,176,130,26,44,17,28,0,18,133,89,0,18,0,18,0,18,6159,611,287,121,620,167,420,148,3986,508,707,161,102,90,37,41,2.8,2.03463744906225,43,55,3.1,3.97016208180331,1370,260,96,82,80,94,15,24,15,23,466,314,51,74,5612,543,1.5,1.28617236171104,1.3,1.47884559309941,0.2,0.378163242534975,0.2,0.362348107663405,7.4,4.90588734170948,0.8,1.16554709833917,88.6,0.972165911987848,,
53033003100,2236733,472744,Census Tract 31,Washington,King County,6851,814,232,119,5,9,5,10,20,34,76,92,71,62,55,84,0,18,6619,810,601,150,485,187,525,216,3547,541,1191,353,214,116,56,65,3.4,1.68973025055207,30,37,1.8,2.22546241855057,1641,325,72,52,160,98,20,34,0,18,42,66,0,18,6557,800,1.1,0.74867169249905,2.3,1.40327650666676,0.3,0.49506433310321,0,0.262735367099693,0.6,0.960605398012581,0,0.262735367099693,95.7,2.65367132812067,,
53033003400,787161,0,Census Tract 34,Washington,King County,3643,421,40,27,0,13,0,13,6,9,11,17,14,16,0,13,9,14,3603,421,349,166,217,73,203,144,2162,274,575,125,51,40,46,39,1.1,0.730204544039489,6,20,0.8,2.57021738513675,775,232,6,9,34,25,32,29,30,28,107,62,37,35,3397,423,0.2,0.246314853871935,0.9,0.677718921849456,0.9,0.789548386007484,0.8,0.762682846333042,2.9,1.66770262302302,1,0.953550131440939,93.2,4.32428151275787,,
53033003500,1284745,0,Census Tract 35,Washington,King County,4197,333,234,127,21,29,0,13,8,14,124,90,72,48,9,14,0,13,3963,355,194,76,294,82,197,80,2350,225,663,134,151,59,114,121,5.6,2.99346154631511,29,35,4.1,4.83494783326861,714,142,181,118,53,45,93,53,108,119,80,47,141,152,3541,302,4.3,2.79063264430333,1.3,1.06750270524198,2.2,1.25050828344804,2.6,2.82799810865021,1.9,1.1095882129871,3.4,3.61181192147061,84.4,2.63930070786485,,
53033003800,624606,0,Census Tract 38,Washington,King County,2464,314,158,78,0,13,0,13,0,13,136,77,20,16,2,6,0,13,2306,303,118,44,240,57,150,98,1510,258,235,61,35,26,18,15,6.4,3.05829685851007,0,23,0,4.52755905511811,508,124,81,59,77,42,79,70,1,2,22,22,33,28,2171,332,3.3,2.35754983870312,3.1,1.65737274852665,3.2,2.8113747897524,0,0.0810038939498538,0.9,0.885577603322202,1.3,1.1234738071927,88.1,7.44836261024585,,
53033003900,973808,0,Census Tract 39,Washington,King County,3137,460,144,86,10,18,29,32,0,13,97,53,8,12,0,13,0,13,2993,434,155,57,253,76,396,181,1626,274,412,84,57,37,94,46,4.6,2.65755240709964,39,39,4.6,4.48329873835915,843,208,72,58,72,56,122,93,21,18,52,40,50,56,2748,434,2.3,1.81800990971719,2.3,1.75313171820109,3.9,2.90924857707467,0.7,0.565337576895662,1.7,1.25172119897651,1.6,1.76977881427903,87.6,5.13819452490604,,
53033004000,2574586,3232248,Census Tract 40,Washington,King County,3179,388,429,154,32,48,0,13,33,49,325,120,39,44,0,13,0,13,2750,377,56,46,270,113,330,156,1526,238,422,103,95,43,51,37,13.5,4.55569572596803,65,70,9,9.34691125975113,721,210,277,144,152,81,41,35,0,13,8,13,50,54,2651,381,8.7,4.40311538732837,4.8,2.48024203240433,1.3,1.0896642233446,0,0.408933626926707,0.3,0.407778546340419,1.6,1.68776555597419,83.4,6.328281234336,,
53033004301,979236,0,Census Tract 43.01,Washington,King County,3533,410,792,243,46,52,0,13,17,28,689,235,40,37,0,13,0,13,2741,320,433,166,176,67,110,53,1453,179,429,91,97,53,43,29,22.4,6.36704385081262,63,60,8.1,7.40216705417435,782,196,535,185,257,118,40,61,169,151,52,42,45,38,2435,281,15.1,4.93265870562624,7.3,3.23149527883508,1.1,1.721571561667,4.8,4.23778494730953,1.5,1.17645685075281,1.3,1.06536815747806,68.9,11.2796992414616,,
53033004302,331137,0,Census Tract 43.02,Washington,King County,3560,764,1628,473,0,13,43,66,0,13,1531,430,11,18,34,31,9,14,1932,495,22,26,26,28,54,36,1605,482,94,59,54,34,77,39,45.7,8.95634835463296,43,69,29.7,44.216385694353,145,86,1199,462,429,172,327,232,118,60,407,264,8,14,1072,219,33.7,10.7783856945948,12.1,4.08104576683366,9.2,6.2115673700639,3.3,1.52792348489518,11.4,6.99809594039693,0.2,0.390290175034245,30.1,8.9221495753145,,
53033004500,670997,0,Census Tract 45,Washington,King County,3474,662,603,296,25,31,7,12,20,31,537,292,4,9,8,14,2,4,2871,595,156,83,131,77,183,120,2142,573,219,74,40,25,0,13,17.4,7.85222914287872,52,45,10,7.97916613907777,522,171,401,237,202,122,111,93,114,114,191,101,160,173,2295,563,11.5,6.45778031828697,5.8,3.33242143474444,3.2,2.60686958774319,3.3,3.22138881424092,5.5,2.711975475361,4.6,4.90190272673418,66.1,10.2059917618882,,
53033004600,1552358,1033232,Census Tract 46,Washington,King County,3455,490,300,168,0,13,8,14,7,12,258,167,27,27,0,13,0,13,3155,373,191,90,249,100,112,48,1921,306,568,136,90,49,24,23,8.7,4.70399638661242,15,23,2.6,3.99962231127629,567,145,174,103,126,122,29,26,62,66,81,51,24,30,2959,347,5,2.89436062026919,3.6,3.4930298826681,0.8,0.743057470562585,1.8,1.89324563388893,2.3,1.43818705542484,0.7,0.862699890384349,85.6,15.7608195488831,,
53033004800,1278329,26886,Census Tract 48,Washington,King County,5039,605,203,105,0,18,0,18,0,18,141,74,62,73,0,18,0,18,4836,604,268,129,285,105,222,150,3494,574,469,154,83,53,15,25,4,2.02683234660689,0,31,0,4,775,226,155,96,48,49,161,120,15,24,121,79,64,38,4475,617,3.1,1.8690007002619,1,0.965666093652049,3.2,2.35032467619159,0.3,0.474942114439757,2.4,1.54103452034567,1.3,0.7385391076719,88.8,6.01983051026378,,
53033005000,757380,0,Census Tract 50,Washington,King County,4357,544,257,167,0,13,0,13,0,13,223,166,34,28,0,13,0,13,4100,528,156,70,203,94,194,121,3209,480,176,113,55,43,107,44,5.9,3.76149252123643,0,23,0,4.15913200723327,553,170,63,53,194,160,51,51,79,120,155,106,32,36,3783,535,1.4,1.2029616417317,4.5,3.62992638928854,1.2,1.16137055296631,1.8,2.74486871388123,3.6,2.39197564174754,0.7,0.82115218165251,86.8,5.76660988174432,,
53033005100,881731,0,Census Tract 51,Washington,King County,3831,439,290,146,26,24,44,59,24,36,124,63,60,35,12,19,0,13,3541,439,279,107,185,68,200,90,2332,296,434,113,105,65,6,10,7.6,3.71098241639643,94,73,12.4,9.21033217232072,758,172,140,81,150,120,28,25,36,32,66,82,26,25,3385,419,3.7,2.07244563094077,3.9,3.10004095388324,0.7,0.647174307017102,0.9,0.828321037260013,1.7,2.13130977145835,0.7,0.64792041666182,88.4,4.13552154370663,,
53033005600,3022785,1546484,Census Tract 56,Washington,King County,7076,744,151,116,0,18,0,18,0,18,42,43,91,107,18,28,0,18,6925,740,535,206,840,196,387,124,3466,421,1095,291,483,147,119,97,2.1,1.62391672304343,0,31,0,1.75936435868331,1762,312,137,117,14,16,19,30,54,61,48,51,0,18,6804,741,1.9,1.64089705546469,0.2,0.225157468068271,0.3,0.423027276551927,0.8,0.8583265345694,0.7,0.717208395665764,0,0.254381006218202,96.2,2.72876350735011,,
53033005700,5085640,2365806,Census Tract 57,Washington,King County,6597,723,250,155,0,18,14,21,28,43,126,91,26,31,56,68,0,18,6347,714,695,216,479,126,312,180,3616,549,1034,250,145,82,66,105,3.8,2.31255395715779,42,51,2.7,3.29016930725148,1528,312,90,79,160,140,168,175,127,140,107,97,108,150,5837,717,1.4,1.18814341732092,2.4,2.10546459074114,2.5,2.63799799411485,1.9,2.11166285044971,1.6,1.45958085339407,1.6,2.2666708854463,88.5,4.90868378713378,,
53033005801,1822365,260223,Census Tract 58.01,Washington,King County,6273,762,377,160,0,18,0,18,0,18,307,144,68,61,0,18,2,4,5896,771,310,145,264,142,141,80,4397,637,629,285,82,66,73,65,6,2.44390554026487,0,31,0,4.33566433566434,715,220,214,93,163,110,152,139,40,37,135,77,19,29,5550,787,3.4,1.42345049176762,2.6,1.72490530237826,2.4,2.19620959747504,0.6,0.584721356105911,2.2,1.19932229441685,0.3,0.460832340063489,88.5,6.47259504417301,,
53033006000,1340653,160754,Census Tract 60,Washington,King County,5964,694,463,263,0,18,64,98,0,18,367,239,32,51,0,18,0,18,5501,665,294,145,167,74,157,67,4064,635,626,143,118,79,75,50,7.8,4.31627045696299,64,101,9.4,14.543579518083,682,203,312,210,151,105,72,63,125,93,74,65,93,125,5137,705,5.2,3.46810573764157,2.5,1.73573699104931,1.2,1.04695520416518,2.1,1.54016530574525,1.2,1.08026653142991,1.6,2.08803927019335,86.1,6.26702367130667,,
53033006100,1227451,652743,Census Tract 61,Washington,King County,5658,673,616,288,35,56,35,58,35,38,440,182,70,83,1,2,0,18,5042,669,150,74,261,148,92,77,3696,504,574,163,211,102,58,75,10.9,4.92264943626062,105,89,17.3,13.4546783123616,608,203,247,153,369,247,16,26,11,17,84,82,100,65,4831,656,4.4,2.65381189409783,6.5,4.29602386211189,0.3,0.458293624664863,0.2,0.299568291112907,1.5,1.43847652367684,1.8,1.12941679376349,85.4,5.59281067954334,,
53033006200,2437426,239356,Census Tract 62,Washington,King County,4203,478,150,109,0,13,0,13,0,13,96,71,54,82,0,13,0,13,4053,459,281,73,224,65,190,110,2349,406,818,128,157,68,34,41,3.6,2.56142706868615,0,23,0,3.30935251798561,695,149,16,19,134,105,50,46,103,104,49,45,24,37,3827,434,0.4,0.449980112422493,3.2,2.471762656996,1.2,1.08606176898845,2.5,2.45867693984418,1.2,1.06242239271923,0.6,0.877924963919231,91.1,14.6239548709836,,
53033006300,2610569,3533560,Census Tract 63,Washington,King County,5705,738,200,156,0,18,0,18,33,54,153,138,14,24,0,18,0,18,5505,741,337,231,350,144,620,358,2871,428,939,196,266,108,122,86,3.5,2.69657578375073,33,60,2.5,4.39918521232694,1340,454,33,54,167,140,95,109,28,45,29,33,43,50,5310,766,0.6,0.943575817739224,2.9,2.42459571692708,1.7,1.89842260212428,0.5,0.786222451092074,0.5,0.574690167543341,0.8,0.870983765513777,93.1,5.94214714863674,,
53033006400,903649,0,Census Tract 64,Washington,King County,3626,479,210,111,0,13,0,13,8,11,147,80,55,80,0,13,0,13,3416,466,238,116,184,67,286,92,1986,371,555,235,146,61,21,24,5.8,2.96407971658324,8,21,1.1,2.92177403022723,716,164,76,53,134,105,35,25,2,6,106,117,114,172,3159,412,2.1,1.43520156941638,3.7,2.85430550756004,1,0.677571305417283,0.1,0.165311093299749,2.9,3.20350360879323,3.1,4.72530216528306,87.1,16.1726903519602,,
53033006500,1147619,0,Census Tract 65,Washington,King County,4815,649,330,137,0,13,0,13,0,13,294,133,18,19,18,25,0,13,4485,645,169,66,141,84,100,84,3382,600,494,165,172,82,27,42,6.9,2.69113938746186,0,23,0,5.60975609756098,410,138,224,121,106,67,14,24,85,82,123,100,63,71,4200,635,4.7,2.43349169479658,2.2,1.35947896761901,0.3,0.496899288750648,1.8,1.68630706812972,2.6,2.04810257340702,1.3,1.4639745516388,87.2,5.97427648798646,,
53033006600,1117109,831139,Census Tract 66,Washington,King County,4334,493,316,152,0,13,0,13,17,27,299,148,0,13,0,13,0,13,4018,508,62,69,35,28,128,77,3402,491,346,194,45,42,0,13,7.3,3.40767382061865,17,33,7,13.2431293735771,242,112,147,84,169,132,16,26,51,39,46,56,40,37,3865,511,3.4,1.89937330926864,3.9,3.01321261013188,0.4,0.598436082897754,1.2,0.88985014429516,1.1,1.28645594758912,0.9,0.847234936891983,89.2,6.00920713084155,,
53033006800,718106,0,Census Tract 68,Washington,King County,3307,374,104,63,0,13,0,13,0,13,78,55,18,28,0,13,8,13,3203,383,181,86,326,96,167,69,1960,272,442,177,96,41,31,23,3.1,1.87155554922348,0,23,0,3.41246290801187,674,148,51,48,53,41,9,13,22,32,8,12,24,22,3140,387,1.5,1.44094972889316,1.6,1.22647395806212,0.3,0.391898777897774,0.7,0.964715090602824,0.2,0.361833818851343,0.7,0.660173074940788,95,4.65162907004992,,
53033006900,905121,0,Census Tract 69,Washington,King County,4859,670,124,89,0,13,0,13,0,13,104,80,20,33,0,13,0,13,4735,674,336,232,371,178,212,95,3079,453,523,187,153,63,61,46,2.6,1.79753361658222,0,23,0,2.50272034820457,919,308,101,82,23,27,0,13,117,123,90,66,107,119,4421,671,2.1,1.66307265981042,0.5,0.551823294544162,0,0.267544762296769,2.4,2.50951622910557,1.9,1.33407656905866,2.2,2.43016723131834,91,5.7706891530169,,
53033007600,571882,0,Census Tract 76,Washington,King County,4670,657,541,279,0,13,0,13,0,13,473,279,35,43,18,29,15,35,4129,707,218,126,132,105,217,317,3039,410,421,140,33,28,69,80,11.6,5.74770629087658,0,23,0,4.05643738977072,567,358,139,77,402,269,20,23,119,119,111,79,119,179,3760,694,3,1.59476333891797,8.6,5.63142621159786,0.4,0.488806080605566,2.5,2.52283663273053,2.4,1.65826969860843,2.5,3.81617510719665,80.5,9.61977987763626,,
53033007700,1058322,0,Census Tract 77,Washington,King County,5731,650,396,181,0,18,0,18,0,18,357,183,39,55,0,18,0,18,5335,628,279,126,148,90,401,183,3643,526,735,209,107,81,22,35,6.9,3.05948356702166,0,31,0,3.743961352657,828,242,185,96,211,156,3,12,20,33,325,217,27,46,4960,619,3.2,1.63459987872939,3.7,2.68981817192124,0.1,0.209303352689,0.3,0.574453775488339,5.7,3.73139720962519,0.5,0.800871679929848,86.5,4.50620588524868,,
53033007800,2097740,3632914,Census Tract 78,Washington,King County,5888,627,289,146,0,18,0,18,0,18,221,125,52,59,16,27,0,18,5599,630,233,147,355,147,436,168,3268,491,964,250,276,104,67,68,4.9,2.42390727587474,0,31,0,3.02734375,1024,269,134,94,155,120,93,105,17,27,125,92,71,78,5293,647,2.3,1.57796587720047,2.6,2.01867244996955,1.6,1.77533840514053,0.3,0.457527913362476,2.1,1.54605913098053,1.2,1.31849023013813,89.9,5.3953435653397,,
53033008002,234314,0,Census Tract 80.02,Washington,King County,4018,533,679,224,0,13,0,13,0,13,409,130,252,194,18,28,0,13,3339,496,10,15,10,15,68,46,2645,487,453,175,153,66,0,13,16.9,5.10435534645967,0,23,0,26.1363636363636,88,55,192,86,487,203,195,146,45,34,61,63,34,55,3004,461,4.8,2.04435074477494,12.1,4.78960414744691,4.9,3.57616285750062,1.1,0.833048155987762,1.5,1.55495703372185,0.8,1.36422999813915,74.8,5.76880539194581,,
53033008200,375785,0,Census Tract 82,Washington,King County,4223,485,346,153,0,13,0,13,0,13,266,134,21,30,45,69,14,23,3877,499,159,83,0,13,0,13,3108,468,196,102,225,115,189,80,8.2,3.49868928369559,0,23,0,14.4654088050314,159,88,264,142,82,58,33,35,80,66,89,95,71,91,3604,488,6.3,3.28499478575227,1.9,1.35520564018115,0.8,0.823921332369859,1.9,1.54765241070916,2.1,2.23652662945918,1.7,2.14619778888079,85.3,6.12127014811328,,
53033008300,237955,0,Census Tract 83,Washington,King County,3292,483,400,222,0,13,0,13,0,13,176,173,57,43,167,83,0,13,2892,447,60,68,24,26,59,27,2516,398,174,99,46,39,13,20,12.2,6.50371192685919,0,23,0,16.0839160839161,143,81,253,142,147,127,52,53,158,109,119,91,14,22,2549,401,7.7,4.16349994745335,4.5,3.80179933107563,1.6,1.59319547551693,4.8,3.23530952072845,3.6,2.71292112578543,0.4,0.665367529478964,77.4,4.39510807462752,,
53033008500,450978,0,Census Tract 85,Washington,King County,2863,321,503,172,0,13,0,13,0,13,301,140,158,87,29,36,15,20,2360,315,26,42,36,51,77,43,1566,281,223,92,228,84,204,92,17.6,5.67556267334514,0,23,0,16.5467625899281,139,82,266,125,237,98,105,91,0,13,62,52,87,108,2106,315,9.3,4.23995797908948,8.3,3.29475023475479,3.7,3.15177361610963,0,0.454069158225637,2.2,1.79997430996971,3,3.75684916723531,73.6,7.28237922910174,,
53033008600,711350,0,Census Tract 86,Washington,King County,5382,712,1252,381,0,18,0,18,0,18,1198,372,14,25,40,65,0,18,4130,698,25,39,67,47,149,137,3714,606,116,105,59,71,0,18,23.3,6.37522127084194,0,31,0,12.8630705394191,241,153,851,296,401,223,84,67,239,214,115,98,53,87,3639,695,15.8,5.08648095230146,7.5,4.02449182585359,1.6,1.22764785405183,4.4,3.93257843348317,2.1,1.79880900300415,1,1.61124122784641,67.6,9.31371880908125,,
53033008700,732385,0,Census Tract 87,Washington,King County,4571,645,794,313,0,13,84,99,98,84,477,173,116,77,0,13,19,44,3777,616,114,73,82,71,161,75,3047,596,270,76,72,35,31,27,17.4,6.39380069324734,182,130,33.8,21.2536442042414,539,182,333,150,461,278,95,87,111,79,104,53,137,97,3330,568,7.3,3.11639103456965,10.1,5.91297700499145,2.1,1.8805742074704,2.4,1.69397812272909,2.3,1.11415004867306,3,2.07950398311688,72.9,6.98117648047517,,
53033008800,948581,0,Census Tract 88,Washington,King County,4276,629,442,381,113,154,93,155,0,13,156,107,80,69,0,13,0,13,3834,385,270,104,248,92,123,59,2756,324,365,141,62,50,10,16,10.3,8.77949669915307,206,219,24.3,24.7020464388227,847,266,394,399,48,45,72,51,24,34,105,67,20,37,3613,380,9.2,9.23218439639441,1.1,1.03934995050433,1.7,1.16670108204955,0.6,0.790837534500842,2.5,1.524681236422,0.5,0.862554958180112,84.5,15.279412069023,,
53033008900,1270033,1798066,Census Tract 89,Washington,King County,5916,854,480,285,93,129,0,18,83,86,236,151,2,3,66,100,0,18,5436,814,231,122,350,293,318,180,3614,531,818,361,68,58,37,38,8.1,4.67289903238893,176,156,16.4,13.1920499136018,1075,397,295,181,185,193,41,47,0,18,304,361,14,22,5077,743,5,2.97361702170911,3.1,3.23095737045876,0.7,0.788131549263476,0,0.304259634888438,5.1,6.05684225869022,0.2,0.370300520659654,85.8,2.06511275943789,,
53033009000,855872,0,Census Tract 90,Washington,King County,3725,404,711,154,59,34,28,20,12,19,274,106,202,95,113,56,23,35,3014,449,221,122,83,64,83,44,2155,364,221,80,161,104,90,84,19.1,3.57860152182025,99,44,20.4,6.47369697075841,486,151,276,136,435,133,362,270,135,123,73,74,99,103,2345,358,7.4,3.56147204099771,11.7,3.33828357609145,9.7,7.17128122984203,3.6,3.27853531737839,2,1.97517426015546,2.7,2.7500355799467,63,6.76383010787308,,
53033009100,410621,0,Census Tract 91,Washington,King County,2676,343,635,282,0,13,0,13,28,44,142,78,174,150,124,120,167,166,2041,301,33,29,40,34,66,57,1373,243,395,171,12,18,122,82,23.7,10.089640553055,28,48,16.8,27.3831785179157,167,87,123,75,512,260,351,169,184,147,92,69,12,18,1402,253,4.6,2.74006842488082,19.1,9.40139663415432,13.1,6.08750106299349,6.9,5.42211282204839,3.4,2.54054096017383,0.4,0.670185458001287,52.4,6.65504863945476,,
53033009200,338451,154864,Census Tract 92,Washington,King County,2725,450,964,275,8,13,0,13,8,12,652,265,177,106,88,48,31,41,1761,339,30,30,19,23,24,22,1354,283,287,198,30,30,17,27,35.4,8.22891875538082,16,22,18,22.6510198358095,89,49,304,174,660,215,292,156,24,22,52,38,18,21,1375,319,11.2,6.11378523255509,24.2,6.80098122072287,10.7,5.444419043237,0.9,0.794130671445985,1.9,1.35842323943936,0.7,0.762883071024518,50.5,8.22238174345959,,
53033009300,9444110,639051,Census Tract 93,Washington,King County,2846,381,398,134,0,13,0,13,0,13,277,112,91,85,30,31,0,13,2448,327,86,59,39,22,14,17,1781,275,418,149,90,63,20,29,14,4.32015872347749,0,23,0,16.5467625899281,139,69,212,100,186,94,38,37,90,64,58,59,33,49,2229,278,7.4,3.36922303534567,6.5,3.1848924972752,1.3,1.28772366005957,3.2,2.20856146638499,2,2.05505435590899,1.2,1.71470284203599,78.3,14.3300141348666,,
53033009400,1686311,0,Census Tract 94,Washington,King County,6577,785,454,206,35,47,10,22,0,18,159,138,180,149,59,62,11,18,6123,780,266,142,68,57,266,166,4225,531,896,359,279,231,123,75,6.9,3.02182455498324,45,55,7,8.14951311357335,645,232,82,102,372,178,242,164,230,135,178,183,74,75,5399,793,1.2,1.54370328358701,5.7,2.62085298552567,3.7,2.45456001319174,3.5,2.00972227361197,2.7,2.76360940845578,1.1,1.13240263738728,82.1,7.02701919920894,,
53033009500,2597717,2916270,Census Tract 95,Washington,King County,6908,851,457,282,0,18,47,57,7,14,303,166,25,32,0,18,75,102,6451,884,451,179,582,255,391,220,3913,502,944,368,114,70,56,55,6.6,4.00004678299589,54,61,3.7,4.01538335900375,1478,386,26,40,431,281,192,149,114,96,226,196,35,55,5884,818,0.4,0.577179464743362,6.2,3.99447358305388,2.8,2.12956994363854,1.7,1.37474270309274,3.3,2.80852006199991,0.5,0.793728071756056,85.2,5.48775290028702,,
53033009600,1906922,1385222,Census Tract 96,Washington,King County,5527,835,135,83,0,18,0,18,0,18,93,73,28,32,14,23,0,18,5392,832,249,117,206,112,287,195,3229,754,1118,241,213,93,90,90,2.4,1.45567478683584,0,31,0,4.17789757412399,742,255,105,66,30,48,93,89,115,93,10,21,18,28,5156,821,1.9,1.15913354656117,0.5,0.864583767174683,1.7,1.59008470144455,2.1,1.65302594890669,0.2,0.378968452386247,0.3,0.504209033743215,93.3,4.69292585919551,,
53033009701,1861358,1607123,Census Tract 97.01,Washington,King County,6138,935,134,87,0,18,0,18,20,31,105,64,0,18,0,18,9,15,6004,924,337,162,371,156,275,132,3435,549,1225,387,273,139,88,69,2.2,1.3778351882568,20,40,2,3.95334880141552,1003,264,44,41,90,75,201,229,100,126,102,84,20,33,5581,932,0.7,0.658984049031874,1.5,1.20130855386986,3.3,3.69735861549297,1.6,2.03772894944914,1.7,1.34490845588347,0.3,0.535338328741237,90.9,6.22226764905694,,
53033009702,2220441,0,Census Tract 97.02,Washington,King County,5665,620,134,147,0,18,0,18,0,18,119,145,15,24,0,18,0,18,5531,550,372,115,571,166,390,136,3060,439,919,184,177,90,42,57,2.4,2.58193499634542,0,31,0,2.32558139534884,1333,245,119,145,15,21,0,18,46,72,0,18,196,211,5289,538,2.1,2.54923068731216,0.3,0.369562822920828,0,0.317740511915269,0.8,1.2678512725373,0,0.317740511915269,3.5,3.70532699803619,93.4,13.9498607060171,,
53033009900,6565170,2370735,Census Tract 99,Washington,King County,5642,746,405,201,14,27,36,52,0,18,345,180,0,18,0,18,10,16,5237,696,343,163,232,120,32,37,3912,567,579,194,110,65,29,38,7.2,3.43380602625811,50,61,7.6,8.94438158617907,657,215,306,192,99,78,214,247,22,26,460,269,0,18,4541,631,5.4,3.32663089255548,1.8,1.36288131142822,3.8,4.34905905980359,0.4,0.45793624350875,8.2,4.64433982426513,0,0.319035802906771,80.5,3.43928907373399,,
53033010001,2327512,0,Census Tract 100.01,Washington,King County,3954,508,973,313,46,44,92,67,127,81,517,253,118,73,66,56,7,10,2981,460,104,80,236,119,182,95,1881,301,427,167,95,54,56,60,24.6,7.2572760952463,265,114,33.7,11.4953566804315,787,206,318,230,655,243,252,229,154,111,283,270,82,58,2210,396,8,5.72438591621193,16.6,5.76538704976587,6.4,5.73342799272052,3.9,2.76232675736014,7.2,6.76632970806426,2.1,1.44246760720832,55.9,6.9812247230809,,
53033010002,948077,0,Census Tract 100.02,Washington,King County,4919,518,422,201,0,13,28,41,37,44,264,154,49,37,30,24,14,14,4497,517,197,80,239,102,216,117,3034,477,373,94,366,216,72,42,8.6,3.98507684210983,65,62,9.1,8.32476468742949,717,185,146,89,276,158,145,119,138,100,192,105,45,44,3977,453,3,1.78210940686036,5.6,3.15722221437731,2.9,2.39919287946349,2.8,2.01135267433179,3.9,2.09463218541614,0.9,0.889287960348053,80.8,3.51021525487006,,
53033010200,2795533,2076618,Census Tract 102,Washington,King County,5067,508,174,100,0,18,0,18,0,18,90,64,69,55,0,18,15,24,4893,505,388,211,278,84,310,101,2939,320,673,146,211,74,94,56,3.4,1.94329320720339,0,31,0,3.17622950819672,976,250,148,97,26,24,90,85,15,17,0,18,34,46,4754,508,2.9,1.89181782480602,0.5,0.470851058681777,1.8,1.66804271836874,0.3,0.334188926072072,0,0.355239786856128,0.7,0.905339024825704,93.8,3.46906093170272,,
53033010401,1629874,0,Census Tract 104.01,Washington,King County,4504,549,420,204,28,35,0,13,46,77,169,100,154,84,23,33,0,13,4084,548,273,133,293,125,297,167,2461,411,545,116,176,69,39,27,9.3,4.38436568410333,74,86,7.9,8.90861284102507,937,262,210,153,210,120,130,119,26,30,184,267,43,44,3701,618,4.7,3.34910223138687,4.7,2.60297819241041,2.9,2.61856724513702,0.6,0.662347580219496,4.1,5.90711259049257,1,0.969953524020842,82.2,9.37812222642343,,
53033010402,1742875,0,Census Tract 104.02,Washington,King County,4802,710,308,211,46,64,72,71,0,13,128,87,23,30,39,46,0,13,4494,771,297,113,271,116,253,94,2568,361,914,413,178,76,13,16,6.4,4.29044360984911,118,96,12.6,9.8259369484068,939,211,46,39,262,208,111,99,32,34,163,111,3,7,4185,753,1,0.79971611948664,5.5,4.25574490652974,2.3,2.03311464360601,0.7,0.701149269183803,3.4,2.256394709796,0.1,0.145479639479865,87.2,8.93589973535042,,
53033010701,1457384,3664,Census Tract 107.01,Washington,King County,4095,470,558,220,70,54,53,54,30,39,341,141,64,54,0,13,0,13,3537,510,350,108,114,72,213,96,2421,354,356,172,74,59,9,14,13.6,5.13972609538165,153,86,18.4,9.53105346827095,830,183,349,198,209,162,99,81,63,53,174,165,53,70,3148,497,8.5,4.7351871598972,5.1,3.91243437539245,2.4,1.95846319355703,1.5,1.28215965036068,4.2,3.99968178923984,1.3,1.70293505061502,76.9,8.33380943555477,,
53033010702,780116,0,Census Tract 107.02,Washington,King County,4806,507,959,416,205,138,159,121,68,109,425,185,102,61,0,13,0,13,3847,584,328,132,429,170,232,100,2499,408,284,117,75,49,0,13,20,8.39598227417336,432,213,30.4,13.345648053408,1421,319,389,328,570,447,710,402,235,273,322,241,102,95,2478,433,8.1,6.77117705223786,11.9,9.21633531166833,14.8,8.21807576382734,4.9,5.65692989388552,6.7,4.96450377486174,2.1,1.96397509634316,51.6,7.18237890485294,,
53033010800,4140525,322633,Census Tract 108,Washington,King County,4853,588,491,210,62,50,42,42,44,45,262,129,58,39,23,29,0,13,4362,554,383,147,267,152,290,152,2790,344,477,140,77,49,78,62,10.1,4.14995431763066,148,79,13.6,6.41541484066733,1088,272,239,169,252,149,31,32,285,197,278,244,25,31,3743,554,4.9,3.4308797719732,5.2,3.0051117835381,0.6,0.654827983702687,5.9,3.99649661358784,5.7,4.97968100989014,0.5,0.635723438606745,77.1,6.55655677939871,,
53033010900,5389781,414929,Census Tract 109,Washington,King County,1206,191,120,101,0,13,0,13,0,13,114,101,6,9,0,13,0,13,1086,156,105,57,23,17,33,32,740,113,164,77,21,23,0,13,10,8.22519246135687,0,23,0,14.2857142857143,161,71,55,48,65,88,48,53,108,104,38,28,69,91,823,133,4.6,3.9140150251628,5.4,7.2467497102354,4,4.34925171045027,9,8.50611973567535,3.2,2.26746105277777,5.7,7.49100113153968,68.2,2.19358008544094,,
53033011001,1080391,0,Census Tract 110.01,Washington,King County,5155,750,1574,504,251,199,125,93,69,68,694,320,227,96,154,99,54,42,3581,881,113,76,279,153,172,97,2323,612,452,143,127,73,115,83,30.5,8.70941903233435,445,230,44.1,18.5837682798185,1009,302,487,381,1087,403,254,202,55,60,138,160,36,40,3098,889,9.4,7.26195559711734,21.1,7.19055070402148,4.9,3.8523950516892,1.1,1.15352112469998,2.7,3.07924895054993,0.7,0.769264934638847,60.1,14.8645475270655,,
53033011002,1719569,0,Census Tract 110.02,Washington,King County,4599,616,749,335,36,55,208,218,20,24,378,197,64,54,43,48,0,13,3850,777,241,168,267,184,448,188,2123,458,445,138,226,92,100,68,16.3,6.94988787447377,264,226,21.6,17.2199826394562,1220,385,112,94,637,328,867,370,213,187,466,370,128,153,2176,486,2.4,2.01772620088075,13.9,6.8864653493722,18.9,7.63869853076082,4.6,4.0185011763872,10.1,7.92992582028081,2.8,3.30585750060692,47.3,8.45632425025948,,
53033011101,1136851,0,Census Tract 111.01,Washington,King County,5259,420,384,200,44,48,0,18,9,16,170,90,139,122,0,18,22,35,4875,465,130,75,323,93,266,120,3250,381,692,227,110,83,104,81,7.3,3.75802979039389,53,54,6.9,6.81335641694417,772,178,225,159,159,124,78,76,164,132,616,364,212,317,3805,490,4.3,3.00401888862437,3,2.34546690669875,1.5,1.44027909095531,3.1,2.49759646786661,11.7,6.85796176688312,4,6.01915830471358,72.4,7.30922981752639,,
53033011102,1303226,1143440,Census Tract 111.02,Washington,King County,5284,849,235,167,0,18,21,33,22,35,123,101,24,24,16,17,29,32,5049,863,485,194,232,92,445,219,2844,534,938,459,85,68,20,21,4.4,3.07864251734335,43,51,3.6,4.13094332843576,1205,311,202,159,33,29,123,100,367,268,81,62,394,389,4084,759,3.8,2.94572639426232,0.6,0.539575347947285,2.3,1.85517969537843,6.9,4.94762165626101,1.5,1.14721142101157,7.5,7.26370749413951,77.3,7.21870452807374,,
53033011200,2483779,139646,Census Tract 112,Washington,King County,3746,491,940,385,69,66,127,95,105,67,529,231,104,72,0,13,6,9,2806,431,175,73,172,123,212,130,1843,308,336,149,40,36,28,26,25.1,9.7371275052735,301,134,35,12.3008404058024,860,235,245,149,695,351,101,83,209,234,157,85,84,75,2255,340,6.5,3.88409816633167,18.6,9.04892644596039,2.7,2.18733171975649,5.6,6.2037092545704,4.2,2.2015847510841,2.2,1.98044429206781,60.2,4.48592848073429,,
53033011300,3419308,42220,Census Tract 113,Washington,King County,6316,721,398,200,0,18,10,18,46,75,177,112,152,95,13,21,0,18,5918,675,462,156,365,150,341,237,3468,460,875,283,228,116,179,167,6.3,3.08377358679289,56,79,4.6,6.33455322501237,1224,331,227,161,171,110,279,214,159,111,568,430,74,77,4838,628,3.6,2.51584787080041,2.7,1.71396632749701,4.4,3.35048630127905,2.5,1.73378668466543,9,6.73026109281144,1.2,1.21176735498964,76.6,4.73322074297281,,
53033011401,1233155,0,Census Tract 114.01,Washington,King County,4936,712,773,183,47,43,11,19,61,72,508,107,126,65,17,15,3,8,4163,715,156,78,162,69,217,91,2984,667,545,154,93,65,6,9,15.7,2.93978066022129,119,86,18.2,12.3430986888775,654,163,419,116,354,152,23,27,228,173,90,68,116,79,3706,740,8.5,2.00588751436749,7.2,2.90044889767332,0.5,0.542856424264203,4.6,3.44094672897691,1.8,1.35229449535742,2.4,1.56417438667529,75.1,10.3665067363185,,
53033011402,1186191,0,Census Tract 114.02,Washington,King County,4318,573,478,311,130,128,47,54,0,13,266,141,26,30,9,13,0,13,3840,618,233,157,270,159,166,112,2564,427,468,152,100,63,39,34,11.1,7.05101218072623,177,140,20.9,14.9607981702775,846,286,86,70,392,311,136,76,98,63,25,22,9,13,3572,632,2,1.59943160547761,9.1,7.10094428993726,3.1,1.70972965910497,2.3,1.42758599034498,0.6,0.503669023813427,0.2,0.29979212077771,82.7,9.68092646452336,,
53033011500,1538373,0,Census Tract 115,Washington,King County,4310,451,280,128,9,15,17,18,13,20,202,111,39,32,0,13,0,13,4030,433,249,86,289,116,174,78,2514,309,705,145,74,44,25,24,6.5,2.89098766036649,39,31,5.2,3.96300997401834,751,167,100,99,180,95,78,104,25,30,176,221,20,27,3731,333,2.3,2.28411685136574,4.2,2.16041959290797,1.8,2.40555056391689,0.6,0.693404267759194,4.1,5.10977491380633,0.5,0.624565420085332,86.6,11.905773938368,,
53033011700,3515808,0,Census Tract 117,Washington,King County,5539,847,770,246,157,94,78,57,64,45,289,110,156,97,17,28,9,13,4769,886,244,197,134,77,244,187,2843,477,935,285,170,93,199,152,13.9,3.89945771625262,299,119,32.5,7.1134204769865,921,306,343,200,427,188,152,163,190,142,379,325,15,17,4033,802,6.2,3.48438294718918,7.7,3.18282729695018,2.7,2.91269712636677,3.4,2.50940461290054,6.8,5.77344085437875,0.3,0.304108095923816,72.8,9.25640795977205,,
53033012000,1437048,0,Census Tract 120,Washington,King County,3317,455,124,114,0,13,10,16,33,39,80,68,0,13,1,3,0,13,3193,450,330,150,94,62,209,132,1822,250,637,181,75,50,26,24,3.7,3.39836961316446,43,44,6.4,6.1895546281867,676,214,70,75,54,69,33,57,10,13,37,45,33,31,3080,466,2.1,2.24247205237508,1.6,2.06817164340984,1,1.71299280983607,0.3,0.389732512614161,1.1,1.34799121762672,1,0.924562008386805,92.9,5.92753850060541,,
53033012100,1739952,1380849,Census Tract 121,Washington,King County,2766,329,42,32,0,13,0,13,0,13,16,17,23,23,3,5,0,13,2724,330,122,44,321,163,156,72,1341,194,599,142,113,50,72,47,1.5,1.14272043590212,0,23,0,3.83973288814691,599,185,42,32,0,13,17,20,21,20,0,13,80,50,2606,335,1.5,1.14272043590212,0,0.46999276934201,0.6,0.719360807530642,0.8,0.717404483214837,0,0.46999276934201,2.9,1.7746273837699,94.2,4.59364162584454,,
53033000101,414848,0,Census Tract 1.01,Washington,King County,3496,563,514,249,13,21,60,45,59,67,352,191,2,5,18,29,10,16,2982,614,298,207,133,139,33,91,2028,427,408,159,39,39,43,35,14.7,6.71735752612231,132,83,22.1,9.33898894871156,596,278,335,216,179,141,480,301,40,46,247,203,30,38,2185,660,9.6,5.98267488981576,5.1,3.94799436840094,13.7,8.32108253129378,1.1,1.30282426131048,7.1,5.69407192156162,0.9,1.07813594149894,62.5,15.9718593611875,,
53033000102,1495019,918878,Census Tract 1.02,Washington,King County,4407,663,738,273,60,84,0,13,0,13,436,203,162,92,80,93,0,13,3669,622,123,81,101,95,168,119,2232,371,688,238,215,120,142,152,16.7,5.65925798397264,60,86,13.3,18.1626830879755,452,193,283,169,455,230,100,71,157,134,63,55,1,2,3348,610,6.4,3.71112388706678,10.3,4.98247816131089,2.3,1.57449120771575,3.6,2.99300966320178,1.4,1.22934440617356,0,0.0452537721484686,76,7.80803997020965,,
53033000201,1806749,0,Census Tract 2.01,Washington,King County,4544,716,533,245,0,13,27,46,88,99,303,134,55,52,49,61,11,25,4011,708,285,151,139,99,246,139,2522,611,448,180,333,232,38,36,11.7,5.06503988573301,115,110,14.6,13.1933462412647,785,253,99,85,434,229,182,117,56,79,237,195,18,29,3518,696,2.2,1.83882718384837,9.6,4.80965480414343,4,2.49627994230932,1.2,1.72767728792787,5.2,4.21194387817827,0.4,0.635144585020251,77.4,9.26209470379577,,
53033000202,1480085,0,Census Tract 2.02,Washington,King County,4499,529,293,185,0,13,0,13,0,13,179,153,82,76,13,20,19,43,4206,581,501,267,273,148,116,67,2450,353,749,197,96,62,21,32,6.5,4.0400945603615,0,23,0,2.58426966292135,890,313,190,176,103,74,63,77,71,58,319,252,17,27,3736,652,4.2,3.88033668940125,2.3,1.6226323914198,1.4,1.70355305854283,1.6,1.27575114984338,7.1,5.53885115486962,0.4,0.598486476155063,83,10.7090763372775,,
53033000403,669384,62871,Census Tract 4.03,Washington,King County,3159,295,544,204,0,13,0,13,0,13,254,138,118,116,119,87,53,66,2615,316,214,87,152,90,60,78,1525,257,491,170,91,76,82,82,17.2,6.25430372132088,0,23,0,5.39906103286385,426,149,221,133,323,150,98,88,91,54,307,240,114,73,2005,312,7,4.15919708168849,10.2,4.65134576640103,3.1,2.77058692024265,2.9,1.68810226181342,9.7,7.54294226078939,3.6,2.28615316066442,63.5,7.90040623133221,,
53033000404,617482,13535,Census Tract 4.04,Washington,King County,3859,552,1016,271,139,81,37,63,215,126,440,162,160,123,0,13,25,41,2843,552,0,13,124,127,86,116,1920,414,487,191,122,67,104,72,26.3,5.92732552015748,391,162,65.1,8.26949132166399,601,237,227,165,789,299,131,68,74,77,283,291,62,44,2293,563,5.9,4.19210900214343,20.4,7.17496315217775,3.4,1.69388892168959,1.9,1.97639195657409,7.3,7.46749406561473,1.6,1.11679076996605,59.4,11.8577100138399,,
53033000601,1431268,0,Census Tract 6.01,Washington,King County,4718,861,378,340,171,232,0,13,0,13,160,118,47,58,0,13,0,13,4340,705,261,76,265,127,89,68,2972,646,534,212,126,73,93,81,8,7.05656222858705,171,233,21.8,28.5825110360913,786,284,324,340,54,51,8,14,11,19,51,47,97,124,4173,708,6.9,7.09663513717664,1.1,1.06059460808264,0.2,0.295118048620933,0.2,0.400459027310729,1.1,0.976457574199989,2.1,2.60131360410725,88.4,22.0392592863115,,
53033000602,2355577,55191,Census Tract 6.02,Washington,King County,3845,353,209,276,91,144,0,13,0,13,106,134,12,20,0,13,0,13,3636,339,290,108,216,107,159,118,2299,287,561,131,56,44,55,49,5.4,7.16078585515267,91,145,12,18.7921315778751,756,241,37,44,172,271,77,89,70,86,124,150,0,13,3365,339,1,1.14092799623664,4.5,7.03613911526899,2,2.30738119166279,1.8,2.23041732245095,3.2,3.88991888215357,0,0.338101430429129,87.5,3.63009529762016,,
53033001201,1008240,0,Census Tract 12.01,Washington,King County,3922,579,949,381,97,129,0,13,0,13,613,281,72,56,12,20,155,178,2973,509,227,143,145,96,111,94,1896,353,331,182,170,100,93,38,24.2,9.0338213023632,97,130,16.7,21.3557996150865,580,236,511,320,438,330,238,162,97,74,92,65,178,121,2368,479,13,7.92913841654699,11.2,8.25096897604084,6.1,4.03222536807392,2.5,1.85112761707898,2.3,1.62073408021331,4.5,3.01152758250262,60.4,8.34936382723294,,
53033001202,821426,0,Census Tract 12.02,Washington,King County,3232,445,421,232,0,13,18,31,0,13,356,214,47,75,0,13,0,13,2811,446,134,100,200,103,167,68,1795,321,429,245,68,57,18,28,13,6.95055380190889,18,36,3.5,6.85035880895247,519,163,269,190,152,110,324,261,147,182,34,56,29,33,2277,479,8.3,5.76593790524552,4.7,3.34129904856132,10,7.9566632588861,4.5,5.59625894873768,1.1,1.72660860679428,0.9,1.01353796155565,70.5,11.2051244115728,,
53033003201,1152079,1354300,Census Tract 32.01,Washington,King County,4429,706,327,234,50,85,0,13,0,13,109,101,168,156,0,13,0,13,4102,636,131,123,186,123,114,158,2698,493,673,299,222,137,78,80,7.4,5.15061026315262,50,87,10.4,17.2547589786867,481,251,77,117,250,204,86,107,10,20,20,34,19,32,3967,636,1.7,2.62710318436887,5.6,4.51726655890427,1.9,2.39598535137317,0.2,0.450132643137528,0.5,0.764285430080123,0.4,0.719267362483914,89.6,1.53511399010381,,
53033003202,956016,0,Census Tract 32.02,Washington,King County,4769,830,210,208,0,13,0,13,66,100,115,113,2,21,27,46,0,13,4559,869,310,165,233,183,411,266,2952,653,401,155,200,235,52,57,4.4,4.29364177318425,66,102,6.5,9.70980660627351,1020,377,160,201,50,61,0,13,22,37,0,13,22,37,4515,872,3.4,4.1740769344014,1,1.26601194282511,0,0.272593835185574,0.5,0.771678606414882,0,0.272593835185574,0.5,0.771678606414882,94.7,7.92697521847637,,
53033003301,669207,0,Census Tract 33.01,Washington,King County,4721,658,375,251,20,32,41,65,40,65,187,120,87,89,0,13,0,13,4346,664,247,134,171,90,233,197,3424,539,211,128,59,64,1,11,7.9,5.20012485778274,101,97,13.4,11.9418951481702,752,273,185,115,190,210,51,50,49,97,129,176,46,40,4071,679,3.9,2.37390490658588,4,4.41270061938866,1.1,1.04834039732512,1,2.04955050414961,2.7,3.70851970585711,1,0.83632363113417,86.2,7.89984074344977,,
53033003302,627071,0,Census Tract 33.02,Washington,King County,4034,803,449,482,0,13,26,43,0,13,423,478,0,13,0,13,0,13,3585,580,484,309,180,105,66,65,2553,341,302,70,0,13,0,13,11.1,11.7412232020706,26,47,3.4,6.02610013744912,756,336,193,248,256,246,4,7,100,130,43,36,49,73,3389,568,4.8,6.0735302089535,6.3,5.96589172438336,0.1,0.172398807425248,2.5,3.18460478991817,1.1,0.866822724503837,1.2,1.79339214445057,84,21.8612791975395,,
53033003601,674139,0,Census Tract 36.01,Washington,King County,3614,506,399,328,0,13,0,13,0,13,153,131,246,297,0,13,0,13,3215,409,231,112,139,82,61,61,2014,287,528,172,119,83,123,93,11,8.94321035242289,0,23,0,5.33642691415313,431,153,144,138,255,297,103,76,73,72,102,112,0,13,2937,401,4,3.77751152560642,7.1,8.1584461948945,2.9,2.06472712438483,2,1.9720768452972,2.8,3.0737624451959,0,0.359712230215827,81.3,15.8928159658616,,
53033003602,522326,0,Census Tract 36.02,Washington,King County,3979,497,414,216,6,15,0,13,0,13,371,210,37,46,0,13,0,13,3565,535,55,57,59,59,115,68,3079,497,228,57,15,24,14,22,10.4,5.27064081654464,6,24,2.6,10.1438724994333,235,109,108,97,306,191,62,64,208,146,61,77,43,45,3191,493,2.7,2.41410915366386,7.7,4.70310871102716,1.6,1.5966258191229,5.2,3.610701840269,1.5,1.92566235866875,1.1,1.12285315960234,80.2,7.29205625181063,,
53033004101,1601973,3290570,Census Tract 41.01,Washington,King County,4094,614,90,102,17,25,18,25,0,13,55,55,0,13,0,13,0,13,4004,620,255,92,346,197,473,131,1933,322,561,133,364,388,72,51,2.2,2.46953991457128,35,38,3.2,3.34754670434281,1109,257,20,23,70,99,0,13,66,102,53,72,0,13,3885,626,0.5,0.55699982329479,1.7,2.40453809026067,0,0.317537860283341,1.6,2.47969172381283,1.3,1.74792114250507,0,0.317537860283341,94.9,5.59077911959457,,
53033004102,1689910,2027249,Census Tract 41.02,Washington,King County,3947,609,200,120,0,13,0,13,0,13,189,119,0,13,11,18,0,13,3747,621,252,139,275,96,452,293,1989,379,507,151,171,89,101,65,5.1,2.93803764578093,0,23,0,2.34933605720123,979,339,93,66,107,68,63,105,32,34,105,146,0,13,3547,613,2.4,1.63215691443319,2.7,1.6712799104345,1.6,2.64882401774498,0.8,0.852282440394731,2.7,3.67616791237159,0,0.329364073980238,89.9,6.99610103849564,,
53033004201,1244114,0,Census Tract 42.01,Washington,King County,3605,579,126,69,0,13,0,13,7,18,72,61,0,13,47,47,0,13,3479,587,339,168,372,128,118,62,1888,335,512,164,220,89,30,31,3.5,1.82983797212271,7,26,0.8,3.10208926138317,836,222,37,39,89,54,14,20,16,26,12,20,0,13,3437,584,1,1.06919817614915,2.5,1.44448606845342,0.4,0.55126766495505,0.4,0.717689163095362,0.3,0.552203024522841,0,0.360610263522885,95.3,5.28741752526256,,
53033004202,1220977,0,Census Tract 42.02,Washington,King County,4789,532,92,90,0,13,0,13,24,40,38,47,30,34,0,13,0,13,4697,539,313,117,550,200,197,123,2938,434,571,154,128,83,0,13,1.9,1.86715051798644,24,44,2.2,4.02251699222679,1084,266,13,17,79,89,1,4,34,49,0,13,0,13,4662,541,0.3,0.353696998822391,1.6,1.84936859786983,0,0.0834925273957806,0.7,1.02013395950488,0,0.27145541866778,0,0.27145541866778,97.3,3.26635729174579,,
53033004401,694919,0,Census Tract 44.01,Washington,King County,3632,804,844,369,15,29,0,13,0,13,778,361,0,13,0,13,51,116,2788,632,69,67,162,80,117,62,2024,597,392,101,24,30,0,13,23.2,8.76115771148862,15,34,4.1,9.25591628504288,363,126,589,286,255,134,38,60,65,58,41,50,117,92,2527,642,16.2,7.00854691560502,7,3.34609659971084,1,1.63566649884272,1.8,1.54699508359269,1.1,1.35378205623182,3.2,2.4305922586456,69.6,8.67381400491449,,
53033004402,294988,0,Census Tract 44.02,Washington,King County,3258,610,987,449,0,13,0,13,42,67,945,397,0,13,0,13,0,13,2271,467,47,21,0,13,72,61,1943,419,155,59,35,43,19,33,30.3,12.5600879308884,42,69,26.1,39.9346723423324,161,96,620,404,367,165,181,112,75,69,171,98,95,81,1749,490,19,11.8773277128123,11.3,4.60439891737766,5.6,3.27654725746149,2.3,2.07354183819933,5.2,2.84292700386758,2.9,2.42550423253839,53.7,11.1880393391806,,
53033004701,571393,176916,Census Tract 47.01,Washington,King County,3316,461,428,204,0,13,0,13,0,13,406,199,2,4,20,36,0,13,2888,397,140,141,6,34,0,13,2228,374,316,161,57,66,141,132,12.9,5.88448531581508,0,23,0,15.7534246575342,146,147,258,196,170,128,22,33,28,46,80,112,21,37,2737,391,7.8,5.81092120458419,5.1,3.79370328413315,0.7,0.990891443064977,0.8,1.38223767363842,2.4,3.36086915838895,0.6,1.11232326511555,82.5,2.71350844237021,,
53033004702,266414,0,Census Tract 47.02,Washington,King County,3293,497,228,195,0,13,0,13,0,13,187,184,0,13,41,71,0,13,3065,508,103,131,48,65,79,52,2507,453,325,138,0,13,3,8,6.9,5.82872028031119,0,23,0,10,230,157,169,183,59,69,0,13,65,89,44,76,63,68,2893,521,5.1,5.50299826491056,1.8,2.07783184128689,0,0.394776799271181,2,2.68623361598378,1.3,2.29909854643931,1.9,2.04469931031627,87.9,8.63181847205678,,
53033004703,1188631,155567,Census Tract 47.03,Washington,King County,3833,698,325,306,0,13,0,13,55,88,169,145,101,107,0,13,0,13,3508,723,151,137,123,197,50,81,2974,557,71,58,89,82,50,84,8.5,7.83256261268188,55,90,14.5,21.3966394197439,379,269,241,291,84,90,41,48,20,33,74,91,0,13,3373,730,6.3,7.50512922010777,2.2,2.31386762672835,1.1,1.23704080842209,0.5,0.855684995984461,1.9,2.34794446134932,0,0.33915992695017,88,10.2917998985544,,
53033004901,497144,0,Census Tract 49.01,Washington,King County,3959,535,267,144,0,13,0,13,0,13,253,140,12,20,1,2,1,2,3692,526,139,70,53,43,107,93,2948,454,399,154,42,35,4,7,6.7,3.52125385873636,0,23,0,7.69230769230769,299,126,106,92,161,124,97,118,93,100,147,111,44,43,3311,471,2.7,2.29547905210766,4.1,3.08351563576959,2.5,2.96210352429909,2.3,2.50586355334753,3.7,2.75847434832369,1.1,1.07569890548095,83.6,3.71616924187778,,
53033004902,597604,17368,Census Tract 49.02,Washington,King County,3217,491,203,110,0,13,0,13,0,13,138,97,65,57,0,13,0,13,3014,509,67,58,68,83,21,33,2673,476,171,46,14,22,0,13,6.3,3.28089493278067,0,23,0,14.7435897435897,156,109,116,81,87,62,60,51,37,37,47,34,13,24,2857,517,3.6,2.45699116295069,2.7,1.88254215836262,1.9,1.5595614192118,1.2,1.13666474683608,1.5,1.03309431272036,0.4,0.743482807377563,88.8,8.63384825501356,,
53033005201,699701,73218,Census Tract 52.01,Washington,King County,3784,752,479,243,0,13,0,13,0,13,420,233,27,41,32,44,0,13,3305,680,242,116,114,84,100,73,2387,622,349,150,100,78,13,20,12.7,5.90852647499245,0,23,0,5.04385964912281,456,162,358,212,121,83,19,26,215,197,124,74,64,86,2883,618,9.5,5.27762799738864,3.2,2.09937434637985,0.5,0.679819183916812,5.7,5.08220493026137,3.3,1.84398350363427,1.7,2.24773485430468,76.2,6.12175407033179,,
53033005202,269234,19268,Census Tract 52.02,Washington,King County,3002,650,1060,343,0,13,0,13,0,13,1045,339,15,39,0,13,0,13,1942,576,29,31,10,16,0,13,1903,573,0,13,0,13,0,13,35.3,8.49090608769578,0,23,0,58.974358974359,39,44,820,247,240,158,48,55,101,140,60,60,42,44,1691,569,27.3,5.71997726392136,8,4.97035060101751,1.6,1.7991042965918,3.4,4.60631057325633,2,1.95125450025611,1.4,1.43404312069825,56.3,14.5086323677956,,
53033005303,2432843,749176,Census Tract 53.03,Washington,King County,52,45,29,40,0,13,0,13,0,13,29,40,0,13,0,13,0,13,23,20,0,13,0,13,3,6,16,15,4,6,0,13,0,13,55.8,59.8995418298685,0,23,0,766.666666666667,3,30,29,40,0,13,0,13,0,13,0,13,0,13,23,20,55.8,59.8995418298685,0,25,0,25,0,25,0,25,0,25,44.2,3.76692840004872,,
53033005304,73030,0,Census Tract 53.04,Washington,King County,161,44,60,27,0,13,0,13,0,13,60,27,0,13,0,13,0,13,101,37,0,13,0,13,0,13,87,35,14,19,0,13,0,13,37.3,13.3232562265966,0,23,,,0,32,49,23,11,17,25,24,4,6,12,13,9,13,51,27,30.4,11.6146239687863,6.8,10.3925998594789,15.5,14.2900304332085,2.5,3.66433225575954,7.5,7.81337969097211,5.6,7.92869327676864,31.7,14.3629464109885,,
53033005305,212967,0,Census Tract 53.05,Washington,King County,2055,390,1146,326,0,13,36,57,0,13,1077,316,33,10,0,13,0,13,909,264,0,13,0,13,0,13,875,263,34,55,0,13,0,13,55.8,11.8173569581874,36,60,100,243.685691105126,36,64,843,222,303,249,34,35,87,84,159,106,15,24,614,183,41,7.48959829403563,14.7,11.7892519604357,1.7,1.67396914591789,4.2,4.00785057485616,7.7,4.94473297286516,0.7,1.15963859118705,29.9,6.86645366540742,,
53033005306,200489,0,Census Tract 53.06,Washington,King County,3345,774,1606,380,0,13,0,13,0,13,1498,387,92,100,0,13,16,26,1739,728,22,34,0,13,0,13,1622,723,63,54,32,52,0,13,48,2.37364467072514,0,23,0,104.545454545455,22,45,1270,304,336,162,116,110,0,13,162,116,50,58,1411,722,38,2.32705903968168,10,4.24886578951843,3.5,3.18908698241764,0,0.38863976083707,4.8,3.28180590472669,1.5,1.6990845418495,42.2,19.25148576664,,
53033005307,130030,0,Census Tract 53.07,Washington,King County,1041,389,595,296,0,13,0,13,0,13,572,300,23,32,0,13,0,13,446,411,0,13,0,13,0,13,423,412,0,13,11,26,12,28,57.2,18.7704538524438,0,23,,,0,32,485,259,110,75,162,246,129,176,44,64,0,13,111,63,46.6,17.7739946344267,10.6,6.02620470300654,15.6,22.9044471683976,12.4,16.260321666934,4.2,5.94159041621719,0,1.24879923150817,10.7,4.55512097583169,,
53033005401,756239,615226,Census Tract 54.01,Washington,King County,3133,375,170,141,0,13,0,13,0,13,73,71,91,94,6,14,0,13,2963,341,120,47,58,42,0,13,2469,319,283,161,29,35,4,10,5.4,4.45336921066224,0,23,0,12.9213483146067,178,68,81,89,89,85,4,10,6,14,83,61,27,33,2843,346,2.6,2.82382233221749,2.8,2.69166373704414,0.1,0.318816858638198,0.2,0.44626773096565,2.6,1.92102083399721,0.9,1.04824051895169,90.7,1.99827135794092,,
53033005402,463900,0,Census Tract 54.02,Washington,King County,3076,545,155,96,0,13,0,13,0,13,117,97,38,44,0,13,0,13,2921,530,57,69,62,79,88,90,2440,475,225,106,49,64,0,13,5,2.99050939634255,0,23,0,11.1111111111111,207,140,69,57,86,91,13,21,49,45,68,70,59,52,2732,548,2.2,1.80993278611932,2.8,2.91662024160565,0.4,0.678585890023457,1.6,1.43545472106369,2.2,2.24172201491375,1.9,1.65599591917954,88.8,8.35183747135087,,
53033005803,832097,0,Census Tract 58.03,Washington,King County,3250,393,463,254,0,13,0,13,31,48,391,215,25,29,13,21,3,7,2787,456,171,70,168,79,71,67,1982,385,290,89,73,51,32,33,14.2,7.62316077041082,31,51,7,11.3626571949035,441,135,205,109,258,225,82,101,20,24,26,30,66,113,2593,442,6.3,3.26596130275901,7.9,6.85620180163203,2.5,3.09267951014683,0.6,0.734702640834518,0.8,0.917993832210398,2,3.4682403316656,79.8,9.5854020429489,,
53033005804,2334443,1169687,Census Tract 58.04,Washington,King County,2162,288,160,145,21,40,0,13,14,25,113,100,12,19,0,13,0,13,2002,336,117,86,0,13,0,13,1561,314,223,105,88,76,13,20,7.4,6.63390377555256,35,49,23,28.3745014696283,152,101,77,122,83,84,102,77,29,47,0,13,12,21,1859,340,3.6,5.62294397573699,3.8,3.85148816855248,4.7,3.50562912483398,1.3,2.1665573874721,0,0.601295097132285,0.6,0.968504715582276,86,10.7757412247877,,
53033005901,778385,173882,Census Tract 59.01,Washington,King County,2745,521,415,256,46,73,0,13,0,13,358,250,11,18,0,13,0,13,2330,486,56,38,133,66,0,13,1851,481,229,127,13,23,48,59,15.1,8.87363075219637,46,75,19.6,30.6208059060768,235,108,197,158,218,183,102,92,0,13,88,71,41,40,2099,480,7.2,5.59242427787918,7.9,6.49402713315657,3.7,3.27650348696022,0,0.473588342440802,3.2,2.51393333051924,1.5,1.4293532505265,76.5,9.75381231304051,,
53033005902,1022976,0,Census Tract 59.02,Washington,King County,4184,515,318,222,158,152,7,11,14,24,125,102,0,13,0,13,14,24,3866,438,270,108,433,162,144,99,2464,418,467,224,88,84,0,13,7.6,5.22280343023595,179,154,17.4,14.3066275030223,1026,267,306,221,12,19,47,40,14,20,32,51,123,147,3650,473,7.3,5.20475006619833,0.3,0.452736616277853,1.1,0.945971366323186,0.3,0.476233832356242,0.8,1.21528852590712,2.9,3.49470080519251,87.2,3.53571319212393,,
53033006701,380256,105441,Census Tract 67.01,Washington,King County,3411,565,0,13,0,13,0,13,0,13,0,13,0,13,0,13,0,13,3411,565,123,59,0,13,0,13,3150,574,138,157,0,13,0,13,0,0.381119906185869,0,23,0,18.6991869918699,123,66,0,13,0,13,0,13,146,132,40,47,0,13,3225,586,0,0.381119906185869,0,0.381119906185869,0,0.381119906185869,4.3,3.80433239882457,1.2,1.36413506612783,0,0.381119906185869,94.5,7.06264719415995,,
53033006702,304748,0,Census Tract 67.02,Washington,King County,2922,572,386,299,46,3,45,2,0,13,263,293,0,13,0,13,32,52,2536,496,31,52,29,47,0,13,2234,493,148,159,63,66,31,51,13.2,9.90056970395606,91,13,60.3,30.3800847122826,151,73,320,291,66,58,0,13,0,13,9,20,28,51,2499,482,11,9.72545243183063,2.3,1.93506808283573,0,0.444900752908966,0,0.444900752908966,0.3,0.681801840402657,1,1.73527044190692,85.5,23.502993391453,,
53033006703,597133,0,Census Tract 67.03,Washington,King County,3085,497,153,96,0,13,0,13,0,13,138,97,15,36,0,13,0,13,2932,491,160,53,78,36,22,36,2073,449,367,246,115,100,117,104,5,3.00751080744946,0,23,0,8.84615384615385,260,77,120,76,33,54,0,13,36,57,62,83,35,57,2799,514,3.9,2.38249903532875,1.1,1.74190149267527,0,0.421393841166937,1.2,1.83806086301757,2,2.67088504527218,1.1,1.8385874842425,90.7,7.99688576852816,,
53033007001,358281,0,Census Tract 70.01,Washington,King County,3547,602,237,166,0,13,0,13,0,13,198,153,39,54,0,13,0,13,3310,630,81,59,0,13,0,13,2314,615,635,255,227,152,53,62,6.7,4.54053893844356,0,23,0,28.3950617283951,81,66,0,13,237,166,176,144,1,2,51,61,25,42,3057,634,0,0.36650690724556,6.7,4.54053893844356,5,3.97146257216208,0,0.0561822862487473,1.4,1.70236143675007,0.7,1.17804133311764,86.2,10.2725828156418,,
53033007002,441021,0,Census Tract 70.02,Washington,King County,3534,406,373,218,0,13,0,13,0,13,232,197,135,118,6,14,0,13,3161,381,42,78,102,79,0,13,2571,379,346,133,83,71,17,28,10.6,6.04829886856407,0,23,0,15.9722222222222,144,114,258,184,115,110,67,70,0,13,105,118,29,44,2960,387,7.3,5.13856788032696,3.3,3.09008823682058,1.9,1.96874697074258,0,0.367855121675156,3,3.32149989090793,0.8,1.24147381574364,83.8,5.22763029326809,,
53033007101,495054,0,Census Tract 71.01,Washington,King County,2768,482,240,164,0,13,0,13,0,13,206,145,19,21,13,20,2,6,2528,410,68,26,0,13,0,13,2366,400,39,41,30,35,25,35,8.7,5.72925355974629,0,23,0,33.8235294117647,68,39,137,82,103,106,26,33,52,55,59,52,38,40,2353,407,4.9,2.8342864896714,3.7,3.77426226005012,0.9,1.18092308289912,1.9,1.95988087856491,2.1,1.84158148612474,1.4,1.42517652461353,85,20.8642330917861,,
53033007102,335908,0,Census Tract 71.02,Washington,King County,2538,379,189,101,0,13,0,13,0,13,134,97,35,40,20,32,0,13,2349,393,0,13,0,13,0,13,1874,395,335,187,140,74,0,13,7.4,3.82098066085842,0,23,,,0,32,72,57,117,90,32,37,18,27,109,102,66,78,2124,402,2.8,2.20554670328985,4.6,3.47863816647573,1.3,1.44563142221382,0.7,1.05854491004293,4.3,3.96741124853502,2.6,3.04865342172606,83.7,9.73155861235752,,
53033007201,150744,0,Census Tract 72.01,Washington,King County,5202,783,495,280,0,18,0,18,0,18,259,146,156,185,0,18,80,126,4707,775,3,92,0,18,0,18,3995,546,629,523,0,18,80,124,9.5,5.18848554646657,0,31,0,1033.33333333333,3,100,109,107,386,262,179,278,611,666,232,180,150,157,3535,550,2.1,2.03257763037055,7.4,4.91112477625585,3.4,5.31894094101613,11.7,12.6801157869913,4.5,3.39446738014165,2.9,2.9866989740356,68,2.67652576158116,,
53033007202,280585,0,Census Tract 72.02,Washington,King County,3343,590,173,93,0,13,0,13,0,13,101,94,0,13,72,5,0,13,3170,590,14,35,0,13,0,13,2845,547,311,135,0,13,0,13,5.2,2.62773385999096,0,23,0,164.285714285714,14,45,131,69,42,60,97,109,0,13,43,66,0,13,3030,597,3.9,1.9446990693845,1.3,1.78104584750548,2.9,3.22007889363941,0,0.388872270415794,1.3,1.96117975303875,0,0.388872270415794,90.6,7.9392271683216,,
53033007203,579631,0,Census Tract 72.03,Washington,King County,2891,547,351,303,0,13,0,13,0,13,212,216,139,233,0,13,0,13,2540,567,36,60,0,13,0,13,2264,498,240,185,0,13,0,13,12.1,10.225952587696,0,23,0,63.8888888888889,36,67,37,47,314,294,34,55,35,59,34,56,0,13,2437,554,1.3,1.60759930656307,10.9,9.959686668558,1.2,1.88939753941264,1.2,2.02792021425846,1.2,1.92422239994542,0,0.449671393981321,84.3,10.6222125452691,,
53033007301,250787,0,Census Tract 73.01,Washington,King County,2658,462,426,259,0,13,0,13,0,13,394,256,32,43,0,13,0,13,2232,411,0,13,0,13,0,13,2142,401,76,69,14,22,0,13,16,9.33747482610753,0,23,,,0,32,250,194,176,156,14,22,62,72,116,94,50,60,1990,402,9.4,7.11327377497869,6.6,5.75512130831554,0.5,0.822611241818092,2.3,2.67829005049071,4.4,3.4541820368978,1.9,2.23353103409178,74.9,7.70687157370132,,
53033007302,312981,0,Census Tract 73.02,Washington,King County,4673,644,572,227,0,13,0,13,0,13,517,225,38,55,17,31,0,13,4101,674,207,114,74,85,0,13,3494,597,326,149,0,13,0,13,12.2,4.55538559201672,0,23,0,8.18505338078292,281,145,459,225,113,73,27,51,0,13,62,69,26,40,3986,676,9.8,4.62069599896221,2.4,1.5262059413595,0.6,1.0884673438018,0,0.278193879734646,1.3,1.46520267759552,0.6,0.852539928427387,85.3,8.43100174274881,,
53033007303,313527,0,Census Tract 73.03,Washington,King County,2606,377,95,68,0,13,0,13,0,13,80,68,0,13,0,13,15,36,2511,364,32,54,38,50,49,4,1927,334,111,60,127,94,227,80,3.6,2.55551468028569,0,23,0,19.327731092437,119,77,74,69,21,40,122,78,56,65,112,95,0,13,2221,368,2.8,2.61567468580044,0.8,1.53048602895153,4.7,2.91546398665992,2.1,2.47479543801616,4.3,3.59202206452825,0,0.498848810437452,85.2,6.88450729237187,,
53033007403,118559,0,Census Tract 74.03,Washington,King County,2725,515,252,123,0,13,0,13,0,13,231,124,21,16,0,13,0,13,2473,515,33,24,0,13,0,13,2331,516,109,75,0,13,0,13,9.2,4.16166752519157,0,23,0,69.6969696969697,33,38,191,109,61,42,79,103,59,49,53,57,19,24,2263,511,7,3.77428805780185,2.2,1.4820850617396,2.9,3.73989551438015,2.2,1.75098842616265,1.9,2.05919288390915,0.7,0.870820330288031,83,10.2624744800169,,
53033007404,153725,0,Census Tract 74.04,Washington,King County,3052,382,195,111,0,13,0,13,0,13,195,111,0,13,0,13,0,13,2857,388,49,46,0,13,0,13,2706,388,71,56,31,34,0,13,6.4,3.54794983284934,0,23,0,46.9387755102041,49,54,83,66,112,91,33,38,56,54,132,103,51,47,2585,388,2.7,2.13555943467176,3.7,2.94606059161915,1.1,1.23770825603542,1.8,1.75436349734693,4.3,3.33113685402536,1.7,1.52570449705951,84.7,7.01672185290386,,
53033007405,131830,0,Census Tract 74.05,Washington,King County,2606,454,376,320,0,13,0,13,96,152,280,182,0,13,0,13,0,13,2230,406,58,87,0,13,0,13,2039,430,117,109,16,25,0,13,14.4,12.0193352589269,96,153,62.3,68.8268813595451,154,177,115,97,261,305,53,61,52,48,167,174,38,43,1920,430,4.4,3.64192127515108,10,11.5729709930758,2,2.31378157175039,2,1.80880208308327,6.4,6.58290334059691,1.5,1.63036613118344,73.7,10.3689942407385,,
53033007406,150829,0,Census Tract 74.06,Washington,King County,2414,355,302,145,0,13,0,13,0,13,246,142,56,52,0,13,0,13,2112,349,0,13,0,13,0,13,1930,352,146,83,36,45,0,13,12.5,5.71794276534709,0,23,,,0,32,100,85,202,115,211,128,17,26,68,62,27,32,1789,310,4.1,3.46802817222579,8.4,4.60219872247813,8.7,5.14424300318645,0.7,1.07206000783824,2.8,2.53472386756891,1.1,1.31535656292074,74.1,6.79226100256589,,
53033007501,298283,0,Census Tract 75.01,Washington,King County,4156,845,302,182,0,13,0,13,0,13,146,147,90,104,62,75,4,7,3854,889,156,210,221,301,0,13,3104,697,291,289,38,65,44,64,7.3,4.1224544561926,0,23,0,6.10079575596817,377,368,69,109,233,147,471,343,50,81,210,218,162,170,2961,865,1.7,2.60089999522601,5.6,3.34834529282967,11.3,7.92493713649835,1.2,1.93357836304493,5.1,5.14383498895473,3.9,4.01295899488784,71.2,14.9449926243365,,
53033007502,315931,0,Census Tract 75.02,Washington,King County,2359,595,313,267,0,13,0,13,0,13,313,267,0,13,0,13,0,13,2046,619,51,85,0,13,61,103,1775,532,62,101,0,13,97,164,13.3,10.8122777612396,0,23,0,20.5357142857143,112,136,93,113,220,255,0,13,0,13,35,58,0,13,2011,613,3.9,4.68582226114168,9.3,10.5506290073487,0,0.551080966511234,0,0.551080966511234,1.5,2.43002282099301,0,0.551080966511234,85.2,14.5920141123309,,
53033007503,187541,0,Census Tract 75.03,Washington,King County,2275,479,514,448,0,13,0,13,0,13,433,397,81,132,0,13,0,13,1761,496,0,13,0,13,0,13,1678,472,83,139,0,13,0,13,22.6,19.1090987245909,0,23,,,0,32,358,385,156,252,83,139,0,13,0,13,0,13,1678,472,15.7,16.5955665634494,6.9,10.9824295942829,3.6,6.06140988332871,0,0.571428571428572,0,0.571428571428572,0,0.571428571428572,73.8,13.7577300277516,,
53033007901,267231,0,Census Tract 79.01,Washington,King County,2961,415,425,197,10,23,0,13,18,40,219,116,148,125,24,36,6,14,2536,427,0,13,0,13,15,26,2088,353,316,167,29,33,88,69,14.4,6.34173688357767,28,48,65.1,68.8945524560541,43,58,254,144,171,140,117,112,14,31,243,245,12,21,2150,317,8.6,4.71226633944692,5.8,4.65833606211225,4,3.74174432575247,0.5,1.04484426876616,8.2,8.19389555021356,0.4,0.706941655949123,72.6,3.32393175726977,,
53033007902,431244,0,Census Tract 79.02,Washington,King County,3786,491,510,259,28,33,78,86,35,34,316,190,41,44,0,13,12,20,3276,495,163,121,118,75,97,89,2523,409,331,118,44,42,0,13,13.5,6.61416756359999,141,98,27.2,15.9191885416508,519,194,220,176,290,182,0,13,120,81,320,302,36,41,2800,467,5.8,4.58721558978354,7.7,4.70342478287491,0,0.343370311674591,3.2,2.09960154895267,8.5,7.90108204762256,1,1.0758930115147,74,7.75608265323742,,
53033008003,197152,0,Census Tract 80.03,Washington,King County,4104,647,289,173,0,13,0,13,0,13,262,170,27,46,0,13,0,13,3815,679,20,2,70,46,0,13,3064,675,550,215,111,81,0,13,7,4.06658679754029,0,23,0,25.5555555555556,90,53,220,148,69,92,189,164,90,112,0,13,31,47,3505,697,5.4,3.50581567018227,1.7,2.22599032281682,4.6,3.92959467221562,2.2,2.70705729827362,0,0.316764132553606,0.8,1.13901604203934,85.4,10.3515557922902,,
53033008004,284626,526767,Census Tract 80.04,Washington,King County,3186,448,123,102,0,13,0,13,0,13,71,81,52,61,0,13,0,13,3063,453,73,4,30,50,21,34,2448,453,469,179,22,37,0,13,3.9,3.1551453847425,0,23,0,18.5483870967742,124,65,20,33,103,98,29,47,33,51,0,13,30,49,2971,464,0.6,1.03201341787348,3.2,3.04217975988895,0.9,1.46964105053469,1,1.5941136018584,0,0.408035153797866,0.9,1.53226857780808,93.3,6.33729495462217,,
53033008101,270324,277671,Census Tract 81.01,Washington,King County,2539,299,446,248,0,13,0,13,0,13,129,85,179,133,138,199,0,13,2093,216,14,23,0,13,0,13,1505,217,494,125,80,56,0,13,17.6,9.54606263626403,0,23,0,164.285714285714,14,37,198,151,248,202,65,48,71,54,89,67,13,21,1855,231,7.8,5.87589038222723,9.8,7.87229631512969,2.6,1.86631463616449,2.8,2.10117237808878,3.5,2.6063470762109,0.5,0.824896536706222,73.1,2.95799117112794,,
53033008102,556705,91220,Census Tract 81.02,Washington,King County,2505,567,590,314,0,13,0,13,16,31,430,273,144,112,0,13,0,13,1915,454,20,32,48,78,31,64,1601,391,152,116,63,52,0,13,23.6,11.3447557223876,16,36,13.9,28.2198003425082,115,112,229,127,361,228,37,46,33,52,55,66,25,33,1765,458,9.1,4.62837796251777,14.4,8.49720557040926,1.5,1.80563691587032,1.3,2.05432072142839,2.2,2.58743612501514,1,1.29785302317869,70.5,8.94081094125121,,
53033008401,250921,0,Census Tract 84.01,Washington,King County,3048,404,344,241,0,13,0,13,19,36,210,165,115,125,0,13,0,13,2704,317,0,13,117,41,25,42,2049,291,209,136,233,160,71,74,11.3,7.76402446191364,19,40,11.8,24.2777129786481,161,72,235,240,109,124,25,41,114,125,0,13,5,11,2560,342,7.7,7.80741903294409,3.6,4.04053376111327,0.8,1.34074392862709,3.7,4.07097644834717,0,0.426509186351706,0.2,0.360236802237428,84,1.40256435239072,,
53033008402,145446,0,Census Tract 84.02,Washington,King County,2536,470,126,101,0,13,0,13,0,13,122,102,4,8,0,13,0,13,2410,485,0,13,0,13,0,13,2158,345,252,348,0,13,0,13,5,3.87473988651936,0,23,,,0,32,88,93,38,52,0,13,61,101,202,171,123,119,2024,463,3.5,3.61036230775783,1.5,2.03158078447829,0,0.512618296529968,2.4,3.95762202262832,8,6.57932430216671,4.9,4.60552870228085,79.8,10.7021266789504,,
53033009801,1004708,0,Census Tract 98.01,Washington,King County,3305,422,100,86,0,13,0,13,0,13,98,85,1,2,1,4,0,13,3205,439,213,94,204,111,255,132,2040,357,475,203,0,13,18,26,3,2.57327798938584,0,23,0,3.42261904761905,672,198,0,13,100,86,207,221,0,13,8,15,98,126,2892,327,0,0.393343419062027,3,2.57327798938584,6.3,6.63884375393539,0,0.393343419062027,0.2,0.452804196439842,3,3.79355867651464,87.5,14.924074464242,,
53033009802,922319,0,Census Tract 98.02,Washington,King County,4035,912,137,127,0,13,0,13,0,13,124,126,13,20,0,13,0,13,3898,916,486,425,208,81,122,68,2326,548,467,185,187,108,102,65,3.4,3.05247150013,0,23,0,2.81862745098039,816,439,35,35,102,124,15,24,32,37,76,79,539,762,3236,536,0.9,0.844963430838877,2.5,3.01952933946876,0.4,0.588830910840116,0.8,0.899286088710305,1.9,1.91102443309681,13.4,18.6418436573955,80.2,22.4729165015838,,
53033010101,871622,0,Census Tract 101.01,Washington,King County,4036,644,1081,351,174,83,200,127,113,59,521,201,34,39,22,29,17,29,2955,662,259,163,119,126,153,85,1992,458,362,128,66,68,4,5,26.8,7.57417669913802,487,163,47.8,9.38906298683744,1018,276,452,302,629,241,107,84,38,42,44,34,149,183,2617,603,11.2,7.26614140832014,15.6,5.42880701304007,2.7,2.03782425520256,0.9,1.02973277410522,1.1,0.824262238562012,3.7,4.49576371869894,64.8,10.778338437303,,
53033010102,1623225,2170065,Census Tract 101.02,Washington,King County,4539,697,248,166,35,61,31,54,46,45,81,61,55,61,0,13,0,13,4291,686,209,104,189,93,133,80,2773,555,712,256,255,158,20,32,5.5,3.55965367612201,112,93,17.4,13.5574359990489,643,186,151,168,97,84,70,66,63,86,83,92,53,63,4022,673,3.3,3.66583298894827,2.1,1.82130045559911,1.5,1.43465072239751,1.4,1.88266454569457,1.8,2.0073337689066,1.2,1.3763406547224,88.6,5.89048678315905,,
53033010301,1002658,0,Census Tract 103.01,Washington,King County,4257,680,1133,492,414,260,195,205,40,45,385,174,99,81,0,13,0,13,3124,747,152,110,168,101,129,87,2308,627,264,113,38,48,65,61,26.6,10.7470895885648,649,334,59.1,22.707306898694,1098,376,794,494,339,311,30,35,99,110,62,60,39,71,2894,739,18.7,11.2154324974388,8,7.1940190602529,0.7,0.814432385114184,2.3,2.55713724842831,1.5,1.39011033377464,0.9,1.66140861000671,68,13.5437707237218,,
53033010302,632167,0,Census Tract 103.02,Washington,King County,3051,629,213,153,0,13,0,13,0,13,213,153,0,13,0,13,0,13,2838,621,89,68,67,33,129,72,2232,608,295,125,26,31,0,13,7,4.80376707045179,0,23,0,8.07017543859649,285,107,56,59,157,135,24,29,37,43,117,100,26,40,2634,596,1.8,1.89640809068914,5.1,4.29571911055315,0.8,0.936571174081853,1.2,1.38702089371938,3.8,3.18083606604281,0.9,1.29922074425727,86.3,8.05078960003583,,
53033010501,742016,0,Census Tract 105.01,Washington,King County,3984,530,414,277,45,61,38,52,0,13,264,167,0,13,0,13,67,105,3570,591,267,178,150,127,44,64,2688,423,324,119,74,55,23,38,10.4,6.81399448019483,83,81,15.3,13.2527806187223,544,242,347,254,67,73,39,47,24,39,177,166,22,33,3308,574,8.7,6.26932746686945,1.7,1.81861992413539,1,1.17250905867648,0.6,0.975629786955971,4.4,4.12453550364171,0.6,0.825049241362133,83,9.25024374255092,,
53033010502,975912,0,Census Tract 105.02,Washington,King County,5853,1016,391,281,0,18,0,18,0,18,299,280,71,85,21,36,0,18,5462,931,236,127,97,76,272,184,3871,821,399,204,501,428,86,89,6.7,4.65880687762804,0,31,0,5.12396694214876,605,238,244,273,147,110,57,78,294,366,215,147,43,52,4853,930,4.2,4.60779713744914,2.5,1.82811227089026,1,1.32188441125467,5,6.19211463138216,3.7,2.42924098819793,0.7,0.87923281239069,82.9,6.73165527770766,,
53033010601,1089233,0,Census Tract 106.01,Washington,King County,4498,636,138,71,0,13,0,13,0,13,119,64,19,29,0,13,0,13,4360,642,372,126,251,116,28,29,2847,540,687,223,95,77,80,85,3.1,1.51769819743704,0,23,0,3.53302611367128,651,175,61,51,77,64,39,44,59,58,78,69,22,32,4162,642,1.4,1.11750468704476,1.7,1.40211482298897,0.9,0.970499634606107,1.3,1.27605392950211,1.7,1.51429239571514,0.5,0.708057913873058,92.5,5.70471081710919,,
53033010602,1505061,817134,Census Tract 106.02,Washington,King County,3906,557,321,264,0,13,0,13,0,13,194,200,115,162,0,13,12,20,3585,463,199,103,209,87,204,96,2105,423,767,195,56,38,45,41,8.2,6.65645815555788,0,23,0,3.75816993464052,612,167,74,63,247,254,2,4,16,27,138,104,106,165,3323,428,1.9,1.59011632380344,6.3,6.43998909325022,0.1,0.102145916642402,0.4,0.688771734016723,3.5,2.61446994866562,2.7,4.20650697577347,85.1,16.3476166458457,,
53033011601,1554538,184845,Census Tract 116.01,Washington,King County,3148,356,158,96,0,13,0,13,29,33,65,56,54,65,10,16,0,13,2990,349,169,78,267,110,70,52,1627,229,677,127,138,90,42,29,5,2.99626845431811,29,38,5.4,6.94051678910193,535,149,130,91,28,28,30,29,0,13,73,62,0,13,2887,345,4.1,2.8527514347833,0.9,0.883747787825693,1,0.914894189481898,0,0.412960609911055,2.3,1.95196734940343,0,0.412960609911055,91.7,3.54205551492679,,
53033011602,1565825,786358,Census Tract 116.02,Washington,King County,3419,842,98,65,0,13,0,13,0,13,92,63,0,13,6,10,0,13,3321,838,297,159,255,245,189,116,1955,507,462,150,74,60,89,88,2.9,1.76523326288823,0,23,0,3.10391363022942,741,315,10,24,88,63,14,24,0,13,52,46,31,39,3224,840,0.3,0.698254251813255,2.6,1.73018861338532,0.4,0.694678487656734,0,0.380228136882129,1.5,1.29223433295719,0.9,1.11861568545535,94.3,8.02066683333031,,
53033011801,1160802,630417,Census Tract 118.01,Washington,King County,3400,696,398,512,57,90,108,169,23,36,194,249,2,4,14,21,0,13,3002,509,314,197,124,81,205,83,2064,424,275,130,20,44,0,13,11.7,14.8669462177301,188,195,22.6,21.9985208496988,831,300,336,496,62,97,401,324,0,13,46,84,49,79,2506,514,9.9,14.4472896418655,1.8,2.82841475473174,11.8,9.21849890831365,0,0.382352941176471,1.4,2.45501571212192,1.4,2.30472421765031,73.7,0.945871699856882,,
53033011802,1139611,1037832,Census Tract 118.02,Washington,King County,4500,560,787,283,66,63,196,131,36,53,362,184,107,109,11,18,9,23,3713,569,307,165,427,190,156,127,2145,399,422,161,152,126,104,90,17.5,5.90029050065117,298,155,25.1,11.135647357846,1188,322,432,235,355,258,202,323,268,225,98,117,123,224,3022,521,9.6,5.08373646974616,7.9,5.64865651898225,4.5,7.15600730556028,6,4.94476670049239,2.2,2.58583686811244,2.7,4.9661424508616,67.2,8.01269114908927,,
53033011901,1682374,0,Census Tract 119.01,Washington,King County,4401,1157,258,226,0,13,16,28,45,53,158,163,29,38,10,26,0,13,4143,1129,289,161,232,118,303,190,2351,844,902,299,50,39,16,27,5.9,4.8984733328473,61,61,6.9,6.53337186106274,885,282,62,57,196,190,24,36,58,70,144,139,26,42,3891,1130,1.4,1.24107796078158,4.5,4.15540895369941,0.5,0.805334654857605,1.3,1.55235437222821,3.3,3.0389797844278,0.6,0.941605704166224,88.4,10.9096223661096,,
53033011902,1580686,1217487,Census Tract 119.02,Washington,King County,3160,589,694,382,0,13,222,135,72,44,250,182,131,97,0,13,19,31,2466,547,191,112,20,29,124,100,1508,379,480,211,132,101,11,20,22,11.3744117803336,294,143,46.7,16.6028122083602,629,209,129,146,565,322,11,32,0,13,140,152,46,49,2269,499,4.1,4.557165984896,17.9,9.62948445218123,0.3,1.01057747187531,0,0.411392405063291,4.4,4.73871185448302,1.5,1.52670955598066,71.8,8.380758985748,,
