Geographic Identifier - FIPS Code,Area of Land (Square Meters),Area of Water (Square Meters),Name,State,County,Total Commuters (Workers 16 Years and Over Who Did Not Work at Home),Total Commuters (Workers 16 Years and Over Who Did Not Work at Home) - Margin of Error,Workers whose commute was less than 5 minutes,Workers whose commute was less than 5 minutes - Margin of Error,Workers whose commute was 5 to 9 minutes,Workers whose commute was 5 to 9 minutes - Margin of Error,Workers whose commute was 10 to 14 minutes,Workers whose commute was 10 to 14 minutes - Margin of Error,Workers whose commute was 15 to 19 minutes,Workers whose commute was 15 to 19 minutes - Margin of Error,Workers whose commute was 20 to 24 minutes,Workers whose commute was 20 to 24 minutes - Margin of Error,Workers whose commute was 25 to 29 minutes,Workers whose commute was 25 to 29 minutes - Margin of Error,Workers whose commute was 30 to 34 minutes,Workers whose commute was 30 to 34 minutes - Margin of Error,Workers whose commute was 35 to 39 minutes,Workers whose commute was 35 to 39 minutes - Margin of Error,Workers whose commute was 40 to 44 minutes,Workers whose commute was 40 to 44 minutes - Margin of Error,Workers whose commute was 45 to 59 minutes,Workers whose commute was 45 to 59 minutes - Margin of Error,Workers whose commute was 60 to 89 minutes,Workers whose commute was 60 to 89 minutes - Margin of Error,Workers whose commute was 90 minutes or more,Workers whose commute was 90 minutes or more - Margin of Error,Percent of workers whose commute was less than 5 minutes,Percent of workers whose commute was less than 5 minutes - Margin of Error,Percent of workers whose commute was 5 to 9 minutes,Percent of workers whose commute was 5 to 9 minutes - Margin of Error,Percent of workers whose commute was 10 to 14 minutes,Percent of workers whose commute was 10 to 14 minutes - Margin of Error,Percent of workers whose commute was 15 to 19 minutes,Percent of workers whose commute was 15 to 19 minutes - Margin of Error,Percent of workers whose commute was 20 to 24 minutes,Percent of workers whose commute was 20 to 24 minutes - Margin of Error,Percent of workers whose commute was 25 to 29 minutes,Percent of workers whose commute was 25 to 29 minutes - Margin of Error,Percent of workers whose commute was 30 to 34 minutes,Percent of workers whose commute was 30 to 34 minutes - Margin of Error,Percent of workers whose commute was 35 to 39 minutes,Percent of workers whose commute was 35 to 39 minutes - Margin of Error,Percent of workers whose commute was 40 to 44 minutes,Percent of workers whose commute was 40 to 44 minutes - Margin of Error,Percent of workers whose commute was 45 to 59 minutes,Percent of workers whose commute was 45 to 59 minutes - Margin of Error,Percent of workers whose commute was 60 to 89 minutes,Percent of workers whose commute was 60 to 89 minutes - Margin of Error,Percent of workers whose commute was 90 minutes or more,Percent of workers whose commute was 90 minutes or more - Margin of Error,Percent of workers whose commute was 45 minutes or more,x,y
53033000300,1211013,0,Census Tract 3,Washington,King County,1525,244,110,99,114,71,91,43,189,97,220,96,123,61,224,92,86,66,78,45,224,99,64,61,2,3,7.2,6.38839312997586,7.5,4.49948004998761,6,2.65311054025905,12.4,6.04366175926153,14.4,5.85664450599989,8.1,3.786110260633,14.7,5.55618997912393,5.6,4.23276651720157,5.1,2.83507011810585,14.7,6.05146587948022,4.2,3.94323734689981,0.1,0.195598984262318,19.01639344262295,,
53033000402,1798938,0,Census Tract 4.02,Washington,King County,2616,601,0,18,331,374,349,215,251,142,243,132,189,136,410,147,127,80,127,102,249,149,309,234,31,38,0,0.688073394495413,12.7,13.9979947349126,13.3,7.62576670499312,9.6,4.96040938017008,9.3,4.57237752398962,7.2,4.92669055692518,15.7,4.31408792922734,4.9,2.84746251181462,4.9,3.7361594866096,9.5,5.25921600086889,11.8,8.52339044135562,1.2,1.4268592708608,22.515290519877677,,
53033000500,2898252,953717,Census Tract 5,Washington,King County,1087,151,25,40,44,33,25,38,62,38,280,93,50,30,171,54,158,68,61,37,150,69,50,37,11,17,2.3,3.66595724628461,4,2.98334942641964,2.3,3.48123026471521,5.7,3.4048849463724,25.8,7.77142841706623,4.6,2.68490112721284,15.7,4.46132824235453,14.5,5.92092214093195,5.6,3.31339410122259,13.8,6.05138094439708,4.6,3.34335049204865,1,1.55760674442652,19.411223551057958,,
53033000700,1294438,0,Census Tract 7,Washington,King County,2868,474,33,50,90,80,225,132,443,209,601,201,293,135,583,245,54,52,237,202,203,112,65,60,41,45,1.2,1.73297250557496,3.1,2.74076097862804,7.8,4.41610209325958,15.4,6.82553029583215,21,6.0928264812158,10.2,4.3938657419767,20.3,7.85417060190891,1.9,1.78620675927191,8.3,6.90955282987349,7.1,3.72583111198855,2.3,2.05824467104137,1.4,1.55114694925715,10.774058577405858,,
53033000800,1141931,0,Census Tract 8,Washington,King County,1198,158,21,23,42,47,179,82,109,46,152,68,76,40,165,80,35,25,60,42,231,90,53,45,75,59,1.8,1.90589608780122,3.5,3.89586333115324,14.9,6.5549411839592,9.1,3.64741327073336,12.7,5.42386512376269,6.3,3.2323698864712,13.8,6.42599511424898,2.9,2.05093076267216,5,3.44305553762195,19.3,7.06900634164851,4.4,3.71066759087219,6.3,4.85516903761867,29.966611018363942,,
53033000900,1004853,1849039,Census Tract 9,Washington,King County,851,120,8,10,33,22,106,61,89,39,121,47,74,38,194,62,55,31,73,35,59,31,27,28,12,10,0.9,1.16758725344473,3.9,2.52670275203941,12.5,6.94951489629303,10.5,4.33908190274788,14.2,5.14613290213784,8.7,4.29368152364616,22.8,6.53801806415509,6.5,3.52693057565923,8.6,3.93090824865673,6.9,3.509136348403,3.2,3.25968807375581,1.4,1.15814284140684,11.515863689776733,,
53033001000,954203,0,Census Tract 10,Washington,King County,839,126,6,9,40,36,93,36,96,33,77,42,95,55,172,57,61,33,47,23,108,40,37,24,7,9,0.7,1.06731573993929,4.8,4.23066378490298,11.1,3.95474558159656,11.4,3.53803258982579,9.2,4.81248121412627,11.3,6.33103130577504,20.5,6.0561553687808,7.3,3.77866055694126,5.6,2.60907704911416,12.9,4.35805821571059,4.4,2.78282375800853,0.8,1.06536269956749,18.116805721096544,,
53033001100,1060685,0,Census Tract 11,Washington,King County,1313,224,0,13,24,30,149,96,174,65,327,141,126,66,185,91,38,37,94,58,122,63,64,47,10,16,0,0.99009900990099,1.8,2.26346376644138,11.3,7.05052840335564,13.3,4.40409481442131,24.9,9.86249436976559,9.6,4.75257905563073,14.1,6.50049735183185,2.9,2.77438183153253,7.2,4.24515876150102,9.3,4.52875946333578,4.9,3.48165875223192,0.8,1.21163648856582,14.927646610814927,,
53033001300,1180877,0,Census Tract 13,Washington,King County,2514,509,32,51,21,33,199,93,436,214,264,139,243,139,514,233,125,72,321,201,177,112,130,91,52,66,1.3,2.01220337900651,0.8,1.30170838992778,7.9,3.33409597185339,17.3,7.7543679172593,10.5,5.10390023886912,9.7,5.17110801820682,20.4,8.29228542437883,5,2.68120225684094,12.8,7.56574181863576,7,4.22084095573272,5.2,3.46501284291522,2.1,2.59168109087776,14.28003182179793,,
53033001400,2152767,213389,Census Tract 14,Washington,King County,2903,476,19,32,160,192,312,208,170,102,468,141,253,156,393,166,211,128,157,121,537,214,202,134,21,34,0.7,1.09707155759746,5.5,6.55181471138287,10.7,6.94490642489025,5.9,3.37985901612461,16.1,4.07473320494193,8.7,5.18026552512066,13.5,5.26979580330013,7.3,4.24511374450161,5.4,4.07267815617353,18.5,6.71878096739786,7,4.47268538871287,0.7,1.1651804872,26.179813985532206,,
53033001500,1167711,526885,Census Tract 15,Washington,King County,1305,294,0,13,154,111,122,52,67,41,86,47,92,53,306,140,48,37,106,52,279,124,45,32,0,13,0,0.996168582375479,11.8,8.07959000332906,9.3,3.38257686609688,5.1,2.92110207536087,6.6,3.28128699603472,7,3.73787323943226,23.4,9.33720850941309,3.7,2.71145489755226,8.1,3.53963575081845,21.4,8.19071685021594,3.4,2.32579655189335,0,0.996168582375479,24.82758620689655,,
53033001600,2020358,320118,Census Tract 16,Washington,King County,1808,171,49,40,56,34,221,100,306,108,230,80,103,59,223,87,129,75,118,75,227,78,124,55,22,29,2.7,2.19749014618439,3.1,1.85757355082124,12.2,5.40880059954344,16.9,5.75497641567337,12.7,4.25805687750819,5.7,3.21848443538198,12.3,4.66840329329799,7.1,4.09297308683856,6.5,4.10204582118445,12.6,4.14751363644224,6.9,2.97207203071791,1.2,1.59984826409159,20.63053097345133,,
53033001701,892768,0,Census Tract 17.01,Washington,King County,2679,404,7,16,218,126,187,103,258,171,484,228,181,98,423,186,195,173,103,94,397,196,214,133,12,19,0.3,0.59593651532294,8.1,4.54033874735573,7,3.69781269994094,9.6,6.21556504506981,18.1,8.06276952600401,6.8,3.5133294230272,15.8,6.52181777484402,7.3,6.36365910435395,3.8,3.46053756386895,14.8,6.96650466938547,8,4.81617489318995,0.4,0.705995733957978,23.254945875326612,,
53033001702,1280220,0,Census Tract 17.02,Washington,King County,2510,494,56,85,116,100,208,117,258,146,450,204,63,71,472,166,108,68,111,85,399,176,269,205,0,18,2.2,3.35786531721323,4.6,3.87884533458057,8.3,4.36671521392382,10.3,5.45360356432857,17.9,7.32158953204683,2.5,2.78521669556808,18.8,5.48100671864525,4.3,2.5734066497332,4.4,3.27269506403286,15.9,6.27528717760691,10.7,7.89026478932225,0,0.717131474103586,26.61354581673307,,
53033001800,946085,0,Census Tract 18,Washington,King County,3116,406,159,125,100,90,92,64,364,185,597,253,253,116,537,175,278,106,54,43,491,158,178,88,13,22,5.1,3.95607441866754,3.2,2.85788983090412,3,2.01756686823711,11.7,5.73868173748712,19.2,7.72610060972849,8.1,3.56923888399399,17.2,5.14774941624829,8.9,3.19701794762727,1.7,1.36137550870072,15.8,4.63635089138604,5.7,2.72428699007157,0.4,0.703937629409662,21.88703465982028,,
53033001900,1667272,0,Census Tract 19,Washington,King County,2279,268,41,42,125,57,94,55,398,102,318,84,216,105,494,111,174,81,132,55,234,83,34,27,19,22,1.8,1.83073031442099,5.5,2.41649909614027,4.1,2.36409519044512,17.5,3.97666764312531,14,3.30043610440021,9.5,4.47044083540531,21.7,4.15028066314018,7.6,3.43891933410881,5.8,2.31522982946868,10.3,3.43597138992921,1.5,1.17166839451777,0.8,0.960344354124974,12.593242650285214,,
53033002000,1103313,28680,Census Tract 20,Washington,King County,1800,285,18,31,41,29,192,98,335,153,338,105,186,73,371,119,18,20,31,31,140,67,75,50,55,48,1,1.71492855194367,2.3,1.57022671152385,10.7,5.17586993940435,18.6,7.97286710462239,18.8,5.01878151217415,10.3,3.71088551376842,20.6,5.74950792237486,1,1.09977200218505,1.7,1.70049762496058,7.8,3.51260467920504,4.2,2.69829871812263,3.1,2.6224134408596,15,,
53033002100,1365468,0,Census Tract 21,Washington,King County,2269,255,83,71,38,28,219,97,354,164,313,104,221,108,402,118,76,42,134,81,330,110,90,62,9,14,3.7,3.10200919696226,1.7,1.21958589697262,9.7,4.135107547376,15.6,7.01195764507847,13.8,4.313374566215,9.7,4.6322306217874,17.7,4.80426322846829,3.3,1.81235571877447,5.9,3.50761392433153,14.5,4.56410261096456,4,2.69587469594844,0.4,0.615399503604092,18.90700749228735,,
53033002200,2804076,1154953,Census Tract 22,Washington,King County,2377,439,7,12,61,49,171,77,259,103,442,196,151,91,549,237,94,59,147,77,283,133,137,95,76,116,0.3,0.501899758956271,2.6,2.00619747606515,7.2,2.9543734656144,10.9,3.8375728154909,18.6,7.49649811412071,6.4,3.64415069065942,23.1,9.0120298746683,4,2.37223583286999,6.2,3.03134574280312,11.9,5.14513124529314,5.8,3.85227533074256,3.2,4.84424353738819,20.86663862010938,,
53033002400,962528,0,Census Tract 24,Washington,King County,1394,268,8,12,84,69,138,69,82,45,254,104,129,110,303,119,60,46,72,36,82,44,182,112,0,13,0.6,0.85373236185003,6,4.81230647669001,9.9,4.56925969132302,5.9,3.02354655466462,18.2,6.58699976464357,9.3,7.687788582274,21.7,7.443849610924,4.3,3.19442021703431,5.2,2.38396157808158,5.9,2.94683471588086,13.1,7.63228783843717,0,0.932568149210904,18.938307030129124,,
53033002500,984334,0,Census Tract 25,Washington,King County,1710,252,17,19,117,80,88,59,189,91,239,72,166,116,331,89,76,48,161,72,129,66,197,78,0,13,1,1.10140987479072,6.8,4.56841184729648,5.1,3.36591243056141,11.1,5.06624186030215,14,3.67234581293585,9.7,6.63106166330778,19.4,4.35333448405,4.4,2.72953490447997,9.4,3.97534463029042,7.5,3.69607293336403,11.5,4.23367880160343,0,0.760233918128655,19.06432748538012,,
53033002600,1216627,28175,Census Tract 26,Washington,King County,2721,573,87,139,45,43,352,205,404,126,558,225,298,166,344,145,214,128,184,105,193,123,28,28,14,17,3.2,5.0638487644325,1.7,1.54144858944847,12.9,7.02422745694513,14.8,3.415699084097,20.5,7.05176081786605,11,5.64796854000208,12.6,4.61623375497799,7.9,4.40296201162038,6.8,3.58651548020203,7.1,4.26648992018785,1,1.00595808095643,0.5,0.615303496015354,8.636530687247337,,
53033002700,1584847,0,Census Tract 27,Washington,King County,2469,459,0,18,117,87,439,272,286,139,289,130,109,54,627,141,102,75,164,80,270,129,66,63,0,18,0,0.729040097205346,4.7,3.4117923239398,17.8,10.5090143713071,11.6,5.20167015309416,11.7,4.7945898937914,4.4,2.02729072621174,25.4,3.21327579506097,4.1,2.93897457445387,6.6,2.99564672015341,10.9,4.8130419864181,2.7,2.50277988191133,0,0.729040097205346,13.608748481166463,,
53033002800,988287,0,Census Tract 28,Washington,King County,2602,355,89,84,92,58,218,141,255,153,294,117,344,194,384,159,158,93,240,118,345,152,90,64,93,79,3.4,3.19437870448012,3.5,2.17623083404688,8.4,5.29697801426437,9.8,5.72605711966878,11.3,4.22403450975449,13.2,7.23433131943809,14.8,5.76943686800657,6.1,3.47683389498225,9.2,4.35687554181696,13.3,5.5545116397947,3.5,2.41395204353146,3.6,2.99671011557636,20.292083013066872,,
53033002900,986209,0,Census Tract 29,Washington,King County,2069,304,43,38,50,41,361,221,196,90,272,125,215,93,420,141,128,74,108,63,196,89,53,41,27,25,2.1,1.81107245750825,2.4,1.94956204504233,17.4,10.3692750889111,9.5,4.12122287148205,13.1,5.72445340691264,10.4,4.22766337515312,20.3,6.12751926265088,6.2,3.45916782285013,5.2,2.946774241264,9.5,4.07017542693011,2.6,1.94556128530625,1.3,1.19300290537222,13.339777670372161,,
53033003000,1493249,0,Census Tract 30,Washington,King County,2760,399,39,37,93,71,451,236,206,98,334,128,292,122,505,179,86,58,325,162,277,105,124,92,28,31,1.4,1.32492448539893,3.4,2.52592202282033,16.3,8.21793937622445,7.5,3.3828097394086,12.1,4.29505715609243,10.6,4.14725455358845,18.3,5.92158094548959,3.1,2.05260266371791,11.8,5.61728973343544,10,3.51681396462192,4.5,3.26944432304791,1,1.11357214948893,15.543478260869565,,
53033003100,2236733,472744,Census Tract 31,Washington,King County,2851,420,16,26,99,75,313,124,303,112,395,224,110,70,451,147,144,78,352,173,380,138,212,127,76,87,0.6,0.908205467434057,3.5,2.58043886805136,11,4.03746109182609,10.6,3.60297067343972,13.9,7.58715389789826,3.9,2.3885822953847,15.8,4.59939465905288,5.1,2.6327555708616,12.3,5.7890379942643,13.3,4.42425953939395,7.4,4.3177840117081,2.7,3.02618654534631,23.430375306909855,,
53033003400,787161,0,Census Tract 34,Washington,King County,1401,175,0,13,68,44,110,76,216,92,169,72,115,57,358,122,31,24,113,49,141,60,56,35,24,38,0,0.92790863668808,4.9,3.08153926107147,7.9,5.33530507092857,15.4,6.27799877823474,12.1,4.91333533111055,8.2,3.93720626611343,25.6,8.10199925168931,2.2,1.6906182058758,8.1,3.34925142006442,10.1,4.09399011046651,4,2.44781412648495,1.7,2.70389460173674,15.774446823697359,,
53033003500,1284745,0,Census Tract 35,Washington,King County,1987,236,153,85,114,52,127,58,189,62,407,101,206,87,380,111,133,61,98,47,154,76,26,23,0,13,7.7,4.1789016832103,5.7,2.52673658074918,6.4,2.81853095543614,9.5,2.90858192034296,20.5,4.4630327065348,10.4,4.20174669330886,19.1,5.10367167022599,6.7,2.96523095576121,4.9,2.29169108984106,7.8,3.7124378131157,1.3,1.14704321547225,0,0.654252642174132,9.058882737795672,,
53033003800,624606,0,Census Tract 38,Washington,King County,1038,193,23,23,68,37,125,54,82,43,159,94,160,96,190,58,49,34,101,54,51,22,20,19,10,18,2.2,2.1771608187178,6.6,3.34997123329943,12,4.69579630947811,7.9,3.87343184356924,15.3,8.59633998390192,15.4,8.79326844488522,18.3,4.43156153119715,4.7,3.15573984414551,9.7,4.87759020315577,4.9,1.91246894342192,1.9,1.79504187063343,1,1.72482756590338,7.803468208092486,,
53033003900,973808,0,Census Tract 39,Washington,King County,1217,266,13,17,37,37,203,121,103,59,118,56,90,36,193,75,90,44,159,117,161,65,50,33,0,13,1.1,1.37722746781628,3,2.96675307781429,16.7,9.24991112764891,8.5,4.48118430054915,9.7,4.08440726925439,7.4,2.47742600922546,15.9,5.09549195888714,7.4,3.23400439246261,13.1,9.17991153079522,13.2,4.49059165691137,4.1,2.55857687903772,0,1.06820049301561,17.33771569433032,,
53033004000,2574586,3232248,Census Tract 40,Washington,King County,1223,235,0,13,166,127,127,69,54,36,196,89,75,53,135,55,21,25,184,71,77,67,177,122,11,17,0,1.06295993458708,13.6,10.0514455299112,10.4,5.27723587015692,4.4,2.81866315284237,16,6.59352221744129,6.1,4.17032601587624,11,3.96553200918423,1.7,2.01735083547374,15,5.03441535255373,6.3,5.34308510433384,14.5,9.58000515549086,0.9,1.3792387632563,21.668029435813573,,
53033004301,979236,0,Census Tract 43.01,Washington,King County,1355,221,13,19,71,47,161,70,177,81,296,119,191,98,132,65,19,22,86,57,146,77,54,34,9,13,1,1.39345555245542,5.2,3.36170413241942,11.9,4.78878811294101,13.1,5.58530788525802,21.8,8.02709287586343,14.1,6.85733609166704,9.7,4.52627551970644,1.4,1.60742829471542,6.3,4.07728565224358,10.8,5.40409029533822,4,2.42357629740389,0.7,0.953273820964663,15.424354243542435,,
53033004302,331137,0,Census Tract 43.02,Washington,King County,1588,296,38,43,124,59,306,181,317,137,184,122,66,47,260,97,23,29,69,56,170,82,26,23,5,8,2.4,2.67081917711351,7.8,3.41839973600929,19.3,10.8172562380156,20,7.78353559831132,11.6,7.37278888831553,4.2,2.85650968067911,16.4,5.29128089946727,1.4,1.80613087490626,4.3,3.43218219948013,10.7,4.76259257108124,1.6,1.41584473325294,0.3,0.50034802991967,12.65743073047859,,
53033004500,670997,0,Census Tract 45,Washington,King County,1617,316,9,14,60,50,166,79,333,91,193,63,54,40,461,221,109,61,28,24,101,61,64,53,39,38,0.6,0.858941327004493,3.7,3.0059186939402,10.3,4.45467622836855,20.6,3.93376654979015,11.9,3.12073736259905,3.3,2.38607646784834,28.5,12.4801308193303,6.7,3.53493818897527,1.7,1.44513912225012,6.2,3.56947760545811,4,3.18510374674814,2.4,2.3022785767541,12.615955473098332,,
53033004600,1552358,1033232,Census Tract 46,Washington,King County,1523,218,7,11,81,44,81,31,284,92,216,80,106,63,222,79,76,40,156,131,221,83,45,33,28,30,0.5,0.719256149345446,5.3,2.78693058409016,5.3,1.88773475439036,18.6,5.41901632201648,14.2,4.84465016506745,7,4.01481566971219,14.6,4.74900170983798,5,2.52740024629923,10.2,8.47556626118096,14.5,5.03843413225275,3,2.12509959726503,1.8,1.95213896315829,19.304005252790546,,
53033004800,1278329,26886,Census Tract 48,Washington,King County,2320,366,29,36,182,104,287,167,187,96,474,146,165,101,306,110,149,87,148,79,314,197,66,46,13,21,1.3,1.53914282645726,7.8,4.30853778839559,12.4,6.92867227010587,8.1,3.93770681496094,20.4,5.40502677460637,7.1,4.20638204441654,13.2,4.26040195693728,6.4,3.6105323306667,6.4,3.25305639642252,13.5,8.21854751599742,2.8,1.93129848288567,0.6,0.900845533561823,16.939655172413794,,
53033005000,757380,0,Census Tract 50,Washington,King County,2583,494,0,13,211,173,67,50,392,172,265,98,402,153,659,251,121,92,162,94,161,167,134,105,9,22,0,0.503290747193186,8.2,6.51288124301156,2.6,1.87108738083792,15.2,5.99308521106083,10.3,3.24728140934391,15.6,5.12118466431262,25.5,8.40352905516921,4.7,3.4472323518381,6.3,3.43582194052469,6.2,6.35450310743324,5.2,3.9421020393982,0.3,0.849111969506402,11.769260549748354,,
53033005100,881731,0,Census Tract 51,Washington,King County,1696,198,7,10,214,82,157,67,390,143,227,70,113,49,259,93,31,24,89,51,145,71,64,37,0,13,0.4,0.587650464708476,12.6,4.60503406268823,9.3,3.79977251217271,23,7.99280390737145,13.4,3.82013933915059,6.7,2.78247254586501,15.3,5.18557010442669,1.8,1.39891259986307,5.2,2.9440071869717,8.5,4.06559266448366,3.8,2.13665913872218,0,0.766509433962264,12.32311320754717,,
53033005600,3022785,1546484,Census Tract 56,Washington,King County,2249,321,0,18,102,69,115,75,308,145,558,254,190,86,432,165,56,49,91,59,221,103,39,43,137,169,0,0.800355713650511,4.5,2.99896187367201,5.1,3.25397247883336,13.7,6.14385959156735,24.8,10.7243507909221,8.4,3.62882820033335,19.2,6.80507469525236,2.5,2.14956445683254,4,2.55903016947957,9.8,4.35976404391724,1.7,1.89587281861696,6.1,7.46398159836209,17.652289906625164,,
53033005700,5085640,2365806,Census Tract 57,Washington,King County,2776,467,32,37,154,97,186,110,438,157,726,430,217,98,486,154,77,57,63,50,309,127,61,53,27,31,1.2,1.3186702767604,5.5,3.36730294329469,6.7,3.79883809428153,15.8,4.99406224229271,26.2,14.8519634413193,7.8,3.27618850520175,17.5,4.70118446243736,2.8,1.99958978491502,2.3,1.76022488242392,11.1,4.17414345922321,2.2,1.87309273651996,1,1.10466264240462,14.301152737752162,,
53033005801,1822365,260223,Census Tract 58.01,Washington,King County,3308,434,40,49,110,69,349,137,701,232,606,191,270,141,411,131,202,88,201,103,340,147,71,54,7,12,1.2,1.47273779214102,3.3,2.03971873093333,10.6,3.90332382766915,21.2,6.43869978789319,18.3,5.24987953699277,8.2,4.1256898854151,12.4,3.60905912341976,6.1,2.53671592794867,6.1,3.0098855955229,10.3,4.23423838935743,2.1,1.60793576226438,0.2,0.361693042276368,12.6360338573156,,
53033006000,1340653,160754,Census Tract 60,Washington,King County,3334,648,65,68,120,93,500,203,575,242,536,212,220,116,580,403,153,80,160,116,167,86,231,138,27,31,1.9,2.00408311123025,3.6,2.70029681576514,15,5.34574711844127,17.2,6.43818479543386,16.1,5.53801972369289,6.6,3.23429775165498,17.4,11.6050457533249,4.6,2.2275864011911,4.8,3.35194579023322,5,2.38870881391519,6.9,3.91398405038745,0.8,0.916394597583033,12.74745050989802,,
53033006100,1227451,652743,Census Tract 61,Washington,King County,2748,365,1,5,161,106,337,139,757,193,467,157,134,93,345,146,96,69,121,74,198,108,83,68,48,75,0,0.181886298054904,5.9,3.77803871500678,12.3,4.78877635410612,27.5,5.99489414770643,17,5.24843609232816,4.9,3.32172410106219,12.6,5.04447927441405,3.5,2.46767011202759,4.4,2.62859004385879,7.2,3.81182729329375,3,2.44179021276846,1.7,2.71937863083393,11.972343522561864,,
53033006200,2437426,239356,Census Tract 62,Washington,King County,1984,323,43,49,109,70,373,151,310,90,366,117,133,87,295,98,61,39,169,126,70,41,37,36,18,19,2.2,2.44442287593069,5.5,3.41297154911308,18.8,6.96831435284028,15.6,3.7559384322698,18.4,5.07511832301085,6.7,4.24709904305392,14.9,4.30569678742439,3.1,1.90092762836848,8.5,6.19754779584895,3.5,1.98509847768965,1.9,1.78893479374202,0.9,0.946202268079793,6.300403225806452,,
53033006300,2610569,3533560,Census Tract 63,Washington,King County,1899,367,0,18,80,64,208,117,318,146,525,173,206,119,286,160,36,42,85,62,93,65,38,45,24,29,0,0.947867298578199,4.2,3.27037732689983,11,5.78608500566096,16.7,6.97394607293537,27.6,7.37880656560965,10.8,5.90536975314327,15.1,7.90678534033966,1.9,2.18113458337962,4.5,3.14819418440945,4.9,3.2894007069949,2,2.33789929336841,1.3,1.50746077676897,8.162190626645604,,
53033006400,903649,0,Census Tract 64,Washington,King County,1460,231,7,11,75,59,101,53,281,89,326,120,174,86,298,86,62,48,37,35,70,40,12,18,17,19,0.5,0.749596025226387,5.1,3.95851756700598,6.9,3.46119903651938,19.2,5.28079302014767,22.3,7.42118155431273,11.9,5.58044411566256,20.4,4.92624438042651,4.2,3.21828314786023,2.5,2.36348953013375,4.8,2.63261226743668,0.8,1.22599908822243,1.2,1.28826380619329,6.780821917808219,,
53033006500,1147619,0,Census Tract 65,Washington,King County,2380,333,39,36,43,42,199,100,450,153,530,183,246,116,527,158,110,65,36,39,135,65,32,36,33,35,1.6,1.49512789331517,1.8,1.74650633987244,8.4,4.03552823699582,18.9,5.85901180589998,22.3,7.0294968310398,10.3,4.65445144932809,22.1,5.87139502144708,4.6,2.65342858402877,1.5,1.62493115288515,5.7,2.61323552037501,1.3,1.50086108966245,1.4,1.45773568228162,8.403361344537815,,
53033006600,1117109,831139,Census Tract 66,Washington,King County,2743,433,54,64,127,85,299,125,382,160,567,195,337,134,415,163,70,53,64,54,257,126,162,144,9,14,2,2.31242370464022,4.6,3.01137374511779,10.9,4.21970426436981,13.9,5.40290924555036,20.7,6.31590597337659,12.3,4.48369921051425,15.1,5.4413459023921,2.6,1.88973035687097,2.3,1.93388698631439,9.4,4.34889499272624,5.9,5.16628139056595,0.3,0.50775528301816,15.603353991979585,,
53033006800,718106,0,Census Tract 68,Washington,King County,1381,210,0,13,45,37,78,45,240,93,307,104,156,75,244,89,108,135,36,30,98,50,57,40,12,19,0,0.941346850108617,3.3,2.6329997570055,5.6,3.14328202293786,17.4,6.19406310730247,22.2,6.72943891531706,11.3,5.15203676893611,17.7,5.85785756791935,7.8,9.70292156364453,2.6,2.1358657956917,7.1,3.45601684742974,4.1,2.82763297833932,0.9,1.36945485744979,12.092686459087618,,
53033006900,905121,0,Census Tract 69,Washington,King County,2086,275,30,35,69,56,166,92,402,178,324,130,252,119,278,96,25,32,277,147,158,67,60,49,45,57,1.4,1.66710602417918,3.3,2.64891075432139,8,4.28376494035423,19.3,8.14610022989955,15.5,5.88603162535263,12.1,5.47788542333438,13.3,4.25354984251761,1.2,1.52587852482614,13.3,6.82608000150887,7.6,3.05273109460153,2.9,2.31818580643843,2.2,2.71766275108065,12.607861936720996,,
53033007600,571882,0,Census Tract 76,Washington,King County,2370,403,18,24,169,156,196,113,263,118,606,210,188,94,522,204,91,77,59,48,126,85,116,84,16,27,0.8,1.0043893691245,7.1,6.46963241815157,8.3,4.55583405636595,11.1,4.60747582552748,25.6,7.72066705563279,7.9,3.72983639862695,22,7.75009157065871,3.8,3.18266556843955,2.5,1.9805842252082,5.3,3.47069326184322,4.9,3.44520091539979,0.7,1.13344197632088,10.886075949367088,,
53033007700,1058322,0,Census Tract 77,Washington,King County,2907,393,66,76,74,59,301,150,308,159,503,210,119,83,657,179,112,72,215,123,372,154,145,103,35,35,2.3,2.59629907794088,2.5,2.00019459795903,10.4,4.96645818924927,10.6,5.27867224829029,17.3,6.83472061284456,4.1,2.80103026212102,22.6,5.34602387932869,3.9,2.42139331171584,7.4,4.11133055200779,12.8,5.00711753958171,5,3.47841179232929,1.2,1.19293721590693,18.988648090815275,,
53033007800,2097740,3632914,Census Tract 78,Washington,King County,2478,429,54,62,210,183,179,120,350,143,510,169,327,127,541,210,106,94,41,40,82,104,48,43,30,34,2.2,2.4734111478453,8.5,7.23778435494121,7.2,4.67835408002481,14.1,5.22711223614423,20.6,5.8152491397735,13.2,4.58774975206577,21.8,7.58502898241458,4.3,3.72039182011924,1.7,1.58858681778451,3.3,4.15764931480541,1.9,1.70255834031749,1.2,1.35597149653549,6.456820016142049,,
53033008002,234314,0,Census Tract 80.02,Washington,King County,1965,496,25,32,59,55,461,381,558,170,406,141,53,52,141,76,77,75,46,43,29,32,62,47,48,34,1.3,1.59652002014907,3,2.6944197306131,23.5,18.4628582776713,28.4,4.84439882789717,20.7,4.92839455398417,2.7,2.55723341769966,7.2,3.41736707657042,3.9,3.68640270014838,2.3,2.10700552054467,1.5,1.58531819494093,3.2,2.25536686577727,2.4,1.61668889211948,7.073791348600508,,
53033008200,375785,0,Census Tract 82,Washington,King County,2216,380,130,108,195,116,500,213,257,151,397,181,87,67,119,80,65,82,98,86,210,159,120,112,38,54,5.9,4.76869379536932,8.8,5.01245088632169,22.6,8.7987873348364,11.6,6.51740793393023,17.9,7.56811306866499,3.9,2.94755941205982,5.4,3.49068887604377,2.9,3.66601621592231,4.4,3.80605153033207,9.5,6.98864603175068,5.4,4.96811473115529,1.7,2.419016092102,16.60649819494585,,
53033008300,237955,0,Census Tract 83,Washington,King County,2027,375,36,42,145,106,447,194,386,142,136,64,190,91,259,140,0,13,55,65,229,125,114,92,30,34,1.8,2.04581061097598,7.2,5.05917617900679,22.1,8.65770847747574,19,6.05512711902751,6.7,2.90315239146767,9.4,4.14095443697702,12.8,6.48964071060347,0,0.641341884558461,2.7,3.16717561068281,11.3,5.80176102841519,5.6,4.41785822682083,1.5,1.65485700274209,18.401578687715837,,
53033008500,450978,0,Census Tract 85,Washington,King County,1372,240,17,28,306,126,251,119,301,102,151,56,31,36,210,97,0,13,18,28,71,79,16,18,0,13,1.2,2.02927382737128,22.3,8.3137631940102,18.3,8.06150166670344,21.9,6.36729919193533,11,3.59906374858766,2.3,2.59396780860738,15.3,6.54337207235712,0,0.947521865889213,1.3,2.02787148673409,5.2,5.68641494493327,1.2,1.29599651740952,0,0.947521865889213,6.341107871720117,,
53033008600,711350,0,Census Tract 86,Washington,King County,3432,549,80,45,364,174,381,169,606,195,548,196,127,85,658,245,155,191,91,81,271,118,112,90,39,47,2.3,1.2570510917838,10.6,4.77762945788529,11.1,4.59288268080808,17.7,4.93000336149965,16,5.10793246040608,3.7,2.40491041719708,19.2,6.44630975749184,4.5,5.5181763814182,2.7,2.32171427604701,7.9,3.19779995399459,3.3,2.56989272887653,1.1,1.35734589744476,12.296037296037296,,
53033008700,732385,0,Census Tract 87,Washington,King County,2590,575,22,32,86,51,255,170,307,113,577,353,267,87,499,154,51,54,152,64,323,105,44,38,7,13,0.8,1.22104507121524,3.3,1.82592019342894,9.8,6.18906814966119,11.9,3.47998537426273,22.3,12.7002841035374,10.3,2.45874973858853,19.3,4.13026021972253,2,2.03859665599424,5.9,2.09964189096265,12.5,2.96139042912773,1.7,1.41787687325143,0.3,0.498331193404904,14.44015444015444,,
53033008800,948581,0,Census Tract 88,Washington,King County,2188,282,17,20,45,29,147,80,313,130,367,109,288,104,369,175,45,45,120,60,171,64,259,189,47,48,0.8,0.908575004186885,2.1,1.29863429308504,6.7,3.55229291734666,14.3,5.64818977880301,16.8,4.48821027535153,13.2,4.44014442710923,16.9,7.69715463773502,2.1,2.03951922404494,5.5,2.64956051013941,7.8,2.74613867654447,11.8,8.50222826627539,2.1,2.17624465101831,21.80073126142596,,
53033008900,1270033,1798066,Census Tract 89,Washington,King County,2827,407,76,93,318,169,171,104,351,130,475,215,183,101,534,150,42,41,162,107,369,178,37,47,109,108,2.7,3.26685902440154,11.2,5.75453365321935,6,3.57425371177244,12.4,4.23687632415336,16.8,7.21027236328036,6.5,3.44899862708492,18.9,4.55608316179452,1.5,1.43444162300785,5.7,3.69392281323096,13.1,6.00946476331358,1.3,1.65182735448036,3.9,3.77976070555572,18.21719136894234,,
53033009000,855872,0,Census Tract 90,Washington,King County,1565,280,23,29,43,30,191,76,386,189,157,79,148,71,209,66,22,26,130,80,147,65,93,68,16,19,1.5,1.83428504690317,2.7,1.85282942305178,12.2,4.33763632402503,24.7,11.2415797485954,10,4.71805371719691,9.5,4.20942744270471,13.4,3.47510188792814,1.4,1.64219378062651,8.3,4.89100917311364,9.4,3.79817959770632,5.9,4.21296346107818,1,1.20019903937313,16.357827476038338,,
53033009100,410621,0,Census Tract 91,Washington,King County,1275,218,0,13,91,75,227,106,128,64,271,135,19,20,165,106,74,57,35,32,179,136,86,60,0,13,0,1.01960784313725,7.1,5.75437826777273,17.8,7.73636580507279,10,4.71699688697105,21.3,9.945025105649,1.5,1.54779583266709,12.9,8.01386585067998,5.8,4.35905806099488,2.7,2.46552607967962,14,10.393060699092,6.7,4.56237603628017,0,1.01960784313725,20.784313725490197,,
53033009200,338451,154864,Census Tract 92,Washington,King County,1347,298,18,20,112,68,137,65,162,85,240,194,38,32,257,153,51,42,34,42,202,149,86,65,10,16,1.3,1.45505170467831,8.3,4.70118421404075,10.2,4.26882576630593,12,5.72195757408257,17.8,13.8524654700118,2.8,2.29220229515265,19.1,10.5451633956706,3.8,3.0034235680888,2.5,3.06762815548953,15,10.5523696552482,6.4,4.6141895345466,0.7,1.17641519143656,22.12323682256867,,
53033009300,9444110,639051,Census Tract 93,Washington,King County,1694,295,136,161,98,62,186,90,276,99,318,124,125,65,186,92,70,60,68,57,118,77,87,62,26,28,8,9.40073842730791,5.8,3.51859091628343,11,4.95686305718334,16.3,5.10919976861931,18.8,6.54942617907254,7.4,3.61550560647502,11,5.08320223162847,4.1,3.46804209261653,4,3.29140271435941,7,4.38060233587733,5.1,3.54901953352839,1.5,1.63113903015498,13.636363636363635,,
53033009400,1686311,0,Census Tract 94,Washington,King County,3511,466,0,18,243,304,352,159,445,141,715,225,310,154,494,219,69,69,229,160,362,243,179,101,113,85,0,0.512674451723156,6.9,8.60963486186156,10,4.32871617258488,12.7,3.64663817782425,20.4,5.81053389389967,8.8,4.22676701087916,14.1,5.95142752494089,2,1.94786509730272,6.5,4.47412642497832,10.3,6.78446805532494,5.1,2.79595534397957,3.2,2.38297807103597,18.627171745941325,,
53033009500,2597717,2916270,Census Tract 95,Washington,King County,3177,464,15,23,150,86,144,108,585,207,590,162,471,217,595,221,65,61,151,100,313,130,56,56,42,42,0.5,0.72066188827171,4.7,2.61765412452519,4.5,3.33435567078481,18.4,5.93468216039168,18.6,4.31796643129838,14.8,6.47806735612993,18.7,6.39591071604453,2,1.89665633273604,4.8,3.0701260304592,9.9,3.83057765662296,1.8,1.74376852223503,1.3,1.30782639167627,12.936732766761095,,
53033009600,1906922,1385222,Census Tract 96,Washington,King County,2225,343,0,18,73,61,99,62,341,199,264,144,285,173,335,128,65,55,280,143,262,152,148,91,73,77,0,0.808988764044944,3.3,2.69451569500248,4.4,2.70077747919387,15.3,8.62612809746948,11.9,6.20805967785127,12.8,7.52036908582392,15.1,5.26380822987501,2.9,2.43054047950341,12.6,6.12719040531817,11.8,6.58587416646214,6.7,3.95925797169294,3.3,3.42351540882876,21.707865168539325,,
53033009701,1861358,1607123,Census Tract 97.01,Washington,King County,2683,590,0,18,57,56,213,129,105,76,324,131,253,121,408,148,54,50,513,373,515,191,205,95,36,43,0,0.670890793887439,2.1,2.03425941575013,7.9,4.47990993381255,3.9,2.69875498378953,12.1,4.09728455069958,9.4,4.00487837393351,15.2,4.38703056120401,2,1.810265891928,19.1,13.2512772841997,19.2,5.73250742463257,7.6,3.11676678168383,1.3,1.57528824849463,28.177413343272455,,
53033009702,2220441,0,Census Tract 97.02,Washington,King County,2219,358,110,67,232,159,77,50,132,76,262,111,136,66,305,117,78,53,99,62,502,147,277,147,9,15,5,2.91153290134243,10.5,6.9640226242995,3.5,2.18261295559648,5.9,3.28775611884251,11.8,4.62535782248133,6.1,2.80514099304707,13.7,4.78365735294617,3.5,2.32016150043798,4.5,2.69974640828049,22.6,5.52848730373422,12.5,6.3110549828989,0.4,0.672805645361982,35.51149166291122,,
53033009900,6565170,2370735,Census Tract 99,Washington,King County,3163,509,140,226,374,240,187,112,215,112,714,258,214,104,547,168,142,105,105,77,361,129,126,81,38,37,4.4,7.10952452572703,11.8,7.34527620001702,5.9,3.41073573188498,6.8,3.36775339958665,22.6,7.30327434189357,6.8,3.10252422205162,17.3,4.5239642481636,4.5,3.24006652736257,3.3,2.37506132777473,11.4,3.64144393236488,4,2.47932697653293,1.2,1.15368871719623,16.598166297818526,,
53033010001,2327512,0,Census Tract 100.01,Washington,King County,1611,251,78,84,70,90,223,93,121,61,356,143,124,66,236,102,111,100,15,18,167,96,110,112,0,13,4.8,5.15929579132647,4.3,5.54542153779048,13.8,5.35481562873208,7.5,3.60110013626677,22.1,8.18155151881358,7.7,3.91738257018176,14.6,5.90576902483281,6.9,6.11379244208625,0.9,1.10786079525672,10.4,5.73598413102744,6.8,6.87032637598045,0,0.806952203600248,17.194289261328368,,
53033010002,948077,0,Census Tract 100.02,Washington,King County,2236,316,0,13,185,131,271,88,341,123,323,127,189,88,309,95,66,42,220,123,238,148,40,32,54,41,0,0.581395348837209,8.3,5.74080935222898,12.1,3.54332826507673,15.3,5.06109995514954,14.4,5.30021735255427,8.5,3.74993143199772,13.8,3.77318080923922,3,1.83144867851627,9.8,5.32225446011558,10.6,6.44576537255173,1.8,1.40861950649174,2.4,1.80158769404579,14.847942754919499,,
53033010200,2795533,2076618,Census Tract 102,Washington,King County,2198,239,0,18,186,115,25,23,303,126,331,105,213,91,441,113,159,73,75,44,313,95,110,46,42,44,0,0.818926296633303,8.5,5.15048201524345,1.1,1.03907150788634,13.8,5.53304104519157,15.1,4.48766368838576,9.7,4.00379130078051,20.1,4.65518579160333,7.2,3.2267131663568,3.4,1.96713566297176,14.2,4.03522740053999,5,2.02082625746349,1.9,1.99100791044105,21.155595996360326,,
53033010401,1629874,0,Census Tract 104.01,Washington,King County,2004,269,8,13,6,9,116,84,345,197,404,123,260,101,319,112,68,36,119,72,250,109,104,71,5,12,0.4,0.646485619884629,0.3,0.447299967751901,5.8,4.11897308922948,17.2,9.55486475762972,20.2,5.50898133348453,13,4.72946922828758,15.9,5.16423903179873,3.4,1.73770542420457,5.9,3.50328032503883,12.5,5.1749342139303,5.2,3.47375506652153,0.2,0.597865091775208,17.914171656686626,,
53033010402,1742875,0,Census Tract 104.02,Washington,King County,2346,410,115,174,141,68,140,54,251,99,251,97,240,110,494,149,129,74,142,75,233,90,179,135,31,25,4.9,7.36723702873528,6,2.70153577950717,6,2.05195807083665,10.7,3.78308248512561,10.7,3.6877455221138,10.2,4.33458424669606,21.1,5.17642403700471,5.5,3.00435435955761,6.1,3.0168462985314,9.9,3.42119108471705,7.6,5.59784492877403,1.3,1.04031988678857,18.88320545609548,,
53033010701,1457384,3664,Census Tract 107.01,Washington,King County,1860,314,0,13,47,49,28,24,101,59,278,94,102,72,511,151,99,50,186,91,207,76,245,105,56,43,0,0.698924731182796,2.5,2.59964175256654,1.5,1.26504883858249,5.4,3.0366965753616,14.9,4.37882154961377,5.5,3.75863511095016,27.5,6.66303398702873,5.3,2.53355265960323,10,4.59198958690948,11.1,3.62846897356587,13.2,5.18875215730114,3,2.25526346802798,27.311827956989248,,
53033010702,780116,0,Census Tract 107.02,Washington,King County,1579,306,18,21,121,76,74,68,81,71,453,207,80,55,206,111,64,55,77,50,260,108,108,58,37,40,1.1,1.31147917947239,7.7,4.57834522208424,4.7,4.20966578742047,5.1,4.38524494717353,28.7,11.8722284104014,5.1,3.3419700630945,13,6.5593771586769,4.1,3.39349638360935,4.9,3.02225381923046,16.5,6.04977901526675,6.8,3.42571428855378,2.3,2.49221510324154,25.64914502849905,,
53033010800,4140525,322633,Census Tract 108,Washington,King County,2400,343,0,13,211,164,226,103,285,114,427,154,230,137,469,193,76,32,97,52,242,85,41,26,96,56,0,0.541666666666667,8.8,6.71682315337502,9.4,4.07519678986294,11.9,4.43646609110175,17.8,5.8913629283828,9.6,5.54158964795668,19.5,7.54112088118629,3.2,1.25417649305551,4,2.08825233510994,10.1,3.23522821747782,1.7,1.05546303947976,4,2.26222051680791,15.791666666666668,,
53033010900,5389781,414929,Census Tract 109,Washington,King County,619,115,0,13,45,37,47,52,72,35,88,41,69,89,133,50,6,9,63,35,60,32,30,28,6,9,0,2.10016155088853,7.3,5.82279711742348,7.6,8.28136268194491,11.6,5.22504516036409,14.2,6.0742099390929,11.1,14.2281047549405,21.5,7.02227171625997,1,1.44276287202216,10.2,5.32875039670564,9.7,4.84583769709075,4.8,4.43290467384634,1,1.44276287202216,15.508885298869144,,
53033011001,1080391,0,Census Tract 110.01,Washington,King County,1847,394,44,73,16,38,63,60,355,193,198,83,149,139,240,97,86,55,166,81,228,98,176,82,126,117,2.4,3.91954938852463,0.9,2.04907470331636,3.4,3.16597497042594,19.2,9.61139693926579,10.7,3.8684055181636,8.1,7.32632376087341,13,4.46068233406998,4.7,2.80726695432196,9,3.94421273590679,12.3,4.60634553485707,9.5,3.94695161776071,6.8,6.16517698384949,28.69518137520303,,
53033011002,1719569,0,Census Tract 110.02,Washington,King County,2074,387,10,16,71,80,197,81,406,149,228,138,19,21,430,116,71,58,20,32,347,172,246,222,29,36,0.5,0.766191952623231,3.4,3.8040206272319,9.5,3.48016261768177,19.6,6.18627203191272,11,6.32972039491829,0.9,0.998002276212196,20.7,4.03926502645577,3.4,2.72259628483849,1,1.53238390524646,16.7,7.6830954239888,11.9,10.4726401871863,1.4,1.71605507723404,29.990356798457086,,
53033011101,1136851,0,Census Tract 111.01,Washington,King County,2845,335,13,21,54,54,165,117,491,250,535,180,90,69,607,195,89,76,153,86,464,185,131,91,53,62,0.5,0.736173458902096,1.9,1.88486234815398,5.8,4.05538011887053,17.3,8.54913480762956,18.8,5.92675779296187,3.2,2.39653139649867,21.3,6.37710917005386,3.1,2.64583455141998,5.4,2.95577493997057,16.3,6.21258643526024,4.6,3.15230608598347,1.9,2.16819365974128,22.776801405975394,,
53033011102,1303226,1143440,Census Tract 111.02,Washington,King County,2578,485,25,34,140,79,111,118,494,194,360,149,197,108,546,282,127,64,147,97,280,139,139,77,12,20,1,1.30617242838538,5.4,2.88906815221882,4.3,4.50494630631307,19.2,6.60552457849878,14,5.14809882986778,7.6,3.93490176483437,21.2,10.1872258067058,4.9,2.30306204309625,5.7,3.60644483726055,10.9,4.9896036838153,5.4,2.80929230628808,0.5,0.770836953028365,16.718386346004653,,
53033011200,2483779,139646,Census Tract 112,Washington,King County,1968,330,0,13,245,105,209,86,211,75,297,99,56,47,216,125,71,57,152,108,196,86,229,97,86,64,0,0.660569105691057,12.4,4.91003108715792,10.6,3.9906159188758,10.7,3.36026462542548,15.1,4.3476394278857,2.8,2.34006085075899,11,6.07914455817013,3.6,2.83245917105859,7.7,5.3327935636479,10,4.03822317208522,11.6,4.52620612179209,4.4,3.16840293926479,25.965447154471544,,
53033011300,3419308,42220,Census Tract 113,Washington,King County,2930,468,14,23,244,165,349,233,275,141,479,191,263,114,558,148,99,75,79,54,435,148,96,69,39,41,0.5,0.781264013251186,8.3,5.47205269682868,11.9,7.72127464341904,9.4,4.57281870528436,16.3,5.97292442445391,9,3.61699262495598,19,4.0325445866928,3.4,2.50218602429337,2.7,1.791979586691,14.8,4.45995026941023,3.3,2.2960622269625,1.3,1.38307192646759,19.453924914675767,,
53033011401,1233155,0,Census Tract 114.01,Washington,King County,2493,485,22,26,14,19,95,57,374,167,239,88,254,99,609,216,147,80,176,141,394,172,88,50,81,61,0.9,1.02869259291621,0.6,0.754262836309348,3.8,2.16287777788813,15,6.02953897304046,9.6,2.99693068195112,10.2,3.44107108445057,24.4,7.24458002042603,5.9,2.99694296333683,7.1,5.48654225540889,15.8,6.17634332262202,3.5,1.88438577031819,3.2,2.36379713777443,22.583233052547133,,
53033011402,1186191,0,Census Tract 114.02,Washington,King County,2404,336,15,23,87,47,386,206,358,163,393,178,146,91,213,87,46,44,135,76,490,176,125,71,10,12,0.6,0.952755819331204,3.6,1.88851037295916,16.1,8.26996383716922,14.9,6.45299784989217,16.3,7.04296674895179,6.1,3.68895819704729,8.9,3.40049632108682,1.9,1.81063817530295,5.6,3.06241672328335,20.4,6.74411870936089,5.2,2.8626006077172,0.4,0.495770671359202,25.998336106489184,,
53033011500,1538373,0,Census Tract 115,Washington,King County,2090,274,0,13,38,35,190,82,117,61,287,167,244,116,362,119,163,81,218,81,255,81,177,55,39,48,0,0.62200956937799,1.8,1.65759022010793,9.1,3.7380448811678,5.6,2.82488077378386,13.7,7.78498400612709,11.7,5.33503224658066,17.3,5.22138770968546,7.8,3.73829367450642,10.4,3.62633629743215,12.2,3.53011277275898,8.5,2.38589463920921,1.9,2.28358427299556,22.535885167464116,,
53033011700,3515808,0,Census Tract 117,Washington,King County,2462,475,8,15,120,80,144,80,241,89,287,114,170,107,569,153,193,184,156,80,348,160,184,97,42,54,0.3,0.606026793900792,4.9,3.1103447507613,5.8,3.04715512523136,9.8,3.08238908582187,11.7,4.04749339569608,6.9,4.136847369004,23.1,4.32868731797506,7.8,7.31896426363824,6.3,3.01066112844206,14.1,5.89891801974148,7.5,3.66655510898335,1.7,2.16850377993916,23.31437855402112,,
53033012000,1437048,0,Census Tract 120,Washington,King County,1438,221,0,13,100,58,98,47,223,115,161,78,86,53,166,79,115,92,103,55,246,97,99,48,41,32,0,0.904033379694019,7,3.88920734178041,6.8,3.09606812782094,15.5,7.6338303323445,11.2,5.1440456216001,6,3.5692313506364,11.5,5.19939396539172,8,6.27860952997207,7.2,3.66292014828052,17.1,6.21202476467273,6.9,3.16584141389615,2.9,2.18174490024928,26.842837273991655,,
53033012100,1739952,1380849,Census Tract 121,Washington,King County,941,182,24,25,41,37,83,45,72,37,103,48,35,26,205,87,34,39,99,60,162,79,79,58,4,9,2.6,2.61055060403478,4.4,3.8406211218304,8.8,4.46750584342152,7.7,3.64286943131953,10.9,4.64089343749378,3.7,2.66772504136891,21.8,8.22952840822435,3.6,4.08518574715777,10.5,6.04279335857632,17.2,7.70678015774871,8.4,5.9459302481948,0.4,0.952889146053444,26.036131774707762,,
53033000101,414848,0,Census Tract 1.01,Washington,King County,1738,262,16,27,93,76,131,101,193,103,349,141,155,77,234,94,86,62,42,54,345,194,39,44,55,56,0.9,1.54729868139628,5.4,4.29779795939158,7.5,5.69911266963216,11.1,5.68500897675094,20.1,7.52686781592396,8.9,4.22147038491452,13.5,5.01324530522624,4.9,3.48845898747886,2.4,3.08558925395652,19.9,10.7536710013884,2.2,2.50894423703246,3.2,3.18658356373693,25.25891829689298,,
53033000102,1495019,918878,Census Tract 1.02,Washington,King County,1914,335,12,20,92,96,270,183,255,112,434,224,238,137,227,172,42,44,100,70,188,114,20,32,36,42,0.6,1.03915419727622,4.8,4.94461390911975,14.1,9.23683475200605,13.3,5.36692791696069,22.7,11.0097709423298,12.4,6.81888431994172,11.9,8.74338030677237,2.2,2.26654016182312,5.2,3.54109373062553,9.8,5.70260776270806,1,1.6618579082114,1.9,2.16952294508309,12.748171368861025,,
53033000201,1806749,0,Census Tract 2.01,Washington,King County,2204,370,18,28,159,103,164,105,101,62,223,117,309,139,431,314,31,35,275,113,351,143,81,58,61,62,0.8,1.26299756198536,7.2,4.51366784733055,7.4,4.59737824793317,4.6,2.70582942879813,10.1,5.02944834984823,14,5.85107772208752,19.6,13.863428571672,1.4,1.57036893712866,12.5,4.67963706096803,15.9,5.91176786347388,3.7,2.55823310600479,2.8,2.77443050600257,22.36842105263158,,
53033000202,1480085,0,Census Tract 2.02,Washington,King County,1870,283,15,24,48,58,137,75,186,89,352,145,192,95,311,120,124,92,152,64,285,101,55,45,13,25,0.8,1.27766853811745,2.6,3.07718202402813,7.3,3.85440073755551,9.9,4.51504542375433,18.8,7.21176962860619,10.3,4.8367525352719,16.6,5.90293259223983,6.6,4.81635215267286,8.1,3.19375032966593,15.2,4.88382446594463,2.9,2.36489359583324,0.7,1.33275230588844,18.877005347593585,,
53033000403,669384,62871,Census Tract 4.03,Washington,King County,1231,246,20,35,71,56,32,39,15,23,135,95,122,101,337,153,50,49,60,47,76,68,277,147,36,42,1.6,2.82461827422828,5.8,4.40071127504389,2.6,3.12527640394889,1.2,1.85246376797147,11,7.39958401653754,9.9,7.96208769578174,27.4,11.1601369205216,4.1,3.89686698594873,4.9,3.69170139432797,6.2,5.38442234587296,22.5,11.0625006708802,2.9,3.36143561886346,31.600324939073925,,
53033000404,617482,13535,Census Tract 4.04,Washington,King County,2080,481,31,50,141,150,219,126,307,128,90,65,256,235,334,160,28,46,206,167,300,179,168,125,0,13,1.5,2.37901065879835,6.8,7.03909735676038,10.5,5.5468374886092,14.8,5.12056189099007,4.3,2.96047677169883,12.3,10.9337070769153,16.1,6.73666784694633,1.3,2.18951955327371,9.9,7.69526214202728,14.4,7.93314529228211,8.1,5.71199118818908,0,0.625,22.5,,
53033000601,1431268,0,Census Tract 6.01,Washington,King County,2145,547,88,62,17,19,277,278,316,200,211,157,117,68,409,177,150,165,131,147,347,244,70,68,12,19,4.1,2.69446139074323,0.8,0.862415492620151,12.9,12.5350062198926,14.7,8.53366805646002,9.8,6.87606293899661,5.5,2.84870664939346,19.1,6.66692072879779,7,7.48274313694188,6.1,6.67383577342894,16.2,10.6008787813682,3.3,3.05898151679694,0.6,0.874216677846394,20,,
53033000602,2355577,55191,Census Tract 6.02,Washington,King County,1732,293,31,36,102,95,171,110,138,96,338,183,212,128,350,130,119,95,42,50,73,50,135,69,21,36,1.8,2.05634993223597,5.9,5.3937526298697,9.9,6.12749038232262,8,5.37633930694219,19.5,10.0368216736899,12.2,7.09428827678397,20.2,6.68208533897583,6.9,5.36042474981668,2.4,2.85754063246477,4.2,2.79739899457092,7.8,3.75929313162047,1.2,2.06837678112326,13.221709006928407,,
53033001201,1008240,0,Census Tract 12.01,Washington,King County,1853,382,37,59,134,109,124,93,301,161,133,94,134,96,319,217,124,97,134,147,230,137,183,162,0,13,2,3.15730518939425,7.2,5.69030865447318,6.7,4.82556834163336,16.2,8.01736002484923,7.2,4.85226131919895,7.2,4.96166301178307,17.2,11.1600258455828,6.7,5.04970537110224,7.2,7.79174681167708,12.4,6.9364993160893,9.9,8.5022157329628,0,0.701565029681597,22.288181327576904,,
53033001202,821426,0,Census Tract 12.02,Washington,King County,1336,265,14,23,78,55,198,108,188,154,124,99,77,68,396,214,27,38,36,42,153,74,15,23,30,36,1,1.70896293364348,5.8,3.95052968617301,14.8,7.53038529727419,14.1,11.1839033658283,9.3,7.1778456359374,5.8,4.95977380736905,29.6,14.8999531209339,2,2.81592178714933,2.7,3.09794361166083,11.5,5.05169967764927,1.1,1.70709165219776,2.2,2.65754443673949,14.820359281437126,,
53033003201,1152079,1354300,Census Tract 32.01,Washington,King County,2010,526,22,37,134,146,141,125,430,240,84,73,20,36,487,442,115,104,170,97,164,112,223,189,20,35,1.1,1.81837528317973,6.7,7.05105702960513,7,5.94178588907079,21.4,10.5465118166774,4.2,3.46326828579865,1,1.77201542014624,24.2,21.0561277889183,5.7,4.95276553506743,8.5,4.28838891361966,8.2,5.14681261793192,11.1,8.94352962017778,1,1.72171438541201,20.248756218905474,,
53033003202,956016,0,Census Tract 32.02,Washington,King County,1933,474,0,13,282,287,16,30,204,140,177,135,153,146,294,172,85,100,263,159,295,199,164,189,0,13,0,0.672529746508019,14.6,14.4099738333848,0.8,1.53866206880296,10.6,6.76450422839422,9.2,6.61317243498788,7.9,7.29938794414015,15.2,8.0787396805736,4.4,5.05968317058305,13.6,7.51855072265723,15.3,9.59061198816845,8.5,9.55364568733895,0,0.672529746508019,23.745473357475426,,
53033003301,669207,0,Census Tract 33.01,Washington,King County,2409,405,0,13,102,68,78,56,174,127,415,127,229,130,381,142,155,99,228,119,311,151,336,246,0,13,0,0.53964300539643,4.2,2.73151827684259,3.2,2.25998357006294,7.2,5.13014057202728,17.2,4.40509779653797,9.5,5.1543555714451,15.8,5.2607955263242,6.4,3.96467064132068,9.5,4.67652596599512,12.9,5.88040499266846,13.9,9.93883681940446,0,0.53964300539643,26.857617268576174,,
53033003302,627071,0,Census Tract 33.02,Washington,King County,1985,271,8,15,43,41,71,77,147,92,419,179,100,68,485,161,124,76,69,65,439,201,80,64,0,13,0.4,0.753661683605692,2.2,2.04420864939569,3.6,3.84823405109256,7.4,4.52314246807336,21.1,8.54476325659598,5,3.35593979225107,24.4,7.39314100715485,6.2,3.73252156982239,3.5,3.23998831166272,22.1,9.66531465768262,4,3.17688538818451,0,0.654911838790932,26.146095717884133,,
53033003601,674139,0,Census Tract 36.01,Washington,King County,1390,335,17,29,38,42,199,121,215,169,139,100,233,115,372,166,83,69,0,13,56,53,38,45,0,13,1.2,2.06540433868241,2.7,2.94887341204332,14.3,7.99202445057423,15.5,11.5726855475318,10,6.77854768065934,16.8,7.21997282036245,26.8,10.050861552308,6,4.75084736729753,0,0.935251798561151,4,3.68725011521555,2.7,3.169655526535,0,0.935251798561151,6.762589928057554,,
53033003602,522326,0,Census Tract 36.02,Washington,King County,2200,333,57,66,227,158,96,81,337,185,347,133,198,150,442,153,123,81,86,56,193,95,20,28,74,57,2.6,2.97425673822051,10.3,7.00994300270344,4.4,3.62208922206888,15.3,8.08312013652968,15.8,5.55407589365018,9,6.68070477736549,20.1,6.25442406784148,5.6,3.58324274601318,3.9,2.4757295488517,8.8,4.10894760612393,0.9,1.2652667864845,3.4,2.54039254610385,13.045454545454547,,
53033004101,1601973,3290570,Census Tract 41.01,Washington,King County,1386,263,64,59,39,37,69,51,304,105,284,171,161,97,286,113,16,25,32,31,98,55,33,41,0,13,4.6,4.16570047704995,2.8,2.61561037698902,5,3.55632632985798,21.9,6.33007072427576,20.5,11.7089658000938,11.6,6.64237978529468,20.6,7.15115480281378,1.2,1.7904011668653,2.3,2.19332539829831,7.1,3.7345523335473,2.4,2.92344805028558,0,0.937950937950938,9.45165945165945,,
53033004102,1689910,2027249,Census Tract 41.02,Washington,King County,1550,265,44,44,46,38,173,93,193,93,193,91,298,165,163,78,43,55,58,43,203,114,92,106,44,68,2.8,2.7969142952869,3,2.39853353225106,11.2,5.68847028015732,12.5,5.60964417538981,12.5,5.4714138941714,19.2,10.1249759398462,10.5,4.70011798705815,2.8,3.51654557326795,3.7,2.69942020599908,13.1,7.00570964301638,5.9,6.76300075146433,2.8,4.36016915367344,21.870967741935484,,
53033004201,1244114,0,Census Tract 42.01,Washington,King County,1554,364,66,87,146,122,282,148,165,101,239,121,173,93,185,104,93,59,56,51,98,62,28,37,23,33,4.2,5.50935965467045,9.4,7.53596216854691,18.1,8.52264601870686,10.6,6.00468582730816,15.4,6.90288083149709,11.1,5.38657517501124,11.9,6.08379483012717,6,3.52839492799955,3.6,3.17144723146641,6.3,3.70617828048005,1.8,2.34324846846296,1.5,2.09506264417929,9.588159588159588,,
53033004202,1220977,0,Census Tract 42.02,Washington,King County,2253,389,0,13,83,66,132,78,439,175,228,99,419,216,420,173,61,79,136,110,180,105,142,83,13,23,0,0.577008433200178,3.7,2.85953829885399,5.9,3.31096601374075,19.5,7.00103371328501,10.1,4.03181041280776,18.6,9.0335023794185,18.6,6.97150178516859,2.7,3.47513466410869,6,4.76983951814576,8,4.45162802004648,6.3,3.51958369688195,0.6,1.01598823312285,14.869063470927651,,
53033004401,694919,0,Census Tract 44.01,Washington,King County,1908,465,0,13,107,72,155,119,290,152,208,88,281,188,361,136,148,101,145,113,166,112,47,42,0,13,0,0.681341719077568,5.6,3.517387623806,8.1,5.91431827116325,15.2,7.05289682287942,10.9,3.7700670002188,14.7,9.17626718765317,18.9,5.43549238498669,7.8,4.94443846716514,7.6,5.62538249622663,8.7,5.47369430811371,2.5,2.11781335033671,0,0.681341719077568,11.163522012578616,,
53033004402,294988,0,Census Tract 44.02,Washington,King County,1780,430,0,13,140,110,188,122,243,103,247,106,188,126,218,192,105,66,213,123,203,103,35,50,0,13,0,0.730337078651685,7.9,5.88043999616599,10.6,6.36132986135303,13.7,4.75476298410209,13.9,4.92195926852624,10.6,6.60283540748588,12.2,10.3728339724586,5.9,3.42309978276246,12,6.27640921966058,11.4,5.08858049319464,2,2.7685356920513,0,0.730337078651685,13.370786516853933,,
53033004701,571393,176916,Census Tract 47.01,Washington,King County,1621,355,23,38,212,211,128,92,177,131,233,172,29,42,296,140,303,151,88,73,106,89,24,41,2,4,1.4,2.32354626111309,13.1,12.6976335037394,7.9,5.40563561664476,10.9,7.71953202049728,14.4,10.1330413246871,1.8,2.56119923103596,18.3,7.65502617120652,18.7,8.36756378849417,5.4,4.3436237367091,6.5,5.30038184787329,1.5,2.50843341607249,0.1,0.245277424233713,8.143121529919803,,
53033004702,266414,0,Census Tract 47.02,Washington,King County,1700,391,0,13,30,48,59,72,169,142,268,246,114,97,389,178,95,77,53,61,366,172,69,76,88,98,0,0.764705882352941,1.8,2.79420433302063,3.5,4.15939138314738,9.9,8.03390804943104,15.8,14.0089578855125,6.7,5.49347256573197,22.9,9.05177707227095,5.6,4.34322345331183,3.1,3.51585824082118,21.5,8.82308383188657,4.1,4.37203408117096,5.2,5.64041962658931,30.76470588235294,,
53033004703,1188631,155567,Census Tract 47.03,Washington,King County,2346,390,21,33,47,43,126,118,157,144,189,113,269,210,318,168,386,283,262,180,439,375,132,114,0,13,0.9,1.39875628990351,2,1.80239495474702,5.4,4.94995829079215,6.7,6.03644427915442,8.1,4.6267727033189,11.5,8.7460968227671,13.6,6.7973498203931,16.5,11.7488932560739,11.2,7.44462809286674,18.7,15.6790326463198,5.6,4.76846135152655,0,0.554134697357204,24.33930093776641,,
53033004901,497144,0,Census Tract 49.01,Washington,King County,2286,373,19,31,79,80,251,118,403,170,314,183,318,131,558,176,74,61,43,41,122,83,62,65,43,65,0.8,1.34928228188278,3.5,3.45383585810711,11,4.84097882486284,17.6,6.85772848648974,13.7,7.68510991341478,13.9,5.26185531351999,24.4,6.58880356974146,3.2,2.61561930137388,1.9,1.76706963524675,5.3,3.52482563594166,2.7,2.80874617683016,1.9,2.82678138176178,9.930008748906387,,
53033004902,597604,17368,Census Tract 49.02,Washington,King County,1677,317,45,56,257,129,103,71,148,88,338,142,201,108,250,182,44,43,120,61,145,78,26,32,0,13,2.7,3.30054799575424,15.3,7.12599803208247,6.1,4.07145378304571,8.8,4.9752305316223,20.2,7.56197682149149,12,6.02838597333268,14.9,10.4804840608124,2.6,2.51568014395844,7.2,3.37660447521657,8.6,4.35453989277313,1.6,1.88552967980866,0,0.775193798449612,10.196779964221825,,
53033005201,699701,73218,Census Tract 52.01,Washington,King County,1710,391,0,13,54,60,159,127,362,282,430,188,138,87,220,113,44,68,88,77,125,90,40,54,50,76,0,0.760233918128655,3.2,3.43367118172217,9.3,7.11607990908032,21.2,15.7648295888472,25.1,9.37075987146712,8.1,4.7412876137504,12.9,5.91727860963423,2.6,3.93284307232848,5.1,4.34645742754037,7.3,4.99069844787554,2.3,3.11226897008906,2.9,4.3938690029841,12.573099415204677,,
53033005202,269234,19268,Census Tract 52.02,Washington,King County,1600,438,0,13,72,74,142,88,288,125,321,133,81,132,398,268,23,36,115,99,101,94,59,64,0,13,0,0.8125,4.5,4.45792653420567,8.9,4.9343062232976,18,6.0625819582089004,20.1,6.23974285231668,5.1,8.13276667516809,24.9,15.3033585906909,1.4,2.21532062078627,7.2,5.86632700861634,6.3,5.61511166387657,3.7,3.87053024641686,0,0.8125,10,,
53033005303,2432843,749176,Census Tract 53.03,Washington,King County,819,250,43,45,137,95,194,96,145,80,57,48,21,21,114,142,0,13,31,32,28,30,42,32,7,15,5.3,5.25557611218893,16.7,10.4151810900993,23.7,9.2257629343352,17.7,8.13679632126126,7,5.46221074057032,2.6,2.44172346622223,13.9,16.8095384770862,0,1.58730158730159,3.8,3.73246349894677,3.4,3.51119838574954,5.1,3.57991738417541,0.9,1.81282413669985,9.401709401709402,,
53033005304,73030,0,Census Tract 53.04,Washington,King County,757,178,40,39,116,83,212,77,161,91,88,57,10,19,49,37,10,14,9,13,19,28,35,41,8,17,5.3,4.99984846222302,15.3,10.3553692969113,28,7.75243279435941,21.3,10.9315152783735,11.6,7.01605165993493,1.3,2.49061268448857,6.5,4.64469239656729,1.3,1.82313373567375,1.2,1.6943980439262,2.5,3.65142374087421,4.6,5.30588192351171,1.1,2.23191595281465,8.190224570673713,,
53033005305,212967,0,Census Tract 53.05,Washington,King County,1168,294,0,13,162,94,178,68,242,131,87,64,83,72,94,84,77,74,44,44,79,85,31,38,91,125,0,1.11301369863014,13.9,7.2512644574086,15.2,4.37945480309227,20.7,9.92945401083529,7.4,5.14869883280308,7.1,5.89916469887533,8,6.90057818830073,6.6,6.11444282075001,3.8,3.64582982639705,6.8,7.07544931923168,2.7,3.1840935388517,7.8,10.5208367163579,17.208904109589042,,
53033005306,200489,0,Census Tract 53.06,Washington,King County,1241,272,0,13,103,95,300,120,98,77,253,136,106,86,168,108,0,13,142,120,35,37,35,39,1,2,0,1.04754230459307,8.3,7.43583201338283,24.2,8.08877576365787,7.9,5.95837595063902,20.4,10.0065752907186,8.5,6.67223012162218,13.5,8.18122820285847,0,1.04754230459307,11.4,9.33873185446602,2.8,2.9166820670666,2.8,3.08123276559429,0.1,0.160189682943907,5.72119258662369,,
53033005307,130030,0,Census Tract 53.07,Washington,King County,1281,415,54,40,362,425,199,87,207,97,60,37,96,99,109,67,28,33,27,28,53,40,85,97,1,2,4.2,2.80808621336129,28.3,31.8890718625408,15.5,4.56038629448399,16.2,5.47107722856007,4.7,2.45767347833271,7.5,7.3370813009896,8.5,4.44488327796569,2.2,2.47687684360587,2.1,2.07639813694553,4.1,2.82024537904248,6.6,7.26067047681289,0.1,0.154066132279945,10.850897736143637,,
53033005401,756239,615226,Census Tract 54.01,Washington,King County,1785,283,0,13,57,56,152,93,318,150,254,79,177,95,431,180,76,52,143,85,100,55,66,52,11,18,0,0.728291316526611,3.2,3.09613563505392,8.5,5.03212771416875,17.8,7.91447064910565,14.2,3.8075974879138,9.9,5.08463586654416,24.1,9.32915403421621,4.3,2.83387813627313,8,4.58939240611303,5.6,2.95044017878904,3.7,2.8535747027057,0.6,1.00365915150551,9.915966386554622,,
53033005402,463900,0,Census Tract 54.02,Washington,King County,1782,367,17,27,140,88,286,221,315,155,174,79,91,77,412,110,35,41,92,82,58,46,84,60,78,66,1,1.50235916446278,7.9,4.6656832548782,16,11.9532103149176,17.7,7.89959198646494,9.8,3.95089290327154,5.1,4.1910452736006,23.1,3.92831236731724,2,2.26494903829814,5.2,4.47704606082896,3.3,2.49281880085311,4.7,3.22401275401759,4.4,3.59232452022908,12.345679012345679,,
53033005803,832097,0,Census Tract 58.03,Washington,King County,1750,351,69,76,65,56,89,69,298,132,227,111,178,104,354,139,49,51,173,227,130,84,107,72,11,18,3.9,4.2702464553705,3.7,3.11207413275243,5.1,3.80862475550076,17,6.72528289565246,13,5.7847216410017,10.2,5.58171580585601,20.2,6.828434050823,2.8,2.85966198430685,9.9,12.8189896526931,7.4,4.56289618893385,6.1,3.92726496604435,0.6,1.02081568561127,14.17142857142857,,
53033005804,2334443,1169687,Census Tract 58.04,Washington,King County,1390,246,31,43,78,68,137,84,181,100,260,110,53,53,204,102,0,13,158,107,129,90,159,157,0,13,2.2,3.06824215069306,5.6,4.7902221960279,9.9,5.78594830776107,13,6.8151489309951,18.7,7.18801026707866,3.8,3.75276121054605,14.7,6.8630719062249,0,0.935251798561151,11.4,7.43033256032442,9.3,6.2630356765474,11.4,11.1120609297934,0,0.935251798561151,20.719424460431654,,
53033005901,778385,173882,Census Tract 59.01,Washington,King County,1778,295,59,49,227,104,223,116,269,108,243,138,238,187,161,84,83,55,139,89,112,86,6,12,18,29,3.3,2.70035010649068,12.8,5.45223030311403,12.5,6.18341296354649,15.1,5.53129505386741,13.7,7.42289531148501,13.4,10.2802676168058,9.1,4.4791574335059,4.7,2.99482963176382,7.8,4.83464656452799,6.3,4.72262946186247,0.3,0.672589209932345,1,1.62237406753,7.64904386951631,,
53033005902,1022976,0,Census Tract 59.02,Washington,King County,1760,342,33,38,88,60,232,108,252,161,345,143,161,103,215,110,23,26,16,26,263,152,36,44,96,81,1.9,2.12812713798117,5,3.26770744281341,13.2,5.57618559428979,14.3,8.71434537083494,19.6,7.17680638037533,9.1,5.57578173213165,12.2,5.78166935988313,1.3,1.45528345423571,0.9,1.46667258319411,14.9,8.13357964168533,2,2.46820144791086,5.5,4.47855885927379,22.443181818181817,,
53033006701,380256,105441,Census Tract 67.01,Washington,King County,2224,596,81,100,78,115,308,216,166,105,897,338,299,253,194,132,52,81,66,51,60,76,0,13,23,38,3.6,4.38919248334778,3.5,5.08472786604056,13.8,8.97516476282441,7.5,4.27655673308896,40.3,10.6840406629798,13.4,10.7902944647135,8.7,5.45551401472885,2.3,3.58778260224263,3,2.15084539825039,2.7,3.33991079444685,0,0.584532374100719,1,1.68600669865084,3.7320143884892083,,
53033006702,304748,0,Census Tract 67.02,Washington,King County,1234,353,39,66,0,13,163,156,223,141,388,202,93,91,161,122,0,13,30,49,108,81,29,47,0,13,3.2,5.27149493257444,0,1.05348460291734,13.2,12.0638967216573,18.1,10.1899710698219,31.4,13.6770180362319,7.5,7.05221831516384,13,9.15500777635828,0,1.05348460291734,2.4,3.90945183251685,8.8,6.06780405394356,2.4,3.74895290001602,0,1.05348460291734,11.102106969205835,,
53033006703,597133,0,Census Tract 67.03,Washington,King County,1452,423,0,13,0,13,177,133,332,185,305,170,104,97,221,148,0,13,278,310,18,40,0,13,17,30,0,0.895316804407714,0,0.895316804407714,12.2,8.44335449557081,22.9,10.8611312206625,21,9.98149646986645,7.2,6.34620862069091,15.2,9.17786700877809,0,0.895316804407714,19.1,20.6084046613233,1.2,2.73104629459211,0,0.895316804407714,1.2,2.03776805251786,2.4104683195592287,,
53033007001,358281,0,Census Tract 70.01,Washington,King County,1684,397,90,87,66,79,114,100,297,216,438,220,65,69,253,138,114,120,62,68,98,92,26,41,61,104,5.3,5.0102806787811,3.9,4.59932318293178,6.8,5.71976922205415,17.6,12.1340231070926,26,11.5357663569673,3.9,3.99506751016721,15,7.38984549535657,6.8,6.94487993852151,3.7,3.94361936102076,5.8,5.28811606387012,1.5,2.40731815633159,3.6,6.11644638113632,10.985748218527316,,
53033007002,441021,0,Census Tract 70.02,Washington,King County,2217,393,46,88,107,84,355,191,439,227,561,293,93,81,383,182,45,54,41,50,75,72,72,87,0,13,2.1,3.95225034274095,4.8,3.6910470972555,16,8.13420896384011,19.8,9.61858788641466,25.3,12.4315426252444,4.2,3.57711295835482,17.3,7.61670953309316,2,2.4090013829982,1.8,2.23134649828886,3.4,3.19178513410055,3.2,3.88176391865113,0,0.58637798827244,6.630581867388363,,
53033007101,495054,0,Census Tract 71.01,Washington,King County,1568,355,0,13,134,125,113,79,418,181,294,124,69,58,396,153,0,13,40,42,47,44,21,31,36,38,0,0.829081632653061,8.5,7.73358075937493,7.2,4.7667585088131,26.7,9.83982687571052,18.8,6.6722210633918,4.4,3.56228273538982,25.3,7.90684423480469,0,0.829081632653061,2.6,2.61556316999753,3,2.72282616346124,1.3,1.9536501734124,2.3,2.36706754656466,6.63265306122449,,
53033007102,335908,0,Census Tract 71.02,Washington,King County,1544,314,17,28,124,93,202,128,328,211,364,158,66,52,289,136,31,35,35,39,16,25,50,46,22,37,1.1,1.79959461578449,8,5.7976530398943,13.1,7.85160250682706,21.2,12.9649378227772,23.6,9.04052402849796,4.3,3.25374729831672,18.7,7.94330295299547,2,2.22976199197692,2.3,2.48348177142636,1,1.60539767042657,3.2,2.90557335809928,1.4,2.37878866367275,5.699481865284974,,
53033007201,150744,0,Census Tract 72.01,Washington,King County,2587,489,0,18,60,70,306,130,493,229,532,190,178,111,376,193,191,136,119,108,236,163,96,87,0,18,0,0.695786625434867,2.3,2.67008643271945,11.8,4.50033142005629,19.1,8.08588297162008,20.6,6.23143182072418,6.9,4.08882266636662,14.5,6.93611365589042,7.4,5.06843434016657,4.6,4.0831700702173,9.1,6.06018450263927,3.7,3.28900407355558,0,0.695786625434867,12.833397758020872,,
53033007202,280585,0,Census Tract 72.02,Washington,King County,1887,480,96,156,270,151,230,201,710,293,132,123,32,50,212,196,58,71,0,13,64,86,76,71,7,14,5.1,8.16517520243312,14.3,7.12648386895303,12.2,10.1906148958071,37.6,12.2267494214574,7,6.27070818198647,1.7,2.61435984326152,11.2,9.98597674825594,3.1,3.68045639179404,0,0.688924218335983,3.4,4.47509581066944,4,3.62042242541828,0.4,0.735893183099026,7.790143084260731,,
53033007203,579631,0,Census Tract 72.03,Washington,King County,1683,403,120,153,93,121,420,272,373,183,256,170,35,59,295,197,0,13,0,13,91,91,0,13,0,13,7.1,8.92914578597737,5.5,7.06673256041449,25,15.0163007250187,22.2,9.49041100353111,15.2,9.42146435882962,2.1,3.470096338592,17.5,10.9269094945411,0,0.77243018419489,0,0.77243018419489,5.4,5.24970980774463,0,0.77243018419489,0,0.77243018419489,5.40701128936423,,
53033007301,250787,0,Census Tract 73.01,Washington,King County,1557,295,38,60,263,156,254,167,333,171,262,165,50,60,206,116,27,32,67,100,57,57,0,13,0,13,2.4,3.82572026673745,16.9,9.49438482069132,16.3,10.2707562419877,21.4,10.2077721719089,16.8,10.1063433830793,3.2,3.80522871012823,13.2,7.0158410257623,1.7,2.02880258247053,4.3,6.37064890215306,3.7,3.59457706642627,0,0.834938985228003,0,0.834938985228003,3.6608863198458574,,
53033007302,312981,0,Census Tract 73.02,Washington,King County,2853,454,0,13,370,192,676,319,688,284,323,175,284,186,210,142,56,92,80,76,93,93,42,47,31,40,0,0.455660708026639,13,6.40551641629241,23.7,10.5262930107914,24.1,9.18503493548547,11.3,5.86335635732475,10,6.32408375472147,7.4,4.83742939543879,2,3.20951271849753,2.8,2.62622501763096,3.3,3.21818959744978,1.5,1.63064740257907,1.1,1.39133006847084,5.818436733263232,,
53033007303,313527,0,Census Tract 73.03,Washington,King County,1177,224,36,58,77,72,227,112,414,180,142,101,90,84,96,79,12,32,22,35,61,72,0,13,0,13,3.1,4.89328110223935,6.5,5.98920455788967,19.3,8.77932701689151,35.2,13.7501933845791,12.1,8.26825503122119,7.6,6.98684455289268,8.2,6.53001826449872,1,2.71184383739295,1.9,2.9523080060469,5.2,6.03720588369502,0,1.10450297366185,0,1.10450297366185,5.182667799490229,,
53033007403,118559,0,Census Tract 74.03,Washington,King County,1906,533,2,10,31,35,317,161,216,122,373,119,117,62,631,449,52,49,0,13,76,70,91,73,0,13,0.1,0.523837758804771,1.6,1.779088692955,16.6,7.05129289299276,11.3,5.56125766303201,19.6,3.00527722507652,6.1,2.76307331762554,33.1,21.6617880329748,2.7,2.45501510828157,0,0.68205666316894,4,3.49924912965163,4.8,3.58976522670034,0,0.68205666316894,8.761804826862539,,
53033007404,153725,0,Census Tract 74.04,Washington,King County,2332,379,119,194,220,135,297,130,272,132,360,133,97,64,420,148,61,51,121,89,237,238,128,118,0,13,5.1,8.2775977037312,9.4,5.58229452003056,12.7,5.17610365064132,11.7,5.3335261285286,15.4,5.12177189463944,4.2,2.65986459035139,18,5.63117960312711,2.6,2.14524685918797,5.2,3.72213781423881,10.2,10.0712909211556,5.5,4.98078140237038,0,0.55746140651801,15.65180102915952,,
53033007405,131830,0,Census Tract 74.05,Washington,King County,1844,299,0,13,171,125,200,105,215,122,420,182,122,79,283,118,15,26,149,109,81,86,84,72,104,110,0,0.704989154013015,9.3,6.60987075691459,10.8,5.41575641269915,11.7,6.34018701441459,22.8,9.15283775905526,6.6,4.147676393962,15.3,5.89544867703736,0.8,1.40379541035233,8.1,5.7640312486055,4.4,4.60906575654105,4.6,3.83405446765595,5.6,5.89477839686455,14.587852494577005,,
53033007406,150829,0,Census Tract 74.06,Washington,King County,1438,309,0,13,0,13,113,107,427,192,260,119,125,109,241,134,20,33,60,51,115,86,38,43,39,44,0,0.904033379694019,0,0.904033379694019,7.9,7.2467631489616,29.7,11.7285657730786,18.1,7.30664965219179,8.7,7.34622178526072,16.8,8.59448278377774,1.4,2.27531013675746,4.2,3.43139211032974,8,5.72831811934977,2.6,2.93585431285624,2.7,3.00379340140412,13.351877607788595,,
53033007501,298283,0,Census Tract 75.01,Washington,King County,2251,552,68,114,35,59,105,109,392,268,599,298,113,109,270,190,0,13,110,124,252,184,180,195,127,162,3,5.0099434079083,1.6,2.59317544086473,4.7,4.70524727972245,17.4,11.1135842498722,26.6,11.5185554082783,5,4.68320132948948,12,7.91160880506842,0,0.577521101732563,4.9,5.37674088369057,11.2,7.6993514357614,8,8.43796007478709,5.6,7.06256093678188,24.833407374500222,,
53033007502,315931,0,Census Tract 75.02,Washington,King County,1608,466,56,91,0,13,199,250,152,129,323,207,60,96,122,118,58,95,230,215,295,197,113,138,0,13,3.5,5.56848180382023,0,0.808457711442786,12.4,15.1279429726685,9.5,7.54018102791099,20.1,11.4817516252584,3.7,5.87140279535384,7.6,7.00116549602136,3.6,5.81475169204289,14.3,12.7118769117534,18.3,11.0375041068265,7,8.33695260686718,0,0.808457711442786,25.37313432835821,,
53033007503,187541,0,Census Tract 75.03,Washington,King County,1639,466,187,205,137,154,187,179,407,276,55,86,189,170,403,248,0,13,44,74,30,50,0,13,0,13,11.4,12.0796411950021,8.4,9.09044990389958,11.4,10.4284063638088,24.8,15.2879794553194,3.4,5.15963030167776,11.5,9.84036551642486,24.6,13.4193836987716,0,0.793166564978645,2.7,4.44996279953772,1.8,3.00592368237425,0,0.793166564978645,0,0.793166564978645,1.8303843807199511,,
53033007901,267231,0,Census Tract 79.01,Washington,King County,1623,403,0,13,150,156,318,244,145,88,280,168,254,137,139,68,56,53,85,67,196,111,0,13,0,13,0,0.800985828712261,9.2,9.33385333193902,19.6,14.2249154841701,8.9,4.94747417422377,17.3,9.42319986539643,15.7,7.49347935863765,8.6,3.60996185805997,3.5,3.15116477609012,5.2,3.9179801493886,12.1,6.14675875457668,0,0.800985828712261,0,0.800985828712261,12.076401725200245,,
53033007902,431244,0,Census Tract 79.02,Washington,King County,1933,374,102,106,127,95,52,39,233,128,209,128,139,77,485,208,160,95,53,72,133,78,139,100,101,146,5.3,5.38782464135165,6.6,4.74739489091779,2.7,1.9492967800724,12.1,6.1975433102286,10.8,6.28270145596893,7.2,3.73257347110567,25.1,9.60318258905279,8.3,4.64638327357226,2.7,3.68680876989857,6.9,3.80925707907456,7.2,4.98270605135133,5.2,7.48506443367204,19.296430419037765,,
53033008003,197152,0,Census Tract 80.03,Washington,King County,2088,592,103,114,138,173,210,202,305,156,418,230,246,196,406,210,18,32,0,13,143,161,101,91,0,13,4.9,5.27759111168094,6.6,8.07075781933281,10.1,9.24453084482089,14.6,6.2183229726029,20,9.44040374400928,11.8,8.77252127309973,19.4,8.41188046206622,0.9,1.51295128580872,0,0.622605363984674,6.8,7.46222976026803,4.8,4.13682742192719,0,0.622605363984674,11.685823754789272,,
53033008004,284626,526767,Census Tract 80.04,Washington,King County,1743,326,74,3,37,62,251,147,233,125,291,197,75,75,466,284,0,13,114,146,136,177,66,59,0,13,4.2,0.812501765756672,2.1,3.53485833310733,14.4,7.99209768512445,13.4,6.72160088524085,16.7,10.8624380440788,4.3,4.2269942750304,26.7,15.5074727764722,0,0.745840504876649,6.5,8.28655681918581,7.8,10.0494963889863,3.8,3.31005122310247,0,0.745840504876649,11.589213998852554,,
53033008101,270324,277671,Census Tract 81.01,Washington,King County,1060,209,30,36,109,84,221,93,161,79,116,67,29,35,137,93,16,25,69,38,47,52,68,73,57,69,2.8,3.35006848778491,10.3,7.66076947495931,20.8,7.75094045860074,15.2,6.82467260185313,10.9,5.94106380215416,2.7,3.25752591271177,12.9,8.39534529266799,1.5,2.33963740251155,6.5,3.34727786389283,4.4,4.82713186430637,6.4,6.76964046534131,5.4,6.42250687785807,16.22641509433962,,
53033008102,556705,91220,Census Tract 81.02,Washington,King County,997,364,19,31,80,72,257,132,96,75,142,96,38,47,62,49,0,13,191,296,80,61,32,43,0,13,1.9,3.03048295119201,8,6.60077090888733,25.8,9.31234714348977,9.6,6.65060583015469,14.2,8.10406983941014,3.8,4.50408308620258,6.2,4.35889730665795,0,1.30391173520562,19.2,28.8534302758842,8,5.37140577462053,3.2,4.15069611524706,0,1.30391173520562,11.23370110330993,,
53033008401,250921,0,Census Tract 84.01,Washington,King County,1582,248,0,13,53,55,135,90,542,258,222,127,110,122,414,136,38,44,50,54,0,13,0,13,18,19,0,0.821744627054361,3.4,3.4367147119568,8.5,5.52948285706502,34.3,15.3987285058803,14,7.72052267849532,7,7.6343351588021,26.2,7.55471421368932,2.4,2.75568170083316,3.2,3.37725095032397,0,0.821744627054361,0,0.821744627054361,1.1,1.18769273130646,1.1378002528445006,,
53033008402,145446,0,Census Tract 84.02,Washington,King County,1824,455,17,30,148,120,474,207,277,151,213,142,11,18,406,362,0,13,125,100,38,61,0,13,115,185,0.9,1.6282217580594,8.1,6.25985051162428,26,9.31505781908431,15.2,7.36088853507977,11.7,7.21955598908829,0.6,0.975308195311976,22.3,19.0539516138855,0,0.712719298245614,6.9,5.20911696909567,2.1,3.30367248059826,0,0.712719298245614,6.3,10.0198630132536,8.388157894736842,,
53033009801,1004708,0,Census Tract 98.01,Washington,King County,1477,313,72,76,19,32,93,107,155,84,269,133,82,86,256,108,110,94,63,53,287,209,58,53,13,22,4.9,5.04080125964115,1.3,2.14933499496624,6.3,7.12046893176445,10.5,5.2343634314899,18.2,8.13567919567198,5.6,5.70251181864901,17.3,6.32265842107886,7.4,6.16545424229608,4.3,3.47264187061477,19.4,13.5379040437829,3.9,3.49052794702005,0.9,1.47778126813105,24.238320920785377,,
53033009802,922319,0,Census Tract 98.02,Washington,King County,1672,391,31,47,68,55,85,55,89,78,218,114,121,73,491,246,61,44,44,64,247,119,173,161,44,51,1.9,2.77736550911439,4.1,3.14898401131624,5.1,3.06713194120451,5.3,4.49593214393909,13,6.09844749625718,7.2,4.02469453837924,29.4,13.0119266448669,3.6,2.48944046629179,2.6,3.77795753200291,14.8,6.22257520707196,10.3,9.32022471806127,2.6,2.98751456585506,27.751196172248804,,
53033010101,871622,0,Census Tract 101.01,Washington,King County,1649,347,0,13,0,13,89,62,266,114,115,71,270,156,224,114,45,39,37,37,176,85,219,105,208,187,0,0.7883565797453,0,0.7883565797453,5.4,3.58421604482196,16.1,6.02255260681996,7,4.04782650198346,16.4,8.81052924334807,13.6,6.2946409470431,2.7,2.29429560103168,2.2,2.19354310644713,10.7,4.63961164928995,13.3,5.72142946662564,12.6,11.0251947580459,36.567616737416614,,
53033010102,1623225,2170065,Census Tract 101.02,Washington,King County,2026,413,0,13,0,13,262,138,449,239,248,118,159,104,360,169,70,53,147,104,208,116,64,64,59,71,0,0.641658440276407,0,0.641658440276407,12.9,6.28064525192662,22.2,10.8973013258138,12.2,5.26267642558686,7.8,4.87760645733747,17.8,7.51406751430532,3.5,2.51939474320401,7.3,4.91556605553769,10.3,5.32936919629392,3.2,3.09260302098267,2.9,3.45379602739715,16.337611056268507,,
53033010301,1002658,0,Census Tract 103.01,Washington,King County,1728,341,27,41,18,24,114,88,220,113,257,127,99,76,512,229,45,48,132,74,132,81,172,93,0,13,1.6,2.35256478819595,1,1.3735928351007,6.6,4.92337298453983,12.7,6.03746185598,14.9,6.73808505201329,5.7,4.25035190244623,29.6,11.8926803297554,2.6,2.7298269544464,7.6,4.00832003341202,7.6,4.4384989058503,10,5.01069586310719,0,0.752314814814815,17.59259259259259,,
53033010302,632167,0,Census Tract 103.02,Washington,King County,1562,446,31,52,10,18,54,43,78,75,205,126,144,95,408,222,137,87,202,137,125,78,145,132,23,25,2,3.28048084449187,0.6,1.1377778501802,3.5,2.56981763857148,5,4.58494980672176,13.1,7.14331481540716,9.2,5.48279759831321,26.1,12.098431552651,8.8,4.97501298096891,12.9,7.95564347197852,8,4.44014380992841,9.3,8.0242651552859,1.5,1.54430312899765,18.758002560819463,,
53033010501,742016,0,Census Tract 105.01,Washington,King County,1990,341,60,96,46,63,119,118,206,172,130,87,135,97,216,159,68,79,117,84,577,237,292,150,24,39,3,4.79637452973828,2.3,3.14095178118738,6,5.84043882450846,10.4,8.45923526920132,6.5,4.22611655451492,6.8,4.73372612462499,10.9,7.77044861691423,3.4,3.92642904500246,5.9,4.09911293928126,29,10.823653622626,14.7,7.10595774616201,1.2,1.94887227560929,44.87437185929648,,
53033010502,975912,0,Census Tract 105.02,Washington,King County,2971,580,23,40,142,116,180,145,350,231,301,233,180,152,831,390,40,46,69,66,579,204,276,188,0,18,0.8,1.33783883933533,4.8,3.79128013667914,6.1,4.73502709760076,11.8,7.42724813857266,10.1,7.58898111224115,6.1,4.97752926997999,28,11.9373138431687,1.3,1.52582815100268,2.3,2.17471503977093,19.5,5.71599864408692,9.3,6.06238465601276,0,0.605856613934702,28.77818916189835,,
53033010601,1089233,0,Census Tract 106.01,Washington,King County,2081,411,46,75,138,96,184,138,180,105,328,157,150,116,341,139,166,97,162,116,243,109,143,69,0,13,2.2,3.57749695610251,6.6,4.42334200301456,8.8,6.39736745225559,8.6,4.74765473121725,15.8,6.87228443796413,7.2,5.38939152198799,16.4,5.84308748877138,8,4.38690341967462,7.8,5.35801335622352,11.7,4.70281994577235,6.9,3.02523568450606,0,0.624699663623258,18.548774627582894,,
53033010602,1505061,817134,Census Tract 106.02,Washington,King County,1828,380,112,115,93,74,88,72,162,98,251,92,39,39,211,109,134,174,109,63,466,211,107,66,56,76,6.1,6.1607516620198,5.1,3.90755134977315,4.8,3.80948214222173,8.9,5.03458161940015,13.7,4.14512688550767,2.1,2.08687309373465,11.5,5.45871613897614,7.3,9.39583339482816,6,3.21576759198387,25.5,10.2543073167757,5.9,3.39928822159428,3.1,4.10848769819401,34.40919037199125,,
53033011601,1554538,184845,Census Tract 116.01,Washington,King County,1325,258,0,13,62,78,33,41,186,100,286,90,48,53,244,103,30,36,74,59,271,133,73,57,18,23,0,0.981132075471698,4.7,5.81585507135166,2.5,3.05610141570863,14,7.0347974821829,21.6,5.33597660682953,3.6,3.93731192618011,18.4,6.89718430540228,2.3,2.68097394940389,5.6,4.31799637606109,20.5,9.21388780010551,5.5,4.16597795219082,1.4,1.71557584840495,27.32075471698113,,
53033011602,1565825,786358,Census Tract 116.02,Washington,King County,1539,329,27,39,88,54,81,65,198,170,215,167,42,51,245,164,80,69,207,96,291,131,65,57,0,13,1.8,2.50620647019213,5.7,3.28896660723024,5.3,4.07089829562419,12.9,10.6982611366048,14,10.4321438904048,2.7,3.26208194725325,15.9,10.0982410440173,5.2,4.34353461608266,13.5,5.53559261227992,18.9,7.49103330153304,4.2,3.59196622892744,0,0.844704353476283,23.131903833658217,,
53033011801,1160802,630417,Census Tract 118.01,Washington,King County,1716,321,0,13,10,16,0,13,175,108,238,140,177,154,578,151,39,43,164,99,172,129,114,96,49,77,0,0.757575757575758,0.6,0.926006529600591,0,0.757575757575758,10.2,5.99762001638435,13.9,7.73498668041723,10.3,8.76448325760075,33.7,6.14257579454105,2.3,2.46949891385664,9.6,5.48524045264839,10,7.27990086507733,6.6,5.4546316582017,2.9,4.45527318747177,19.522144522144522,,
53033011802,1139611,1037832,Census Tract 118.02,Washington,King County,2009,361,0,13,103,89,73,71,113,87,351,186,197,122,557,207,8,18,147,90,271,114,181,127,8,16,0,0.647088103534097,5.1,4.33321407250895,3.6,3.473256965711,5.6,4.21091548230111,17.5,8.70980062564596,9.8,5.81142010494166,27.7,9.01912853230676,0.4,0.893106297622434,7.3,4.28254997159527,13.5,5.1307123107664,9,6.11073844105091,0.4,0.793195179619223,22.896963663514185,,
53033011901,1682374,0,Census Tract 119.01,Washington,King County,2184,568,0,13,106,129,126,78,423,189,360,191,66,53,469,264,25,34,53,54,321,160,180,80,55,60,0,0.595238095238095,4.9,5.77014250557811,5.8,3.24096187872879,19.4,7.036784948783,16.5,7.62264348149934,3,2.2959468167082,21.5,10.7203748774269,1.1,1.52804653938934,2.4,2.39062059272686,14.7,6.24970689841694,8.2,2.97038230817567,2.5,2.66804101818757,25.457875457875456,,
53033011902,1580686,1217487,Census Tract 119.02,Washington,King County,1743,489,0,13,15,26,81,86,214,178,166,122,168,75,450,183,42,59,164,97,196,116,165,112,82,82,0,0.745840504876649,0.9,1.47201222903443,4.6,4.75865208224836,12.3,9.61384127217786,9.5,6.4693781560198,9.6,3.34708745573965,25.8,7.60058677096138,2.4,3.31677558372568,9.4,4.89922546157915,11.2,5.85994001306477,9.5,5.85117906871811,4.7,4.51559456391664,25.415949512335057,,
